ruleid,rtype,meaningful
0,deployment,True
1,deployment,True
2,deployment,False
3,deployment,False
4,principle,True
5,principle,True
6,principle,False
7,deployment,True
8,deployment,True
9,principle,False
10,deployment,True
11,principle,False
12,deployment,True
13,principle,False
14,deployment,True
15,principle,False
16,deployment,False
17,deployment,False
18,deployment,False
19,deployment,False
20,deployment,False
21,deployment,False
22,deployment,False
23,deployment,False
24,deployment,False
25,deployment,True
26,deployment,False
27,deployment,True
28,deployment,False
29,deployment,False
30,deployment,False
31,deployment,False
32,deployment,False
33,deployment,False
34,deployment,False
35,deployment,False
36,deployment,False
37,deployment,True
38,deployment,True
39,deployment,True
40,deployment,False
41,deployment,False
42,deployment,False
43,deployment,False
44,deployment,False
45,deployment,False
46,deployment,False
47,deployment,False
48,deployment,False
49,deployment,False
50,deployment,False
51,deployment,False
52,deployment,True
53,deployment,False
54,deployment,False
55,deployment,False
56,deployment,False
57,deployment,False
58,deployment,False
59,deployment,False
60,deployment,False
61,deployment,False
62,deployment,False
63,deployment,False
64,deployment,False
65,deployment,True
66,deployment,True
67,deployment,False
68,deployment,False
69,deployment,False
70,deployment,False
71,deployment,False
72,deployment,False
73,deployment,False
74,deployment,False
75,deployment,True
76,deployment,True
77,deployment,True
78,deployment,True
79,deployment,True
80,deployment,True
81,deployment,False
82,protocol,False
83,deployment,False
84,deployment,False
85,deployment,False
86,deployment,False
87,deployment,False
88,deployment,False
89,deployment,False
90,deployment,False
91,deployment,False
92,deployment,False
93,deployment,False
94,deployment,False
95,deployment,False
96,deployment,False
97,deployment,False
98,deployment,False
99,deployment,False
100,protocol,False
101,protocol,False
102,protocol,False
103,deployment,False
104,deployment,False
105,deployment,False
106,deployment,False
107,protocol,False
108,protocol,False
109,deployment,False
110,protocol,False
111,protocol,False
112,deployment,False
113,deployment,False
114,protocol,False
115,deployment,False
116,deployment,False
117,deployment,False
118,deployment,False
119,deployment,False
120,deployment,False
121,protocol,False
122,protocol,False
123,protocol,False
124,protocol,False
125,deployment,False
126,protocol,False
127,protocol,False
128,deployment,False
129,deployment,False
130,protocol,False
131,protocol,False
132,protocol,False
133,protocol,False
134,protocol,False
135,protocol,False
136,protocol,False
137,protocol,False
138,protocol,False
139,protocol,False
140,protocol,False
141,protocol,False
142,protocol,False
143,protocol,False
144,protocol,False
145,protocol,False
146,protocol,False
147,protocol,False
148,protocol,False
149,protocol,False
150,protocol,False
151,protocol,False
152,protocol,False
153,protocol,False
154,protocol,False
155,protocol,False
156,protocol,False
157,protocol,False
158,protocol,False
159,protocol,False
160,protocol,False
161,protocol,False
162,deployment,False
163,protocol,False
164,protocol,False
165,protocol,False
166,deployment,False
167,deployment,False
168,protocol,False
169,protocol,False
170,deployment,False
171,deployment,False
172,deployment,False
173,deployment,True
174,deployment,True
175,deployment,True
176,deployment,True
177,deployment,True
178,deployment,True
179,deployment,True
180,deployment,True
181,protocol,True
182,protocol,True
183,deployment,True
184,deployment,True
185,deployment,True
186,deployment,True
187,deployment,False
188,deployment,False
189,protocol,False
190,protocol,False
191,deployment,True
192,deployment,True
193,deployment,True
194,deployment,False
195,deployment,False
196,principle,True
197,deployment,False
198,deployment,True
199,protocol,True
200,deployment,True
201,protocol,True
202,deployment,True
203,protocol,True
204,deployment,True
205,protocol,True
206,protocol,True
207,deployment,False
208,deployment,False
209,deployment,False
210,protocol,False
211,deployment,False
212,protocol,False
213,protocol,False
214,deployment,True
215,deployment,True
216,deployment,True
217,deployment,True
218,deployment,True
219,deployment,True
220,protocol,True
221,deployment,True
222,deployment,True
223,deployment,True
224,deployment,True
225,deployment,True
226,deployment,False
227,protocol,False
228,deployment,False
229,protocol,False
230,deployment,True
231,deployment,False
232,deployment,True
233,deployment,True
234,deployment,True
235,deployment,True
236,deployment,True
237,deployment,True
238,deployment,True
239,deployment,True
240,deployment,True
241,deployment,False
242,deployment,True
243,deployment,True
244,deployment,True
245,deployment,True
246,deployment,True
247,deployment,True
248,deployment,True
249,deployment,True
250,deployment,True
251,deployment,True
252,protocol,True
253,deployment,True
254,deployment,True
255,deployment,True
256,deployment,True
257,deployment,True
258,deployment,True
259,deployment,True
260,protocol,False
261,protocol,False
262,protocol,False
263,protocol,False
264,protocol,False
265,protocol,False
266,protocol,False
267,protocol,False
268,protocol,False
269,protocol,False
270,protocol,False
271,protocol,False
272,protocol,False
273,protocol,False
274,protocol,False
275,protocol,False
276,protocol,False
277,protocol,False
278,protocol,False
279,protocol,False
280,protocol,False
281,protocol,False
282,protocol,False
283,protocol,False
284,protocol,False
285,protocol,False
286,protocol,False
287,protocol,False
288,protocol,False
289,protocol,False
290,protocol,False
291,protocol,False
292,protocol,False
293,protocol,False
294,protocol,False
295,protocol,False
296,protocol,False
297,principle,True
298,principle,True
299,principle,True
300,principle,True
301,principle,True
302,principle,True
303,principle,True
304,principle,True
305,principle,True
306,principle,True
307,principle,True
308,protocol,False
309,protocol,False
310,protocol,False
311,protocol,False
312,protocol,False
313,protocol,False
314,protocol,False
315,protocol,False
316,protocol,False
317,protocol,False
318,protocol,False
319,protocol,False
320,protocol,False
321,protocol,False
322,protocol,False
323,principle,True
324,principle,True
325,principle,True
326,principle,True
327,principle,True
328,principle,True
329,principle,True
330,principle,True
331,principle,True
332,principle,True
333,principle,True
334,principle,True
335,protocol,False
336,protocol,False
337,protocol,False
338,protocol,False
339,protocol,False
340,protocol,False
341,protocol,False
342,protocol,False
343,protocol,False
344,deployment,False
345,deployment,False
346,deployment,False
347,deployment,False
348,protocol,False
349,deployment,False
350,protocol,False
351,deployment,False
352,deployment,False
353,protocol,False
354,deployment,False
355,deployment,False
356,deployment,False
357,deployment,False
358,deployment,False
359,deployment,False
360,deployment,False
361,protocol,False
362,deployment,False
363,deployment,False
364,deployment,False
365,deployment,False
366,deployment,False
367,deployment,False
368,deployment,False
369,deployment,False
370,deployment,False
371,deployment,False
372,deployment,False
373,protocol,False
374,protocol,False
375,protocol,False
376,deployment,False
377,deployment,False
378,deployment,False
379,protocol,False
380,deployment,False
381,deployment,False
382,deployment,False
383,deployment,False
384,deployment,False
385,deployment,False
386,deployment,False
387,deployment,False
388,deployment,False
389,deployment,False
390,protocol,False
391,deployment,False
392,deployment,False
393,deployment,False
394,deployment,False
395,deployment,False
396,deployment,False
397,deployment,False
398,deployment,False
399,deployment,False
400,deployment,False
401,protocol,False
402,protocol,False
403,deployment,False
404,deployment,False
405,deployment,False
406,deployment,False
407,deployment,False
408,deployment,False
409,protocol,False
410,protocol,False
411,protocol,False
412,deployment,False
413,deployment,False
414,deployment,False
415,deployment,False
416,deployment,False
417,deployment,False
418,deployment,False
419,deployment,False
420,deployment,False
421,deployment,False
422,deployment,False
423,deployment,False
424,deployment,False
425,deployment,False
426,deployment,False
427,deployment,False
428,deployment,False
429,deployment,False
430,deployment,False
431,deployment,False
432,deployment,False
433,deployment,False
434,deployment,False
435,deployment,False
436,deployment,False
437,deployment,False
438,deployment,False
439,deployment,False
440,deployment,False
441,deployment,False
442,deployment,False
443,deployment,False
444,protocol,False
445,deployment,False
446,deployment,False
447,deployment,False
448,deployment,False
449,deployment,False
450,deployment,False
451,deployment,False
452,deployment,False
453,deployment,False
454,deployment,False
455,deployment,False
456,deployment,False
457,deployment,False
458,deployment,False
459,deployment,False
460,deployment,False
461,deployment,False
462,deployment,False
463,deployment,False
464,deployment,False
465,deployment,False
466,deployment,False
467,deployment,False
468,deployment,False
469,deployment,False
470,deployment,False
471,deployment,False
472,deployment,False
473,deployment,False
474,deployment,False
475,deployment,False
476,deployment,False
477,deployment,False
478,deployment,False
479,deployment,False
480,deployment,False
481,deployment,False
482,deployment,False
483,deployment,False
484,deployment,False
485,deployment,False
486,deployment,False
487,deployment,False
488,deployment,False
489,deployment,False
490,deployment,False
491,deployment,False
492,deployment,False
493,deployment,False
494,deployment,False
495,deployment,False
496,deployment,False
497,deployment,False
498,deployment,False
499,deployment,False
500,deployment,True
501,deployment,True
502,protocol,True
503,deployment,True
504,deployment,False
505,deployment,False
506,protocol,False
507,deployment,False
508,deployment,False
509,deployment,False
510,deployment,False
511,deployment,False
512,protocol,True
513,deployment,False
514,protocol,False
515,deployment,False
516,deployment,False
517,deployment,False
518,deployment,False
519,protocol,True
520,deployment,False
521,deployment,False
522,deployment,False
523,deployment,False
524,protocol,False
525,deployment,True
526,deployment,True
527,deployment,False
528,deployment,True
529,deployment,True
530,deployment,False
531,deployment,False
532,deployment,False
533,protocol,True
534,deployment,False
535,deployment,False
536,deployment,True
537,deployment,False
538,deployment,False
539,protocol,False
540,protocol,False
541,deployment,False
542,deployment,False
543,deployment,True
544,deployment,True
545,deployment,True
546,deployment,True
547,deployment,True
548,deployment,True
549,deployment,True
550,deployment,True
551,deployment,True
552,deployment,True
553,deployment,True
554,deployment,True
555,deployment,True
556,deployment,True
557,deployment,True
558,deployment,True
559,deployment,False
560,protocol,True
561,deployment,False
562,deployment,False
563,protocol,True
564,protocol,True
565,deployment,True
566,protocol,True
567,deployment,False
568,deployment,True
569,protocol,True
570,deployment,True
571,deployment,False
572,protocol,False
573,deployment,False
574,deployment,True
575,deployment,False
576,deployment,True
577,deployment,True
578,protocol,True
579,deployment,True
580,protocol,True
581,deployment,False
582,protocol,True
583,deployment,True
584,deployment,False
585,deployment,True
586,deployment,True
587,deployment,False
588,deployment,False
589,protocol,True
590,protocol,False
591,protocol,False
592,deployment,True
593,deployment,False
594,deployment,False
595,deployment,False
596,deployment,False
597,deployment,False
598,deployment,False
599,deployment,False
600,deployment,False
601,deployment,False
602,deployment,False
603,deployment,False
604,deployment,False
605,deployment,True
606,deployment,True
607,deployment,True
608,deployment,True
609,deployment,True
610,deployment,True
611,deployment,True
612,deployment,True
613,deployment,True
614,deployment,True
615,deployment,True
616,deployment,True
617,deployment,True
618,deployment,True
619,deployment,True
620,deployment,True
621,deployment,True
622,deployment,True
623,deployment,True
624,deployment,True
625,deployment,True
626,deployment,True
627,deployment,True
628,deployment,True
629,deployment,True
630,deployment,True
631,deployment,True
632,deployment,True
633,deployment,True
634,deployment,True
635,deployment,False
636,deployment,True
637,deployment,True
638,deployment,False
639,deployment,False
640,deployment,True
641,deployment,False
642,deployment,False
643,deployment,False
644,deployment,False
645,deployment,False
646,deployment,True
647,deployment,True
648,deployment,True
649,deployment,True
650,deployment,True
651,deployment,True
652,deployment,True
653,deployment,True
654,deployment,True
655,deployment,True
656,deployment,True
657,deployment,True
658,deployment,False
659,deployment,False
660,deployment,False
661,deployment,False
662,deployment,True
663,deployment,True
664,deployment,True
665,deployment,True
666,deployment,False
667,deployment,True
668,deployment,True
669,deployment,True
670,deployment,False
671,deployment,False
672,deployment,False
673,deployment,False
674,deployment,False
675,deployment,False
676,deployment,False
677,deployment,False
678,deployment,False
679,deployment,False
680,deployment,False
681,deployment,False
682,deployment,False
683,protocol,True
684,deployment,False
685,protocol,False
686,protocol,True
687,deployment,False
688,protocol,False
689,deployment,False
690,deployment,False
691,protocol,False
692,deployment,False
693,deployment,False
694,deployment,False
695,deployment,False
696,deployment,False
697,deployment,False
698,deployment,False
699,deployment,False
700,protocol,False
701,protocol,False
702,protocol,True
703,deployment,False
704,deployment,False
705,deployment,False
706,deployment,False
707,deployment,False
708,deployment,False
709,deployment,False
710,deployment,False
711,deployment,False
712,deployment,False
713,deployment,False
714,deployment,False
715,deployment,False
716,deployment,False
717,deployment,False
718,protocol,False
719,protocol,False
720,protocol,False
721,protocol,False
722,deployment,False
723,deployment,False
724,protocol,False
725,protocol,False
726,protocol,False
727,protocol,False
728,protocol,False
729,protocol,False
730,protocol,False
731,protocol,False
732,protocol,False
733,deployment,False
734,deployment,False
735,deployment,False
736,deployment,False
737,deployment,False
738,deployment,False
739,deployment,False
740,deployment,False
741,deployment,False
742,deployment,False
743,deployment,False
744,deployment,False
745,deployment,False
746,deployment,False
747,deployment,False
748,deployment,False
749,deployment,False
750,protocol,False
751,protocol,False
752,protocol,False
753,protocol,False
754,protocol,False
755,protocol,False
756,protocol,False
757,deployment,False
758,protocol,False
759,deployment,False
760,deployment,False
761,deployment,False
762,deployment,False
763,deployment,False
764,deployment,False
765,deployment,False
766,deployment,False
767,deployment,False
768,deployment,False
769,deployment,False
770,deployment,False
771,deployment,False
772,deployment,False
773,deployment,False
774,deployment,False
775,deployment,False
776,protocol,True
777,deployment,False
778,deployment,False
779,deployment,False
780,deployment,False
781,deployment,False
782,deployment,False
783,deployment,False
784,deployment,False
785,deployment,False
786,deployment,False
787,deployment,False
788,deployment,False
789,deployment,False
790,deployment,False
791,deployment,False
792,deployment,False
793,deployment,False
794,deployment,False
795,deployment,False
796,deployment,False
797,protocol,True
798,deployment,False
799,deployment,False
800,deployment,False
801,deployment,False
802,deployment,False
803,protocol,True
804,deployment,False
805,deployment,False
806,deployment,False
807,protocol,True
808,deployment,False
809,protocol,True
810,deployment,False
811,protocol,True
812,deployment,False
813,deployment,False
814,deployment,False
815,protocol,True
816,protocol,True
817,protocol,True
818,protocol,True
819,protocol,True
820,protocol,True
821,deployment,False
822,protocol,True
823,protocol,True
824,protocol,True
825,deployment,False
826,deployment,True
827,protocol,False
828,protocol,False
829,protocol,False
830,protocol,False
831,protocol,False
832,protocol,False
833,deployment,False
834,deployment,False
835,deployment,False
836,deployment,False
837,deployment,False
838,deployment,False
839,deployment,False
840,deployment,False
841,deployment,False
842,deployment,False
843,protocol,False
844,protocol,False
845,deployment,False
846,deployment,False
847,deployment,False
848,deployment,False
849,deployment,False
850,deployment,False
851,deployment,False
852,protocol,False
853,protocol,False
854,protocol,False
855,protocol,False
856,deployment,False
857,deployment,False
858,deployment,False
859,deployment,False
860,deployment,False
861,deployment,False
862,protocol,True
863,protocol,False
864,protocol,False
865,protocol,False
866,protocol,False
867,protocol,False
868,protocol,False
869,deployment,False
870,deployment,False
871,deployment,False
872,deployment,False
873,deployment,False
874,deployment,False
875,deployment,False
876,deployment,False
877,deployment,False
878,deployment,False
879,deployment,False
880,deployment,False
881,deployment,False
882,deployment,False
883,deployment,False
884,deployment,False
885,deployment,False
886,deployment,False
887,deployment,False
888,deployment,False
889,deployment,False
890,protocol,False
891,deployment,False
892,deployment,False
893,deployment,False
894,deployment,False
895,deployment,False
896,deployment,False
897,deployment,False
898,deployment,False
899,deployment,False
900,deployment,False
901,deployment,False
902,deployment,False
903,deployment,False
904,deployment,False
905,deployment,False
906,protocol,False
907,protocol,False
908,protocol,False
909,protocol,False
910,protocol,False
911,protocol,False
912,deployment,False
913,protocol,False
914,protocol,False
915,deployment,False
916,deployment,False
917,deployment,False
918,deployment,False
919,deployment,False
920,protocol,False
921,deployment,False
922,deployment,False
923,protocol,False
924,deployment,False
925,deployment,False
926,deployment,False
927,deployment,False
928,deployment,False
929,deployment,False
930,deployment,False
931,deployment,False
932,deployment,False
933,deployment,False
934,deployment,False
935,protocol,False
936,protocol,False
937,protocol,False
938,protocol,False
939,protocol,False
940,protocol,False
941,protocol,False
942,deployment,False
943,deployment,False
944,deployment,False
945,deployment,False
946,protocol,False
947,deployment,False
948,deployment,False
949,protocol,False
950,deployment,False
951,deployment,False
952,deployment,False
953,deployment,False
954,protocol,False
955,deployment,False
956,deployment,False
957,deployment,False
958,deployment,False
959,protocol,False
960,protocol,False
961,deployment,False
962,deployment,False
963,deployment,False
964,deployment,False
965,deployment,False
966,deployment,False
967,protocol,False
968,deployment,False
969,protocol,False
970,deployment,False
971,deployment,False
972,deployment,False
973,deployment,False
974,protocol,False
975,deployment,False
976,deployment,False
977,deployment,False
978,deployment,False
979,deployment,False
980,deployment,False
981,deployment,False
982,deployment,False
983,protocol,False
984,deployment,False
985,protocol,False
986,protocol,False
987,protocol,False
988,protocol,False
989,deployment,False
990,deployment,False
991,deployment,False
992,deployment,False
993,deployment,False
994,protocol,False
995,protocol,False
996,deployment,False
997,protocol,False
998,protocol,False
999,deployment,False
1000,deployment,False
1001,protocol,False
1002,deployment,False
1003,protocol,False
1004,protocol,False
1005,protocol,False
1006,protocol,False
1007,deployment,False
1008,protocol,False
1009,deployment,False
1010,protocol,False
1011,protocol,False
1012,protocol,False
1013,deployment,False
1014,protocol,False
1015,protocol,False
1016,protocol,False
1017,protocol,False
1018,deployment,False
1019,deployment,False
1020,deployment,False
1021,deployment,False
1022,deployment,False
1023,protocol,False
1024,protocol,False
1025,protocol,False
1026,protocol,False
1027,protocol,False
1028,protocol,False
1029,protocol,False
1030,protocol,False
1031,protocol,False
1032,deployment,False
1033,deployment,False
1034,protocol,False
1035,protocol,False
1036,deployment,False
1037,protocol,False
1038,deployment,False
1039,protocol,False
1040,deployment,False
1041,protocol,False
1042,protocol,False
1043,protocol,False
1044,protocol,False
1045,deployment,False
1046,protocol,False
1047,protocol,False
1048,protocol,True
1049,protocol,False
1050,protocol,True
1051,protocol,False
1052,protocol,False
1053,protocol,True
1054,protocol,False
1055,protocol,False
1056,protocol,True
1057,protocol,True
1058,protocol,False
1059,deployment,False
1060,protocol,False
1061,protocol,False
1062,protocol,True
1063,protocol,False
1064,protocol,True
1065,protocol,False
1066,protocol,False
1067,protocol,True
1068,protocol,False
1069,protocol,False
1070,protocol,True
1071,protocol,True
1072,protocol,False
1073,protocol,True
1074,protocol,True
1075,deployment,False
1076,protocol,False
1077,protocol,False
1078,protocol,True
1079,protocol,False
1080,protocol,True
1081,protocol,False
1082,protocol,True
1083,protocol,False
1084,protocol,True
1085,protocol,False
1086,protocol,True
1087,deployment,False
1088,protocol,False
1089,protocol,False
1090,protocol,True
1091,protocol,False
1092,protocol,True
1093,protocol,False
1094,protocol,False
1095,protocol,True
1096,protocol,True
1097,protocol,True
1098,protocol,False
1099,protocol,True
1100,deployment,False
1101,deployment,False
1102,deployment,False
1103,deployment,False
1104,deployment,False
1105,deployment,False
1106,deployment,False
1107,deployment,False
1108,deployment,False
1109,deployment,False
1110,deployment,False
1111,protocol,True
1112,deployment,False
1113,deployment,False
1114,deployment,False
1115,deployment,False
1116,deployment,False
1117,deployment,True
1118,deployment,False
1119,deployment,False
1120,deployment,False
1121,deployment,False
1122,deployment,False
1123,deployment,False
1124,protocol,False
1125,deployment,False
1126,protocol,False
1127,deployment,False
1128,deployment,False
1129,deployment,False
1130,deployment,False
1131,deployment,False
1132,protocol,False
1133,deployment,False
1134,deployment,False
1135,deployment,False
1136,deployment,False
1137,deployment,False
1138,deployment,False
1139,deployment,False
1140,protocol,False
1141,deployment,False
1142,protocol,False
1143,protocol,False
1144,protocol,False
1145,deployment,False
1146,deployment,False
1147,deployment,False
1148,deployment,False
1149,protocol,False
1150,deployment,False
1151,deployment,False
1152,deployment,False
1153,deployment,False
1154,deployment,False
1155,deployment,False
1156,deployment,False
1157,deployment,False
1158,deployment,False
1159,deployment,False
1160,deployment,False
1161,deployment,False
1162,deployment,False
1163,protocol,False
1164,deployment,False
1165,deployment,False
1166,deployment,False
1167,deployment,False
1168,deployment,False
1169,deployment,False
1170,deployment,False
1171,deployment,False
1172,deployment,False
1173,deployment,False
1174,deployment,False
1175,protocol,False
1176,deployment,False
1177,deployment,False
1178,deployment,False
1179,protocol,False
1180,deployment,False
1181,deployment,False
1182,deployment,False
1183,deployment,False
1184,deployment,False
1185,deployment,False
1186,protocol,False
1187,deployment,False
1188,deployment,False
1189,deployment,False
1190,deployment,False
1191,deployment,False
1192,protocol,False
1193,deployment,False
1194,deployment,False
1195,deployment,False
1196,deployment,True
1197,deployment,False
1198,deployment,False
1199,deployment,False
1200,deployment,False
1201,deployment,False
1202,deployment,True
1203,deployment,False
1204,deployment,False
1205,protocol,False
1206,protocol,False
1207,protocol,False
1208,deployment,False
1209,deployment,False
1210,deployment,False
1211,deployment,False
1212,deployment,False
1213,deployment,False
1214,deployment,False
1215,protocol,False
1216,deployment,False
1217,deployment,False
1218,deployment,False
1219,deployment,False
1220,deployment,False
1221,protocol,False
1222,deployment,False
1223,deployment,False
1224,deployment,False
1225,deployment,False
1226,deployment,True
1227,deployment,False
1228,deployment,False
1229,deployment,False
1230,deployment,True
1231,deployment,True
1232,protocol,True
1233,deployment,True
1234,deployment,True
1235,deployment,True
1236,deployment,True
1237,deployment,True
1238,deployment,True
1239,deployment,True
1240,deployment,True
1241,deployment,True
1242,deployment,True
1243,deployment,True
1244,deployment,True
1245,deployment,True
1246,deployment,True
1247,deployment,True
1248,deployment,True
1249,deployment,True
1250,protocol,False
1251,deployment,True
1252,deployment,True
1253,deployment,True
1254,deployment,True
1255,deployment,True
1256,deployment,True
1257,deployment,True
1258,deployment,True
1259,deployment,True
1260,deployment,True
1261,deployment,True
1262,protocol,True
1263,deployment,True
1264,protocol,True
1265,deployment,True
1266,protocol,True
1267,deployment,True
1268,deployment,True
1269,deployment,True
1270,deployment,True
1271,deployment,True
1272,protocol,True
1273,deployment,False
1274,protocol,False
1275,deployment,False
1276,deployment,False
1277,deployment,True
1278,deployment,True
1279,deployment,True
1280,deployment,True
1281,protocol,True
1282,deployment,True
1283,deployment,True
1284,protocol,False
1285,protocol,False
1286,protocol,False
1287,deployment,False
1288,protocol,False
1289,protocol,False
1290,deployment,False
1291,protocol,False
1292,deployment,False
1293,deployment,True
1294,deployment,False
1295,deployment,False
1296,deployment,True
1297,deployment,True
1298,deployment,True
1299,deployment,True
1300,protocol,True
1301,protocol,True
1302,deployment,False
1303,deployment,False
1304,deployment,False
1305,protocol,False
1306,protocol,False
1307,protocol,False
1308,protocol,False
1309,protocol,False
1310,protocol,False
1311,protocol,False
1312,deployment,False
1313,protocol,False
1314,protocol,False
1315,deployment,False
1316,deployment,False
1317,deployment,False
1318,protocol,False
1319,protocol,False
1320,deployment,False
1321,deployment,False
1322,deployment,False
1323,protocol,False
1324,protocol,False
1325,protocol,False
1326,protocol,False
1327,protocol,False
1328,protocol,False
1329,protocol,False
1330,protocol,False
1331,protocol,False
1332,protocol,False
1333,protocol,False
1334,protocol,False
1335,protocol,False
1336,protocol,False
1337,deployment,False
1338,deployment,False
1339,deployment,False
1340,protocol,False
1341,protocol,False
1342,protocol,False
1343,protocol,False
1344,protocol,False
1345,protocol,False
1346,protocol,False
1347,deployment,False
1348,deployment,False
1349,deployment,False
1350,deployment,False
1351,deployment,False
1352,deployment,False
1353,deployment,False
1354,deployment,False
1355,deployment,False
1356,deployment,False
1357,deployment,False
1358,deployment,False
1359,deployment,False
1360,deployment,False
1361,deployment,False
1362,deployment,False
1363,deployment,False
1364,protocol,False
1365,deployment,False
1366,deployment,False
1367,deployment,False
1368,protocol,False
1369,deployment,False
1370,deployment,False
1371,deployment,False
1372,deployment,False
1373,deployment,False
1374,deployment,False
1375,protocol,False
1376,protocol,False
1377,deployment,False
1378,deployment,False
1379,deployment,False
1380,deployment,False
1381,deployment,False
1382,deployment,False
1383,deployment,False
1384,deployment,False
1385,deployment,False
1386,deployment,False
1387,deployment,False
1388,deployment,False
1389,deployment,False
1390,deployment,False
1391,deployment,False
1392,deployment,False
1393,deployment,False
1394,deployment,False
1395,deployment,False
1396,deployment,False
1397,deployment,False
1398,deployment,False
1399,deployment,False
1400,deployment,False
1401,protocol,False
1402,deployment,False
1403,deployment,False
1404,protocol,False
1405,deployment,False
1406,deployment,False
1407,deployment,False
1408,deployment,False
1409,protocol,False
1410,deployment,False
1411,deployment,False
1412,deployment,False
1413,deployment,False
1414,protocol,False
1415,protocol,False
1416,protocol,True
1417,protocol,False
1418,protocol,False
1419,protocol,True
1420,protocol,False
1421,protocol,False
1422,protocol,True
1423,protocol,False
1424,protocol,False
1425,protocol,False
1426,protocol,False
1427,protocol,False
1428,protocol,True
1429,protocol,False
1430,protocol,True
1431,protocol,False
1432,protocol,True
1433,protocol,False
1434,protocol,False
1435,protocol,False
1436,deployment,False
1437,protocol,False
1438,protocol,True
1439,protocol,False
1440,protocol,True
1441,protocol,False
1442,protocol,False
1443,protocol,True
1444,protocol,False
1445,deployment,False
1446,protocol,False
1447,protocol,True
1448,protocol,False
1449,protocol,False
1450,protocol,False
1451,protocol,True
1452,protocol,False
1453,protocol,True
1454,protocol,False
1455,protocol,True
1456,protocol,False
1457,protocol,True
1458,protocol,False
1459,deployment,False
1460,protocol,False
1461,deployment,False
1462,deployment,False
1463,protocol,False
1464,protocol,False
1465,protocol,False
1466,protocol,False
1467,protocol,False
1468,protocol,False
1469,protocol,False
1470,protocol,False
1471,protocol,False
1472,protocol,False
1473,protocol,False
1474,protocol,False
1475,protocol,False
1476,protocol,False
1477,protocol,False
1478,protocol,False
1479,protocol,False
1480,protocol,False
1481,protocol,False
1482,protocol,False
1483,protocol,False
1484,deployment,False
1485,deployment,False
1486,deployment,False
1487,deployment,False
1488,deployment,False
1489,deployment,True
1490,deployment,True
1491,deployment,False
1492,deployment,False
1493,deployment,False
1494,deployment,True
1495,deployment,True
1496,deployment,True
1497,deployment,False
1498,deployment,False
1499,deployment,False
1500,deployment,False
1501,deployment,False
1502,deployment,False
1503,deployment,False
1504,deployment,False
1505,deployment,False
1506,deployment,False
1507,deployment,True
1508,deployment,True
1509,protocol,True
1510,deployment,True
1511,protocol,True
1512,deployment,True
1513,deployment,True
1514,deployment,True
1515,protocol,True
1516,protocol,True
1517,protocol,False
1518,protocol,False
1519,protocol,False
1520,protocol,True
1521,protocol,True
1522,deployment,True
1523,deployment,True
1524,protocol,True
1525,protocol,True
1526,protocol,False
1527,protocol,False
1528,protocol,False
1529,protocol,False
1530,protocol,False
1531,protocol,False
1532,protocol,False
1533,protocol,False
1534,protocol,False
1535,protocol,False
1536,protocol,False
1537,protocol,False
1538,protocol,False
1539,deployment,True
1540,protocol,False
1541,protocol,False
1542,protocol,False
1543,protocol,False
1544,protocol,True
1545,protocol,True
1546,protocol,False
1547,protocol,False
1548,protocol,False
1549,protocol,False
1550,protocol,False
1551,protocol,False
1552,deployment,True
1553,protocol,True
1554,deployment,True
1555,deployment,True
1556,deployment,True
1557,deployment,True
1558,deployment,True
1559,deployment,True
1560,deployment,True
1561,protocol,True
1562,protocol,True
1563,protocol,True
1564,deployment,True
1565,protocol,True
1566,protocol,True
1567,protocol,False
1568,deployment,True
1569,deployment,True
1570,protocol,True
1571,deployment,True
1572,protocol,False
1573,protocol,False
1574,deployment,True
1575,protocol,True
1576,protocol,True
1577,protocol,True
1578,protocol,True
1579,protocol,True
1580,protocol,True
1581,protocol,True
1582,protocol,True
1583,protocol,True
1584,protocol,True
1585,protocol,True
1586,protocol,True
1587,protocol,True
1588,protocol,True
1589,protocol,True
1590,protocol,True
1591,protocol,True
1592,protocol,True
1593,protocol,True
1594,deployment,True
1595,deployment,True
1596,deployment,True
1597,protocol,True
1598,protocol,True
1599,deployment,True
1600,deployment,True
1601,deployment,True
1602,protocol,True
1603,protocol,True
1604,protocol,True
1605,protocol,True
1606,protocol,True
1607,deployment,True
1608,deployment,True
1609,deployment,True
1610,protocol,True
1611,protocol,True
1612,protocol,True
1613,deployment,True
1614,deployment,True
1615,deployment,True
1616,deployment,True
1617,deployment,True
1618,deployment,True
1619,protocol,True
1620,protocol,True
1621,protocol,True
1622,protocol,True
1623,deployment,True
1624,protocol,True
1625,protocol,True
1626,protocol,True
1627,protocol,True
1628,protocol,True
1629,protocol,True
1630,protocol,True
1631,protocol,True
1632,protocol,True
1633,protocol,True
1634,protocol,True
1635,protocol,True
1636,protocol,True
1637,protocol,True
1638,deployment,True
1639,deployment,True
1640,deployment,True
1641,deployment,True
1642,protocol,True
1643,deployment,True
1644,deployment,True
1645,deployment,True
1646,deployment,True
1647,deployment,True
1648,deployment,True
1649,deployment,True
1650,deployment,True
1651,deployment,True
1652,deployment,True
1653,deployment,True
1654,deployment,True
1655,deployment,True
1656,deployment,True
1657,deployment,True
1658,deployment,True
1659,deployment,True
1660,deployment,True
1661,deployment,True
1662,deployment,True
1663,deployment,True
1664,deployment,True
1665,deployment,True
1666,deployment,True
1667,deployment,True
1668,deployment,False
1669,deployment,False
1670,deployment,False
1671,deployment,False
1672,deployment,False
1673,deployment,False
1674,protocol,True
1675,deployment,False
1676,deployment,False
1677,deployment,False
1678,deployment,False
1679,deployment,False
1680,deployment,False
1681,protocol,True
1682,protocol,True
1683,protocol,True
1684,deployment,False
1685,deployment,False
1686,deployment,False
1687,deployment,False
1688,protocol,True
1689,protocol,True
1690,protocol,True
1691,deployment,False
1692,deployment,False
1693,deployment,False
1694,deployment,False
1695,deployment,False
1696,deployment,False
1697,deployment,False
1698,protocol,True
1699,deployment,False
1700,protocol,True
1701,protocol,True
1702,deployment,False
1703,deployment,False
1704,deployment,False
1705,deployment,False
1706,deployment,False
1707,deployment,False
1708,deployment,False
1709,deployment,False
1710,deployment,False
1711,deployment,False
1712,deployment,False
1713,deployment,False
1714,deployment,False
1715,deployment,False
1716,protocol,True
1717,protocol,True
1718,deployment,False
1719,deployment,False
1720,deployment,False
1721,deployment,False
1722,protocol,True
1723,protocol,True
1724,deployment,False
1725,deployment,False
1726,protocol,True
1727,deployment,False
1728,deployment,False
1729,deployment,False
1730,deployment,False
1731,deployment,False
1732,deployment,False
1733,deployment,False
1734,deployment,False
1735,deployment,False
1736,deployment,False
1737,protocol,True
1738,protocol,True
1739,deployment,False
1740,deployment,False
1741,protocol,True
1742,protocol,True
1743,protocol,True
1744,protocol,True
1745,protocol,True
1746,deployment,False
1747,deployment,False
1748,deployment,False
1749,deployment,False
1750,deployment,False
1751,deployment,False
1752,deployment,False
1753,deployment,False
1754,deployment,False
1755,deployment,False
1756,deployment,False
1757,deployment,False
1758,deployment,False
1759,deployment,False
1760,deployment,False
1761,deployment,False
1762,deployment,False
1763,deployment,False
1764,deployment,False
1765,deployment,False
1766,deployment,False
1767,deployment,False
1768,deployment,False
1769,deployment,False
1770,deployment,False
1771,deployment,False
1772,deployment,False
1773,deployment,False
1774,protocol,True
1775,deployment,False
1776,deployment,False
1777,deployment,False
1778,protocol,True
1779,deployment,False
1780,protocol,True
1781,deployment,False
1782,protocol,True
1783,protocol,True
1784,protocol,True
1785,protocol,True
1786,protocol,True
1787,protocol,True
1788,deployment,False
1789,deployment,False
1790,deployment,False
1791,deployment,False
1792,deployment,False
1793,deployment,False
1794,deployment,False
1795,protocol,True
1796,deployment,False
1797,deployment,False
1798,deployment,False
1799,deployment,False
1800,deployment,False
1801,deployment,False
1802,protocol,True
1803,deployment,False
1804,deployment,False
1805,deployment,False
1806,deployment,False
1807,deployment,False
1808,deployment,False
1809,deployment,False
1810,deployment,False
1811,protocol,True
1812,deployment,False
1813,deployment,False
1814,protocol,True
1815,protocol,True
1816,protocol,True
1817,protocol,True
1818,protocol,True
1819,protocol,True
1820,protocol,True
1821,protocol,True
1822,protocol,True
1823,protocol,True
1824,protocol,True
1825,protocol,True
1826,protocol,True
1827,protocol,True
1828,protocol,True
1829,protocol,True
1830,protocol,True
1831,protocol,True
1832,protocol,True
1833,protocol,True
1834,protocol,True
1835,protocol,True
1836,protocol,True
1837,deployment,False
1838,deployment,False
1839,deployment,False
1840,deployment,False
1841,deployment,False
1842,deployment,False
1843,deployment,False
1844,deployment,False
1845,protocol,True
1846,deployment,False
1847,deployment,False
1848,deployment,False
1849,deployment,False
1850,deployment,False
1851,protocol,True
1852,deployment,False
1853,deployment,False
1854,deployment,False
1855,deployment,False
1856,deployment,False
1857,deployment,False
1858,protocol,True
1859,deployment,False
1860,deployment,False
1861,deployment,True
1862,protocol,True
1863,deployment,True
1864,deployment,True
1865,deployment,True
1866,deployment,True
1867,deployment,True
1868,deployment,True
1869,deployment,True
1870,deployment,True
1871,protocol,True
1872,protocol,True
1873,deployment,True
1874,deployment,True
1875,protocol,True
1876,protocol,True
1877,deployment,True
1878,deployment,True
1879,protocol,True
1880,protocol,True
1881,deployment,True
1882,protocol,True
1883,protocol,True
1884,deployment,True
1885,deployment,True
1886,protocol,True
1887,protocol,True
1888,deployment,True
1889,protocol,True
1890,protocol,True
1891,protocol,True
1892,deployment,True
1893,protocol,True
1894,protocol,True
1895,deployment,True
1896,deployment,True
1897,deployment,True
1898,protocol,True
1899,protocol,True
1900,protocol,True
1901,deployment,True
1902,protocol,True
1903,protocol,True
1904,deployment,True
1905,protocol,True
1906,protocol,True
1907,deployment,True
1908,protocol,True
1909,protocol,True
1910,protocol,True
1911,protocol,True
1912,deployment,True
1913,protocol,True
1914,protocol,True
1915,deployment,True
1916,deployment,True
1917,deployment,True
1918,deployment,True
1919,deployment,True
1920,deployment,True
1921,protocol,True
1922,protocol,True
1923,protocol,True
1924,deployment,True
1925,protocol,True
1926,protocol,True
1927,protocol,True
1928,deployment,True
1929,protocol,True
1930,protocol,False
1931,protocol,True
1932,deployment,True
1933,protocol,True
1934,protocol,True
1935,protocol,True
1936,protocol,True
1937,deployment,True
1938,deployment,True
1939,deployment,True
1940,deployment,True
1941,protocol,True
1942,protocol,False
1943,deployment,True
1944,protocol,True
1945,deployment,True
1946,protocol,True
1947,deployment,True
1948,protocol,True
1949,deployment,True
1950,protocol,True
1951,protocol,False
1952,protocol,True
1953,protocol,False
1954,protocol,True
1955,protocol,True
1956,protocol,True
1957,protocol,True
1958,deployment,True
1959,deployment,True
1960,protocol,True
1961,deployment,True
1962,protocol,True
1963,protocol,True
1964,protocol,True
1965,deployment,True
1966,protocol,False
1967,protocol,True
1968,deployment,True
1969,protocol,True
1970,deployment,True
1971,deployment,True
1972,deployment,True
1973,protocol,True
1974,protocol,True
1975,protocol,True
1976,protocol,True
1977,deployment,True
1978,deployment,False
1979,deployment,False
1980,deployment,True
1981,deployment,True
1982,deployment,False
1983,deployment,True
1984,deployment,False
1985,deployment,False
1986,deployment,True
1987,deployment,False
1988,deployment,False
1989,protocol,True
1990,protocol,False
1991,protocol,True
1992,protocol,False
1993,deployment,True
1994,deployment,True
1995,protocol,True
1996,protocol,False
1997,deployment,True
1998,deployment,False
1999,deployment,False
2000,deployment,False
2001,deployment,False
2002,deployment,False
2003,deployment,False
2004,deployment,False
2005,deployment,False
2006,deployment,False
2007,deployment,False
2008,deployment,False
2009,deployment,False
2010,deployment,False
2011,deployment,False
2012,deployment,False
2013,deployment,False
2014,deployment,False
2015,deployment,False
2016,deployment,False
2017,protocol,True
2018,protocol,False
2019,deployment,False
2020,deployment,False
2021,deployment,False
2022,protocol,False
2023,protocol,False
2024,protocol,False
2025,protocol,False
2026,protocol,False
2027,protocol,False
2028,protocol,False
2029,deployment,False
2030,deployment,False
2031,protocol,False
2032,protocol,False
2033,protocol,False
2034,deployment,False
2035,deployment,False
2036,deployment,False
2037,deployment,False
2038,deployment,False
2039,deployment,False
2040,deployment,False
2041,deployment,False
2042,deployment,False
2043,deployment,False
2044,deployment,False
2045,deployment,False
2046,deployment,False
2047,protocol,False
2048,deployment,False
2049,deployment,False
2050,deployment,False
2051,deployment,False
2052,deployment,False
2053,deployment,False
2054,deployment,False
2055,deployment,False
2056,deployment,False
2057,deployment,False
2058,deployment,False
2059,deployment,False
2060,deployment,False
2061,deployment,False
2062,deployment,False
2063,deployment,False
2064,deployment,False
2065,deployment,False
2066,deployment,False
2067,deployment,False
2068,deployment,False
2069,deployment,False
2070,deployment,False
2071,deployment,False
2072,deployment,False
2073,deployment,False
2074,deployment,False
2075,deployment,False
2076,deployment,False
2077,deployment,True
2078,deployment,False
2079,protocol,False
2080,deployment,True
2081,deployment,True
2082,deployment,True
2083,deployment,True
2084,deployment,False
2085,deployment,True
2086,deployment,True
2087,deployment,False
2088,deployment,True
2089,deployment,True
2090,deployment,True
2091,deployment,True
2092,deployment,True
2093,deployment,True
2094,protocol,True
2095,protocol,True
2096,deployment,True
2097,deployment,True
2098,protocol,True
2099,deployment,True
2100,protocol,True
2101,protocol,True
2102,protocol,True
2103,protocol,True
2104,deployment,True
2105,deployment,True
2106,deployment,True
2107,protocol,True
2108,deployment,True
2109,deployment,True
2110,deployment,True
2111,deployment,True
2112,deployment,True
2113,protocol,True
2114,protocol,True
2115,deployment,True
2116,deployment,True
2117,protocol,True
2118,protocol,True
2119,deployment,True
2120,deployment,True
2121,deployment,True
2122,protocol,True
2123,protocol,True
2124,protocol,True
2125,deployment,True
2126,deployment,True
2127,deployment,True
2128,protocol,True
2129,protocol,True
2130,deployment,True
2131,deployment,True
2132,protocol,True
2133,protocol,True
2134,protocol,True
2135,deployment,True
2136,deployment,True
2137,deployment,True
2138,deployment,True
2139,protocol,True
2140,deployment,True
2141,deployment,True
2142,protocol,True
2143,deployment,False
2144,protocol,True
2145,deployment,False
2146,deployment,False
2147,deployment,False
2148,deployment,False
2149,protocol,True
2150,protocol,True
2151,deployment,False
2152,protocol,True
2153,protocol,True
2154,deployment,True
2155,deployment,True
2156,protocol,True
2157,deployment,True
2158,protocol,False
2159,deployment,False
2160,protocol,True
2161,protocol,True
2162,deployment,False
2163,deployment,False
2164,protocol,True
2165,protocol,True
2166,protocol,True
2167,protocol,True
2168,protocol,True
2169,protocol,True
2170,protocol,True
2171,protocol,True
2172,protocol,True
2173,deployment,True
2174,protocol,True
2175,protocol,True
2176,protocol,True
2177,protocol,True
2178,protocol,True
2179,protocol,True
2180,protocol,True
2181,protocol,True
2182,protocol,True
2183,protocol,False
2184,deployment,False
2185,protocol,True
2186,protocol,True
2187,deployment,True
2188,deployment,True
2189,protocol,True
2190,protocol,True
2191,deployment,True
2192,deployment,True
2193,protocol,True
2194,protocol,True
2195,deployment,True
2196,deployment,True
2197,deployment,True
2198,deployment,True
2199,deployment,True
2200,protocol,True
2201,protocol,True
2202,protocol,False
2203,deployment,True
2204,protocol,True
2205,protocol,True
2206,protocol,True
2207,protocol,True
2208,protocol,False
2209,protocol,True
2210,protocol,False
2211,deployment,True
2212,deployment,True
2213,deployment,True
2214,deployment,True
2215,deployment,True
2216,protocol,True
2217,protocol,True
2218,protocol,True
2219,deployment,True
2220,deployment,True
2221,deployment,True
2222,deployment,True
2223,deployment,True
2224,deployment,True
2225,deployment,True
2226,deployment,True
2227,deployment,True
2228,deployment,True
2229,deployment,True
2230,deployment,True
2231,deployment,True
2232,deployment,True
2233,deployment,True
2234,deployment,True
2235,deployment,True
2236,deployment,True
2237,deployment,True
2238,deployment,True
2239,deployment,True
2240,deployment,True
2241,protocol,True
2242,protocol,True
2243,deployment,True
2244,deployment,True
2245,protocol,True
2246,deployment,True
2247,deployment,True
2248,protocol,True
2249,protocol,True
2250,deployment,True
2251,protocol,True
2252,protocol,True
2253,deployment,True
2254,protocol,True
2255,protocol,True
2256,protocol,True
2257,deployment,True
2258,deployment,True
2259,deployment,True
2260,deployment,True
2261,deployment,True
2262,deployment,True
2263,deployment,True
2264,deployment,True
2265,protocol,True
2266,deployment,True
2267,protocol,True
2268,deployment,True
2269,deployment,True
2270,deployment,True
2271,protocol,True
2272,protocol,True
2273,protocol,True
2274,protocol,True
2275,deployment,True
2276,protocol,False
2277,protocol,False
2278,protocol,False
2279,protocol,False
2280,protocol,False
2281,protocol,False
2282,protocol,False
2283,protocol,False
2284,protocol,False
2285,protocol,False
2286,protocol,False
2287,protocol,False
2288,deployment,False
2289,protocol,False
2290,protocol,False
2291,protocol,False
2292,deployment,False
2293,deployment,False
2294,deployment,False
2295,deployment,False
2296,deployment,False
2297,deployment,False
2298,protocol,False
2299,protocol,False
2300,protocol,False
2301,protocol,False
2302,protocol,False
2303,protocol,False
2304,protocol,False
2305,protocol,False
2306,protocol,False
2307,deployment,False
2308,protocol,False
2309,protocol,False
2310,protocol,False
2311,protocol,False
2312,protocol,False
2313,protocol,False
2314,protocol,False
2315,protocol,False
2316,protocol,False
2317,protocol,False
2318,protocol,False
2319,protocol,False
2320,deployment,False
2321,protocol,False
2322,protocol,False
2323,protocol,False
2324,protocol,False
2325,protocol,False
2326,deployment,False
2327,deployment,False
2328,deployment,False
2329,deployment,False
2330,protocol,False
2331,protocol,False
2332,protocol,False
2333,deployment,False
2334,deployment,False
2335,deployment,False
2336,deployment,False
2337,deployment,False
2338,deployment,False
2339,protocol,False
2340,deployment,False
2341,principle,False
2342,principle,False
2343,principle,False
2344,principle,False
2345,deployment,False
2346,deployment,False
2347,deployment,False
2348,deployment,False
2349,deployment,False
2350,deployment,False
2351,deployment,False
2352,deployment,False
2353,deployment,False
2354,deployment,False
2355,deployment,True
2356,deployment,False
2357,deployment,False
2358,deployment,False
2359,deployment,False
2360,deployment,False
2361,deployment,False
2362,deployment,True
2363,deployment,False
2364,deployment,True
2365,deployment,True
2366,deployment,False
2367,deployment,False
2368,deployment,False
2369,deployment,True
2370,deployment,True
2371,deployment,False
2372,deployment,False
2373,deployment,False
2374,deployment,False
2375,deployment,False
2376,deployment,False
2377,protocol,True
2378,deployment,True
2379,deployment,True
2380,deployment,True
2381,deployment,False
2382,deployment,False
2383,deployment,False
2384,deployment,False
2385,protocol,True
2386,protocol,True
2387,protocol,True
2388,deployment,False
2389,deployment,False
2390,protocol,True
2391,protocol,True
2392,deployment,True
2393,deployment,False
2394,deployment,False
2395,deployment,True
2396,deployment,False
2397,deployment,False
2398,deployment,False
2399,deployment,True
2400,deployment,True
2401,deployment,True
2402,deployment,True
2403,deployment,True
2404,deployment,True
2405,deployment,True
2406,deployment,True
2407,deployment,True
2408,deployment,True
2409,deployment,True
2410,deployment,False
2411,deployment,False
2412,deployment,False
2413,deployment,True
2414,deployment,True
2415,deployment,False
2416,deployment,False
2417,deployment,False
2418,deployment,True
2419,deployment,True
2420,deployment,True
2421,deployment,True
2422,deployment,True
2423,deployment,True
2424,deployment,True
2425,deployment,True
2426,deployment,True
2427,deployment,True
2428,deployment,True
2429,deployment,True
2430,deployment,True
2431,deployment,True
2432,deployment,True
2433,deployment,True
2434,deployment,True
2435,deployment,True
2436,deployment,True
2437,deployment,True
2438,deployment,True
2439,deployment,True
2440,deployment,True
2441,deployment,True
2442,deployment,False
2443,deployment,False
2444,deployment,True
2445,deployment,False
2446,deployment,False
2447,deployment,False
2448,deployment,False
2449,deployment,True
2450,deployment,False
2451,deployment,False
2452,deployment,False
2453,deployment,False
2454,protocol,False
2455,protocol,False
2456,deployment,False
2457,protocol,False
2458,deployment,False
2459,deployment,False
2460,protocol,False
2461,protocol,False
2462,protocol,False
2463,deployment,False
2464,deployment,False
2465,deployment,False
2466,deployment,False
2467,protocol,False
2468,deployment,False
2469,deployment,False
2470,deployment,False
2471,protocol,False
2472,protocol,False
2473,deployment,False
2474,deployment,False
2475,protocol,False
2476,deployment,False
2477,deployment,False
2478,deployment,False
2479,deployment,False
2480,deployment,False
2481,deployment,False
2482,protocol,False
2483,deployment,False
2484,deployment,False
2485,deployment,False
2486,deployment,False
2487,protocol,False
2488,deployment,False
2489,protocol,False
2490,deployment,False
2491,deployment,False
2492,deployment,False
2493,deployment,False
2494,deployment,False
2495,deployment,False
2496,protocol,False
2497,deployment,False
2498,deployment,False
2499,protocol,False
2500,deployment,False
2501,deployment,False
2502,deployment,False
2503,deployment,False
2504,protocol,False
2505,deployment,False
2506,deployment,False
2507,deployment,False
2508,deployment,False
2509,deployment,False
2510,deployment,False
2511,protocol,False
2512,deployment,False
2513,deployment,False
2514,protocol,False
2515,protocol,False
2516,deployment,False
2517,protocol,False
2518,deployment,False
2519,deployment,False
2520,deployment,False
2521,protocol,False
2522,deployment,False
2523,deployment,False
2524,deployment,False
2525,protocol,False
2526,deployment,False
2527,deployment,False
2528,protocol,False
2529,deployment,False
2530,deployment,False
2531,deployment,False
2532,deployment,False
2533,deployment,False
2534,deployment,False
2535,deployment,False
2536,deployment,False
2537,deployment,False
2538,deployment,False
2539,deployment,False
2540,deployment,False
2541,deployment,False
2542,deployment,False
2543,deployment,False
2544,deployment,False
2545,deployment,False
2546,deployment,False
2547,deployment,False
2548,deployment,False
2549,deployment,False
2550,deployment,False
2551,deployment,False
2552,deployment,False
2553,deployment,False
2554,deployment,False
2555,deployment,False
2556,deployment,False
2557,deployment,False
2558,deployment,False
2559,deployment,False
2560,deployment,False
2561,deployment,False
2562,deployment,False
2563,deployment,False
2564,deployment,False
2565,deployment,False
2566,deployment,False
2567,deployment,False
2568,deployment,False
2569,deployment,False
2570,deployment,False
2571,deployment,False
2572,deployment,False
2573,deployment,False
2574,deployment,False
2575,deployment,False
2576,deployment,False
2577,deployment,False
2578,deployment,False
2579,deployment,False
2580,deployment,False
2581,deployment,False
2582,deployment,False
2583,deployment,False
2584,deployment,False
2585,deployment,False
2586,deployment,False
2587,deployment,False
2588,deployment,False
2589,deployment,False
2590,deployment,False
2591,deployment,False
2592,deployment,False
2593,deployment,False
2594,deployment,False
2595,deployment,False
2596,deployment,False
2597,deployment,False
2598,deployment,False
2599,deployment,False
2600,deployment,False
2601,deployment,False
2602,deployment,False
2603,deployment,False
2604,deployment,False
2605,deployment,False
2606,deployment,False
2607,deployment,False
2608,deployment,False
2609,deployment,False
2610,deployment,False
2611,deployment,False
2612,deployment,False
2613,deployment,False
2614,deployment,False
2615,deployment,False
2616,deployment,False
2617,deployment,False
2618,deployment,False
2619,deployment,False
2620,deployment,False
2621,deployment,False
2622,deployment,False
2623,deployment,False
2624,deployment,False
2625,protocol,False
2626,protocol,False
2627,protocol,False
2628,protocol,False
2629,protocol,False
2630,protocol,False
2631,protocol,False
2632,protocol,False
2633,protocol,False
2634,protocol,False
2635,protocol,False
2636,protocol,False
2637,deployment,False
2638,deployment,False
2639,deployment,False
2640,deployment,False
2641,deployment,False
2642,deployment,False
2643,deployment,False
2644,deployment,False
2645,deployment,False
2646,deployment,False
2647,deployment,False
2648,deployment,False
2649,deployment,False
2650,deployment,False
2651,deployment,False
2652,deployment,False
2653,deployment,False
2654,deployment,False
2655,deployment,False
2656,deployment,False
2657,deployment,False
2658,deployment,False
2659,deployment,False
2660,deployment,False
2661,deployment,False
2662,deployment,False
2663,deployment,False
2664,deployment,False
2665,deployment,False
2666,deployment,False
2667,deployment,False
2668,deployment,False
2669,deployment,False
2670,deployment,False
2671,deployment,False
2672,deployment,False
2673,deployment,False
2674,deployment,False
2675,deployment,False
2676,deployment,False
2677,deployment,False
2678,deployment,False
2679,deployment,False
2680,deployment,False
2681,deployment,False
2682,deployment,False
2683,deployment,False
2684,deployment,False
2685,deployment,False
2686,deployment,False
2687,deployment,False
2688,deployment,False
2689,deployment,False
2690,deployment,False
2691,deployment,False
2692,deployment,False
2693,deployment,False
2694,deployment,False
2695,deployment,False
2696,deployment,False
2697,deployment,False
2698,deployment,False
2699,deployment,False
2700,protocol,True
2701,deployment,False
2702,deployment,False
2703,deployment,False
2704,protocol,False
2705,protocol,False
2706,deployment,False
2707,deployment,False
2708,deployment,False
2709,deployment,False
2710,protocol,False
2711,protocol,True
2712,protocol,True
2713,deployment,False
2714,protocol,False
2715,protocol,False
2716,deployment,False
2717,deployment,False
2718,protocol,False
2719,protocol,False
2720,deployment,False
2721,protocol,False
2722,protocol,False
2723,deployment,False
2724,deployment,False
2725,protocol,False
2726,protocol,False
2727,deployment,False
2728,protocol,False
2729,deployment,False
2730,protocol,False
2731,protocol,False
2732,deployment,False
2733,deployment,False
2734,protocol,False
2735,deployment,False
2736,protocol,True
2737,protocol,True
2738,protocol,True
2739,protocol,True
2740,protocol,False
2741,protocol,False
2742,deployment,False
2743,deployment,False
2744,deployment,False
2745,deployment,False
2746,deployment,False
2747,protocol,False
2748,protocol,False
2749,protocol,False
2750,protocol,False
2751,protocol,False
2752,protocol,False
2753,protocol,False
2754,protocol,False
2755,protocol,False
2756,deployment,False
2757,protocol,False
2758,protocol,False
2759,deployment,False
2760,deployment,False
2761,protocol,False
2762,deployment,False
2763,protocol,False
2764,protocol,False
2765,protocol,False
2766,protocol,False
2767,deployment,False
2768,protocol,False
2769,protocol,False
2770,protocol,False
2771,deployment,False
2772,protocol,False
2773,deployment,False
2774,protocol,False
2775,protocol,False
2776,deployment,False
2777,protocol,False
2778,deployment,False
2779,deployment,False
2780,protocol,False
2781,deployment,False
2782,protocol,False
2783,protocol,False
2784,protocol,False
2785,deployment,False
2786,protocol,False
2787,deployment,False
2788,deployment,False
2789,protocol,True
2790,deployment,False
2791,protocol,True
2792,protocol,False
2793,deployment,False
2794,protocol,False
2795,protocol,False
2796,protocol,False
2797,deployment,False
2798,deployment,False
2799,deployment,False
2800,deployment,False
2801,deployment,False
2802,protocol,False
2803,deployment,False
2804,protocol,False
2805,deployment,False
2806,deployment,False
2807,deployment,False
2808,protocol,False
2809,deployment,False
2810,protocol,False
2811,deployment,False
2812,protocol,False
2813,deployment,False
2814,deployment,False
2815,protocol,False
2816,protocol,False
2817,protocol,False
2818,deployment,False
2819,deployment,False
2820,protocol,False
2821,deployment,False
2822,protocol,False
2823,deployment,False
2824,protocol,False
2825,deployment,False
2826,protocol,False
2827,deployment,False
2828,deployment,False
2829,deployment,False
2830,deployment,False
2831,deployment,False
2832,deployment,False
2833,deployment,False
2834,deployment,False
2835,deployment,False
2836,deployment,False
2837,deployment,False
2838,deployment,False
2839,deployment,False
2840,deployment,False
2841,deployment,False
2842,deployment,False
2843,deployment,False
2844,deployment,False
2845,deployment,False
2846,deployment,False
2847,deployment,False
2848,deployment,False
2849,deployment,False
2850,deployment,False
2851,protocol,False
2852,deployment,False
2853,deployment,False
2854,deployment,False
2855,protocol,False
2856,deployment,False
2857,deployment,False
2858,deployment,False
2859,protocol,False
2860,protocol,False
2861,deployment,False
2862,deployment,False
2863,deployment,False
2864,deployment,False
2865,deployment,False
2866,deployment,False
2867,deployment,False
2868,deployment,False
2869,deployment,False
2870,deployment,False
2871,deployment,False
2872,protocol,False
2873,deployment,False
2874,protocol,False
2875,protocol,False
2876,protocol,False
2877,deployment,True
2878,deployment,False
2879,deployment,True
2880,deployment,True
2881,deployment,True
2882,deployment,True
2883,deployment,True
2884,deployment,True
2885,deployment,True
2886,deployment,True
2887,deployment,True
2888,deployment,True
2889,deployment,True
2890,deployment,True
2891,deployment,True
2892,deployment,True
2893,deployment,True
2894,deployment,True
2895,deployment,True
2896,deployment,True
2897,deployment,True
2898,deployment,True
2899,deployment,True
2900,protocol,False
2901,deployment,True
2902,protocol,False
2903,protocol,False
2904,deployment,True
2905,protocol,False
2906,protocol,False
2907,protocol,False
2908,deployment,True
2909,deployment,True
2910,deployment,True
2911,deployment,True
2912,deployment,True
2913,deployment,True
2914,deployment,True
2915,deployment,True
2916,deployment,True
2917,deployment,True
2918,deployment,True
2919,deployment,True
2920,deployment,True
2921,deployment,True
2922,deployment,True
2923,deployment,True
2924,deployment,True
2925,deployment,True
2926,deployment,True
2927,deployment,True
2928,deployment,True
2929,deployment,True
2930,deployment,True
2931,deployment,True
2932,deployment,True
2933,deployment,True
2934,deployment,True
2935,protocol,False
2936,protocol,False
2937,deployment,True
2938,deployment,True
2939,deployment,True
2940,deployment,True
2941,deployment,True
2942,deployment,True
2943,deployment,True
2944,deployment,True
2945,protocol,False
2946,protocol,False
2947,protocol,False
2948,deployment,True
2949,deployment,True
2950,deployment,True
2951,deployment,True
2952,deployment,True
2953,deployment,True
2954,protocol,False
2955,deployment,True
2956,deployment,True
2957,protocol,False
2958,protocol,False
2959,protocol,False
2960,protocol,False
2961,protocol,True
2962,protocol,False
2963,protocol,True
2964,protocol,False
2965,deployment,False
2966,deployment,False
2967,deployment,False
2968,deployment,False
2969,deployment,False
2970,deployment,False
2971,deployment,False
2972,protocol,True
2973,protocol,True
2974,protocol,True
2975,deployment,False
2976,protocol,True
2977,protocol,False
2978,deployment,False
2979,protocol,True
2980,deployment,False
2981,deployment,False
2982,deployment,False
2983,deployment,False
2984,deployment,False
2985,deployment,False
2986,deployment,False
2987,protocol,True
2988,protocol,True
2989,deployment,False
2990,protocol,True
2991,protocol,True
2992,deployment,False
2993,protocol,False
2994,deployment,False
2995,deployment,False
2996,deployment,False
2997,protocol,False
2998,protocol,True
2999,protocol,True
3000,protocol,False
3001,protocol,True
3002,deployment,False
3003,deployment,False
3004,deployment,False
3005,protocol,True
3006,deployment,False
3007,protocol,False
3008,protocol,True
3009,deployment,False
3010,protocol,True
3011,protocol,True
3012,protocol,True
3013,protocol,False
3014,protocol,False
3015,protocol,True
3016,deployment,False
3017,protocol,False
3018,deployment,False
3019,protocol,False
3020,deployment,False
3021,protocol,True
3022,protocol,True
3023,deployment,False
3024,deployment,False
3025,deployment,False
3026,protocol,False
3027,protocol,True
3028,deployment,False
3029,deployment,False
3030,deployment,False
3031,protocol,True
3032,protocol,True
3033,deployment,False
3034,deployment,False
3035,deployment,False
3036,deployment,False
3037,protocol,True
3038,deployment,False
3039,deployment,False
3040,deployment,False
3041,protocol,False
3042,deployment,False
3043,deployment,False
3044,deployment,False
3045,deployment,False
3046,deployment,False
3047,protocol,True
3048,protocol,False
3049,deployment,False
3050,deployment,False
3051,protocol,False
3052,protocol,False
3053,deployment,False
3054,protocol,False
3055,deployment,False
3056,deployment,False
3057,deployment,False
3058,deployment,False
3059,protocol,False
3060,protocol,False
3061,protocol,False
3062,protocol,False
3063,deployment,False
3064,protocol,False
3065,deployment,False
3066,protocol,False
3067,protocol,False
3068,protocol,False
3069,protocol,False
3070,deployment,False
3071,deployment,False
3072,deployment,False
3073,deployment,False
3074,deployment,False
3075,deployment,False
3076,deployment,False
3077,deployment,False
3078,deployment,False
3079,deployment,False
3080,deployment,False
3081,deployment,False
3082,deployment,False
3083,deployment,False
3084,deployment,False
3085,deployment,False
3086,deployment,False
3087,deployment,False
3088,deployment,False
3089,deployment,False
3090,protocol,False
3091,deployment,False
3092,protocol,False
3093,protocol,False
3094,protocol,False
3095,protocol,False
3096,deployment,False
3097,deployment,False
3098,deployment,False
3099,deployment,False
3100,protocol,False
3101,deployment,False
3102,deployment,False
3103,protocol,False
3104,protocol,False
3105,protocol,False
3106,protocol,False
3107,protocol,False
3108,deployment,False
3109,deployment,False
3110,deployment,False
3111,deployment,False
3112,deployment,False
3113,deployment,False
3114,deployment,False
3115,deployment,False
3116,protocol,False
3117,protocol,False
3118,deployment,False
3119,deployment,False
3120,principle,True
3121,principle,True
3122,deployment,False
3123,protocol,False
3124,protocol,False
3125,protocol,False
3126,deployment,False
3127,deployment,False
3128,deployment,False
3129,deployment,False
3130,deployment,False
3131,deployment,False
3132,deployment,False
3133,deployment,False
3134,deployment,False
3135,deployment,False
3136,deployment,False
3137,deployment,False
3138,deployment,False
3139,deployment,False
3140,deployment,False
3141,deployment,False
3142,deployment,False
3143,deployment,False
3144,deployment,False
3145,deployment,False
3146,deployment,False
3147,deployment,False
3148,deployment,False
3149,deployment,False
3150,deployment,False
3151,deployment,False
3152,deployment,False
3153,deployment,False
3154,deployment,False
3155,deployment,False
3156,deployment,False
3157,deployment,False
3158,deployment,False
3159,deployment,False
3160,protocol,False
3161,protocol,False
3162,deployment,False
3163,deployment,False
3164,deployment,False
3165,deployment,False
3166,protocol,False
3167,protocol,False
3168,protocol,False
3169,protocol,False
3170,protocol,False
3171,deployment,False
3172,protocol,False
3173,protocol,True
3174,protocol,True
3175,protocol,True
3176,protocol,True
3177,protocol,True
3178,protocol,False
3179,protocol,True
3180,deployment,True
3181,deployment,True
3182,protocol,True
3183,protocol,True
3184,protocol,True
3185,protocol,True
3186,protocol,True
3187,protocol,True
3188,protocol,True
3189,protocol,True
3190,protocol,True
3191,protocol,True
3192,protocol,True
3193,protocol,True
3194,protocol,True
3195,protocol,True
3196,protocol,False
3197,protocol,False
3198,protocol,True
3199,protocol,True
3200,protocol,True
3201,protocol,False
3202,protocol,False
3203,protocol,False
3204,protocol,False
3205,protocol,False
3206,protocol,False
3207,protocol,False
3208,protocol,True
3209,protocol,True
3210,protocol,True
3211,protocol,True
3212,protocol,True
3213,protocol,True
3214,deployment,True
3215,deployment,True
3216,deployment,True
3217,deployment,True
3218,deployment,True
3219,deployment,True
3220,protocol,True
3221,protocol,True
3222,protocol,True
3223,protocol,True
3224,protocol,True
3225,protocol,True
3226,protocol,True
3227,protocol,True
3228,deployment,True
3229,protocol,True
3230,deployment,True
3231,deployment,True
3232,deployment,True
3233,deployment,True
3234,deployment,True
3235,deployment,True
3236,deployment,True
3237,deployment,True
3238,deployment,True
3239,deployment,True
3240,deployment,True
3241,deployment,True
3242,deployment,True
3243,deployment,True
3244,deployment,True
3245,deployment,True
3246,deployment,True
3247,deployment,True
3248,deployment,True
3249,deployment,True
3250,deployment,True
3251,deployment,True
3252,deployment,True
3253,deployment,True
3254,deployment,True
3255,deployment,True
3256,deployment,False
3257,deployment,False
3258,deployment,True
3259,deployment,True
3260,deployment,True
3261,deployment,True
3262,deployment,True
3263,deployment,True
3264,deployment,True
3265,deployment,True
3266,deployment,True
3267,deployment,True
3268,deployment,True
3269,deployment,True
3270,deployment,True
3271,deployment,True
3272,deployment,True
3273,deployment,False
3274,deployment,True
3275,deployment,True
3276,deployment,True
3277,deployment,True
3278,deployment,True
3279,deployment,True
3280,deployment,True
3281,deployment,True
3282,deployment,True
3283,deployment,True
3284,deployment,True
3285,deployment,True
3286,deployment,True
3287,deployment,False
3288,deployment,True
3289,deployment,False
3290,deployment,True
3291,deployment,True
3292,deployment,True
3293,deployment,True
3294,deployment,True
3295,deployment,True
3296,deployment,True
3297,deployment,True
3298,deployment,False
3299,deployment,True
3300,deployment,True
3301,deployment,True
3302,deployment,False
3303,deployment,True
3304,deployment,True
3305,deployment,True
3306,deployment,True
3307,deployment,True
3308,deployment,False
3309,deployment,True
3310,deployment,True
3311,deployment,True
3312,deployment,True
3313,deployment,True
3314,deployment,False
3315,deployment,False
3316,deployment,True
3317,deployment,True
3318,deployment,False
3319,deployment,True
3320,deployment,True
3321,deployment,True
3322,deployment,True
3323,deployment,True
3324,deployment,True
3325,deployment,True
3326,deployment,True
3327,deployment,True
3328,deployment,True
3329,deployment,True
3330,deployment,True
3331,deployment,True
3332,deployment,True
3333,deployment,True
3334,deployment,True
3335,deployment,True
3336,deployment,True
3337,deployment,True
3338,deployment,True
3339,deployment,True
3340,deployment,True
3341,deployment,True
3342,deployment,True
3343,deployment,True
3344,deployment,True
3345,deployment,True
3346,deployment,True
3347,deployment,True
3348,deployment,True
3349,deployment,True
3350,deployment,True
3351,deployment,True
3352,deployment,True
3353,deployment,True
3354,deployment,False
3355,deployment,False
3356,deployment,False
3357,deployment,False
3358,deployment,True
3359,deployment,True
3360,deployment,True
3361,deployment,True
3362,deployment,True
3363,deployment,True
3364,protocol,False
3365,deployment,True
3366,protocol,True
3367,deployment,True
3368,deployment,True
3369,deployment,True
3370,deployment,False
3371,deployment,True
3372,deployment,True
3373,deployment,True
3374,deployment,True
3375,deployment,True
3376,deployment,True
3377,deployment,True
3378,deployment,True
3379,deployment,True
3380,deployment,True
3381,deployment,True
3382,deployment,True
3383,deployment,True
3384,deployment,True
3385,protocol,True
3386,protocol,True
3387,deployment,True
3388,deployment,True
3389,deployment,True
3390,deployment,True
3391,deployment,True
3392,deployment,True
3393,deployment,False
3394,deployment,False
3395,deployment,False
3396,deployment,True
3397,deployment,True
3398,deployment,True
3399,deployment,True
3400,deployment,True
3401,deployment,True
3402,deployment,True
3403,deployment,True
3404,deployment,True
3405,deployment,True
3406,deployment,True
3407,deployment,True
3408,deployment,True
3409,deployment,True
3410,deployment,True
3411,deployment,True
3412,deployment,True
3413,deployment,True
3414,deployment,True
3415,deployment,True
3416,deployment,True
3417,deployment,True
3418,deployment,True
3419,protocol,True
3420,deployment,True
3421,deployment,True
3422,deployment,True
3423,deployment,True
3424,deployment,True
3425,deployment,True
3426,deployment,True
3427,deployment,True
3428,deployment,True
3429,deployment,True
3430,deployment,True
3431,deployment,True
3432,deployment,True
3433,deployment,True
3434,deployment,True
3435,deployment,True
3436,protocol,True
3437,deployment,True
3438,deployment,False
3439,deployment,False
3440,deployment,False
3441,deployment,False
3442,deployment,False
3443,deployment,False
3444,deployment,False
3445,deployment,False
3446,deployment,False
3447,deployment,False
3448,deployment,False
3449,deployment,False
3450,deployment,False
3451,deployment,False
3452,deployment,False
3453,deployment,False
3454,deployment,False
3455,deployment,False
3456,deployment,False
3457,deployment,False
3458,deployment,False
3459,deployment,False
3460,deployment,False
3461,deployment,False
3462,deployment,False
3463,deployment,False
3464,deployment,False
3465,deployment,False
3466,deployment,False
3467,deployment,False
3468,deployment,False
3469,deployment,False
3470,deployment,False
3471,deployment,False
3472,deployment,False
3473,deployment,False
3474,deployment,False
3475,deployment,False
3476,deployment,False
3477,deployment,False
3478,deployment,False
3479,deployment,False
3480,deployment,False
3481,deployment,False
3482,deployment,False
3483,deployment,False
3484,deployment,False
3485,deployment,False
3486,deployment,False
3487,deployment,False
3488,deployment,False
3489,deployment,False
3490,deployment,False
3491,deployment,False
3492,deployment,False
3493,deployment,False
3494,deployment,False
3495,deployment,False
3496,deployment,False
3497,deployment,False
3498,deployment,False
3499,deployment,False
3500,deployment,False
3501,deployment,False
3502,deployment,False
3503,deployment,False
3504,deployment,False
3505,deployment,False
3506,deployment,False
3507,deployment,False
3508,deployment,False
3509,deployment,False
3510,deployment,False
3511,deployment,False
3512,deployment,False
3513,deployment,False
3514,deployment,False
3515,deployment,False
3516,deployment,False
3517,deployment,False
3518,deployment,False
3519,deployment,False
3520,deployment,False
3521,deployment,False
3522,deployment,False
3523,deployment,False
3524,deployment,True
3525,deployment,True
3526,deployment,True
3527,protocol,True
3528,protocol,True
3529,protocol,True
3530,protocol,True
3531,deployment,True
3532,deployment,False
3533,deployment,True
3534,protocol,True
3535,protocol,True
3536,deployment,True
3537,protocol,True
3538,protocol,True
3539,protocol,True
3540,protocol,True
3541,protocol,True
3542,protocol,True
3543,protocol,True
3544,protocol,True
3545,protocol,True
3546,deployment,True
3547,deployment,True
3548,deployment,True
3549,deployment,True
3550,protocol,True
3551,protocol,True
3552,deployment,True
3553,deployment,True
3554,protocol,True
3555,deployment,True
3556,deployment,True
3557,protocol,True
3558,deployment,True
3559,protocol,True
3560,protocol,True
3561,protocol,True
3562,protocol,True
3563,deployment,True
3564,deployment,True
3565,deployment,True
3566,deployment,True
3567,deployment,True
3568,deployment,True
3569,deployment,True
3570,deployment,True
3571,deployment,True
3572,deployment,True
3573,deployment,True
3574,deployment,True
3575,deployment,True
3576,protocol,True
3577,protocol,True
3578,deployment,True
3579,deployment,True
3580,deployment,True
3581,deployment,True
3582,deployment,True
3583,deployment,True
3584,protocol,True
3585,protocol,True
3586,deployment,True
3587,deployment,True
3588,deployment,True
3589,deployment,True
3590,deployment,True
3591,deployment,True
3592,deployment,True
3593,deployment,True
3594,deployment,True
3595,deployment,True
3596,deployment,True
3597,deployment,True
3598,deployment,True
3599,deployment,True
3600,deployment,True
3601,deployment,True
3602,deployment,True
3603,deployment,True
3604,deployment,True
3605,deployment,True
3606,deployment,True
3607,deployment,True
3608,deployment,True
3609,deployment,True
3610,deployment,True
3611,protocol,True
3612,protocol,True
3613,protocol,True
3614,protocol,True
3615,deployment,True
3616,deployment,True
3617,deployment,True
3618,deployment,True
3619,deployment,True
3620,deployment,True
3621,protocol,True
3622,protocol,True
3623,protocol,False
3624,protocol,False
3625,protocol,False
3626,protocol,False
3627,deployment,False
3628,deployment,False
3629,protocol,False
3630,protocol,False
3631,deployment,False
3632,deployment,False
3633,deployment,False
3634,deployment,False
3635,deployment,False
3636,protocol,False
3637,deployment,False
3638,deployment,False
3639,deployment,False
3640,deployment,False
3641,deployment,False
3642,protocol,False
3643,deployment,False
3644,deployment,False
3645,deployment,False
3646,deployment,False
3647,deployment,False
3648,protocol,False
3649,deployment,False
3650,deployment,False
3651,deployment,False
3652,protocol,False
3653,deployment,False
3654,protocol,False
3655,deployment,False
3656,deployment,False
3657,protocol,False
3658,deployment,False
3659,deployment,False
3660,deployment,False
3661,deployment,False
3662,protocol,False
3663,deployment,False
3664,deployment,False
3665,deployment,False
3666,deployment,False
3667,deployment,False
3668,deployment,False
3669,deployment,False
3670,deployment,False
3671,deployment,False
3672,deployment,False
3673,deployment,False
3674,deployment,False
3675,deployment,False
3676,protocol,False
3677,deployment,False
3678,protocol,False
3679,deployment,False
3680,deployment,False
3681,protocol,False
3682,deployment,False
3683,deployment,False
3684,protocol,False
3685,deployment,False
3686,protocol,False
3687,deployment,False
3688,deployment,False
3689,deployment,False
3690,deployment,False
3691,protocol,False
3692,deployment,False
3693,deployment,False
3694,protocol,False
3695,deployment,False
3696,deployment,False
3697,deployment,False
3698,deployment,False
3699,deployment,False
3700,protocol,False
3701,deployment,False
3702,deployment,False
3703,protocol,False
3704,deployment,False
3705,protocol,False
3706,deployment,False
3707,deployment,False
3708,protocol,False
3709,deployment,False
3710,deployment,False
3711,deployment,True
3712,deployment,True
3713,deployment,True
3714,deployment,True
3715,deployment,True
3716,deployment,True
3717,deployment,False
3718,deployment,False
3719,deployment,False
3720,deployment,True
3721,deployment,True
3722,deployment,True
3723,deployment,True
3724,deployment,True
3725,deployment,True
3726,deployment,True
3727,deployment,True
3728,deployment,True
3729,deployment,True
3730,deployment,True
3731,deployment,True
3732,deployment,True
3733,deployment,True
3734,deployment,True
3735,deployment,True
3736,deployment,True
3737,deployment,True
3738,deployment,True
3739,deployment,True
3740,deployment,True
3741,deployment,True
3742,deployment,True
3743,deployment,True
3744,deployment,True
3745,deployment,True
3746,deployment,True
3747,deployment,True
3748,deployment,True
3749,deployment,True
3750,deployment,True
3751,deployment,True
3752,deployment,True
3753,deployment,True
3754,deployment,True
3755,deployment,True
3756,deployment,True
3757,deployment,True
3758,deployment,True
3759,deployment,True
3760,deployment,True
3761,deployment,True
3762,deployment,True
3763,deployment,True
3764,deployment,False
3765,deployment,True
3766,deployment,False
3767,deployment,False
3768,deployment,True
3769,deployment,False
3770,deployment,False
3771,deployment,True
3772,deployment,True
3773,deployment,True
3774,deployment,True
3775,deployment,True
3776,deployment,True
3777,deployment,True
3778,deployment,True
3779,deployment,True
3780,deployment,True
3781,deployment,True
3782,deployment,True
3783,deployment,True
3784,deployment,False
3785,deployment,False
3786,deployment,True
3787,deployment,True
3788,deployment,True
3789,deployment,True
3790,deployment,True
3791,deployment,True
3792,deployment,True
3793,deployment,True
3794,deployment,True
3795,deployment,True
3796,deployment,True
3797,deployment,True
3798,deployment,True
3799,deployment,False
3800,deployment,False
3801,deployment,True
3802,deployment,True
3803,deployment,True
3804,protocol,True
3805,deployment,False
3806,deployment,False
3807,deployment,False
3808,deployment,False
3809,deployment,False
3810,deployment,False
3811,deployment,False
3812,deployment,False
3813,deployment,False
3814,deployment,False
3815,deployment,False
3816,deployment,False
3817,deployment,False
3818,deployment,False
3819,deployment,False
3820,deployment,False
3821,deployment,False
3822,deployment,False
3823,deployment,False
3824,deployment,False
3825,protocol,True
3826,deployment,False
3827,deployment,False
3828,deployment,False
3829,deployment,False
3830,deployment,False
3831,protocol,True
3832,protocol,True
3833,deployment,False
3834,deployment,False
3835,deployment,False
3836,deployment,False
3837,deployment,False
3838,deployment,False
3839,deployment,False
3840,deployment,False
3841,deployment,False
3842,deployment,False
3843,deployment,False
3844,protocol,True
3845,deployment,False
3846,deployment,False
3847,deployment,False
3848,deployment,False
3849,deployment,False
3850,deployment,False
3851,deployment,False
3852,deployment,False
3853,deployment,False
3854,deployment,False
3855,deployment,False
3856,deployment,False
3857,deployment,False
3858,deployment,False
3859,deployment,False
3860,deployment,False
3861,deployment,False
3862,deployment,False
3863,deployment,False
3864,deployment,False
3865,deployment,False
3866,deployment,False
3867,deployment,False
3868,deployment,False
3869,deployment,False
3870,deployment,False
3871,deployment,False
3872,deployment,False
3873,protocol,True
3874,deployment,False
3875,deployment,False
3876,protocol,True
3877,protocol,True
3878,protocol,True
3879,deployment,False
3880,deployment,False
3881,deployment,False
3882,deployment,False
3883,deployment,False
3884,deployment,False
3885,deployment,False
3886,deployment,False
3887,deployment,False
3888,deployment,False
3889,deployment,False
3890,deployment,False
3891,deployment,False
3892,deployment,False
3893,deployment,False
3894,deployment,False
3895,deployment,False
3896,deployment,False
3897,deployment,False
3898,deployment,False
3899,deployment,False
3900,deployment,False
3901,deployment,True
3902,deployment,True
3903,deployment,True
3904,deployment,False
3905,deployment,False
3906,deployment,True
3907,deployment,False
3908,deployment,False
3909,protocol,True
3910,deployment,True
3911,deployment,True
3912,deployment,False
3913,deployment,True
3914,deployment,True
3915,deployment,True
3916,deployment,True
3917,deployment,False
3918,deployment,True
3919,deployment,True
3920,deployment,False
3921,deployment,True
3922,deployment,True
3923,deployment,True
3924,deployment,True
3925,deployment,True
3926,deployment,True
3927,deployment,True
3928,deployment,True
3929,deployment,True
3930,deployment,True
3931,deployment,True
3932,deployment,True
3933,deployment,True
3934,deployment,True
3935,deployment,True
3936,deployment,True
3937,deployment,True
3938,deployment,True
3939,deployment,True
3940,deployment,True
3941,deployment,True
3942,deployment,True
3943,deployment,True
3944,deployment,True
3945,deployment,True
3946,deployment,True
3947,deployment,True
3948,deployment,True
3949,deployment,True
3950,deployment,True
3951,deployment,True
3952,deployment,True
3953,deployment,True
3954,deployment,True
3955,deployment,True
3956,deployment,True
3957,deployment,True
3958,deployment,True
3959,deployment,False
3960,deployment,False
3961,deployment,True
3962,protocol,True
3963,deployment,True
3964,deployment,True
3965,deployment,True
3966,deployment,True
3967,deployment,True
3968,deployment,True
3969,deployment,True
3970,deployment,True
3971,deployment,True
3972,deployment,True
3973,deployment,True
3974,deployment,True
3975,deployment,True
3976,deployment,True
3977,deployment,True
3978,deployment,True
3979,deployment,True
3980,deployment,True
3981,deployment,True
3982,deployment,True
3983,deployment,True
3984,deployment,True
3985,deployment,False
3986,deployment,True
3987,deployment,False
3988,deployment,True
3989,deployment,True
3990,deployment,True
3991,deployment,True
3992,deployment,True
3993,protocol,False
3994,protocol,False
3995,protocol,False
3996,protocol,False
3997,protocol,False
3998,protocol,False
3999,protocol,False
4000,protocol,False
4001,protocol,False
4002,protocol,False
4003,protocol,False
4004,protocol,False
4005,protocol,False
4006,protocol,False
4007,protocol,False
4008,protocol,False
4009,protocol,False
4010,protocol,False
4011,protocol,False
4012,protocol,False
4013,protocol,False
4014,protocol,False
4015,protocol,False
4016,protocol,False
4017,protocol,False
4018,protocol,False
4019,protocol,False
4020,protocol,False
4021,protocol,False
4022,protocol,False
4023,protocol,False
4024,protocol,False
4025,protocol,False
4026,protocol,False
4027,protocol,False
4028,protocol,False
4029,protocol,False
4030,protocol,False
4031,protocol,False
4032,protocol,False
4033,protocol,False
4034,protocol,False
4035,protocol,False
4036,protocol,False
4037,protocol,False
4038,protocol,False
4039,protocol,False
4040,protocol,False
4041,protocol,False
4042,protocol,False
4043,protocol,False
4044,protocol,False
4045,protocol,False
4046,protocol,False
4047,protocol,False
4048,protocol,False
4049,protocol,False
4050,protocol,False
4051,protocol,False
4052,protocol,False
4053,protocol,False
4054,protocol,False
4055,protocol,False
4056,protocol,False
4057,protocol,False
4058,protocol,False
4059,protocol,False
4060,protocol,False
4061,protocol,False
4062,protocol,False
4063,protocol,False
4064,protocol,False
4065,protocol,False
4066,protocol,False
4067,protocol,False
4068,protocol,False
4069,protocol,False
4070,protocol,False
4071,protocol,False
4072,protocol,False
4073,protocol,False
4074,protocol,False
4075,protocol,False
4076,protocol,False
4077,protocol,False
4078,protocol,False
4079,deployment,False
4080,deployment,True
4081,deployment,True
4082,deployment,False
4083,deployment,True
4084,deployment,True
4085,protocol,True
4086,protocol,True
4087,deployment,False
4088,deployment,True
4089,protocol,True
4090,deployment,True
4091,protocol,True
4092,protocol,False
4093,protocol,True
4094,protocol,False
4095,deployment,True
4096,deployment,False
4097,deployment,False
4098,protocol,True
4099,protocol,True
4100,deployment,True
4101,protocol,True
4102,protocol,True
4103,deployment,True
4104,deployment,True
4105,deployment,False
4106,deployment,False
4107,deployment,True
4108,deployment,False
4109,deployment,False
4110,protocol,True
4111,protocol,True
4112,deployment,False
4113,deployment,True
4114,protocol,True
4115,deployment,True
4116,protocol,False
4117,protocol,False
4118,deployment,False
4119,deployment,False
4120,protocol,False
4121,protocol,False
4122,protocol,True
4123,protocol,True
4124,protocol,False
4125,protocol,False
4126,deployment,False
4127,deployment,False
4128,deployment,False
4129,deployment,False
4130,deployment,False
4131,deployment,False
4132,deployment,False
4133,deployment,False
4134,protocol,False
4135,deployment,False
4136,protocol,False
4137,deployment,False
4138,deployment,False
4139,deployment,True
4140,deployment,False
4141,protocol,True
4142,protocol,True
4143,protocol,True
4144,protocol,True
4145,deployment,True
4146,deployment,False
4147,deployment,False
4148,protocol,True
4149,deployment,True
4150,protocol,True
4151,protocol,False
4152,protocol,False
4153,protocol,True
4154,protocol,True
4155,deployment,False
4156,protocol,True
4157,protocol,False
4158,deployment,False
4159,protocol,True
4160,protocol,True
4161,protocol,False
4162,protocol,False
4163,protocol,True
4164,protocol,False
4165,deployment,False
4166,deployment,False
4167,deployment,False
4168,deployment,False
4169,deployment,False
4170,deployment,False
4171,deployment,False
4172,deployment,False
4173,deployment,False
4174,deployment,False
4175,protocol,False
4176,deployment,False
4177,deployment,False
4178,deployment,False
4179,deployment,False
4180,protocol,False
4181,protocol,False
4182,deployment,False
4183,deployment,False
4184,deployment,False
4185,deployment,False
4186,deployment,False
4187,deployment,False
4188,deployment,False
4189,deployment,False
4190,deployment,False
4191,deployment,False
4192,deployment,False
4193,deployment,False
4194,deployment,False
4195,protocol,False
4196,deployment,False
4197,deployment,False
4198,deployment,False
4199,deployment,False
4200,deployment,True
4201,deployment,False
4202,deployment,False
4203,deployment,False
4204,deployment,False
4205,deployment,False
4206,deployment,False
4207,deployment,False
4208,deployment,False
4209,deployment,False
4210,deployment,False
4211,deployment,False
4212,deployment,False
4213,deployment,False
4214,deployment,False
4215,deployment,False
4216,deployment,False
4217,deployment,False
4218,deployment,False
4219,deployment,False
4220,deployment,False
4221,deployment,False
4222,deployment,False
4223,deployment,False
4224,deployment,False
4225,deployment,False
4226,deployment,True
4227,deployment,False
4228,deployment,False
4229,deployment,False
4230,deployment,False
4231,deployment,False
4232,deployment,False
4233,deployment,False
4234,deployment,False
4235,deployment,False
4236,deployment,False
4237,deployment,False
4238,deployment,False
4239,deployment,False
4240,deployment,True
4241,deployment,True
4242,deployment,True
4243,deployment,False
4244,deployment,False
4245,deployment,False
4246,deployment,False
4247,deployment,False
4248,deployment,False
4249,deployment,False
4250,deployment,False
4251,deployment,False
4252,deployment,False
4253,deployment,False
4254,deployment,False
4255,deployment,False
4256,deployment,False
4257,deployment,False
4258,deployment,False
4259,deployment,False
4260,deployment,False
4261,deployment,False
4262,deployment,False
4263,deployment,False
4264,deployment,False
4265,deployment,False
4266,deployment,False
4267,deployment,False
4268,deployment,False
4269,deployment,False
4270,deployment,False
4271,deployment,False
4272,deployment,True
4273,deployment,False
4274,deployment,False
4275,deployment,False
4276,deployment,False
4277,deployment,False
4278,deployment,True
4279,deployment,True
4280,deployment,False
4281,deployment,True
4282,deployment,True
4283,deployment,True
4284,deployment,True
4285,deployment,True
4286,deployment,True
4287,protocol,True
4288,deployment,True
4289,deployment,True
4290,protocol,True
4291,deployment,True
4292,deployment,True
4293,deployment,True
4294,deployment,True
4295,protocol,True
4296,deployment,True
4297,protocol,True
4298,deployment,True
4299,protocol,True
4300,deployment,True
4301,protocol,True
4302,protocol,True
4303,deployment,False
4304,deployment,True
4305,protocol,True
4306,deployment,True
4307,deployment,True
4308,protocol,True
4309,protocol,True
4310,deployment,True
4311,deployment,True
4312,deployment,True
4313,deployment,True
4314,protocol,True
4315,protocol,True
4316,protocol,True
4317,protocol,True
4318,protocol,True
4319,protocol,False
4320,protocol,False
4321,protocol,False
4322,protocol,True
4323,protocol,True
4324,protocol,True
4325,protocol,True
4326,protocol,True
4327,protocol,True
4328,protocol,True
4329,protocol,True
4330,protocol,True
4331,protocol,True
4332,protocol,True
4333,protocol,True
4334,protocol,True
4335,protocol,True
4336,protocol,True
4337,protocol,True
4338,protocol,True
4339,protocol,True
4340,protocol,False
4341,protocol,True
4342,protocol,False
4343,protocol,True
4344,deployment,False
4345,deployment,True
4346,deployment,True
4347,deployment,True
4348,deployment,True
4349,deployment,True
4350,deployment,False
4351,deployment,True
4352,deployment,True
4353,deployment,True
4354,deployment,True
4355,deployment,True
4356,deployment,True
4357,deployment,True
4358,deployment,True
4359,deployment,True
4360,deployment,True
4361,deployment,True
4362,deployment,True
4363,deployment,True
4364,deployment,True
4365,deployment,True
4366,deployment,True
4367,deployment,True
4368,deployment,True
4369,deployment,True
4370,deployment,False
4371,deployment,True
4372,deployment,False
4373,deployment,True
4374,deployment,True
4375,deployment,True
4376,deployment,True
4377,deployment,True
4378,deployment,True
4379,deployment,True
4380,deployment,True
4381,deployment,True
4382,deployment,True
4383,deployment,True
4384,deployment,True
4385,deployment,True
4386,deployment,True
4387,deployment,True
4388,deployment,True
4389,deployment,True
4390,deployment,True
4391,deployment,True
4392,deployment,True
4393,deployment,True
4394,deployment,False
4395,deployment,False
4396,deployment,False
4397,deployment,True
4398,deployment,True
4399,deployment,True
4400,deployment,True
4401,deployment,True
4402,deployment,False
4403,deployment,False
4404,deployment,False
4405,deployment,True
4406,deployment,False
4407,deployment,False
4408,deployment,False
4409,deployment,True
4410,deployment,False
4411,deployment,True
4412,deployment,True
4413,deployment,True
4414,deployment,True
4415,deployment,True
4416,deployment,True
4417,deployment,True
4418,deployment,True
4419,deployment,True
4420,deployment,True
4421,deployment,True
4422,deployment,True
4423,deployment,True
4424,deployment,True
4425,deployment,True
4426,deployment,True
4427,deployment,True
4428,deployment,True
4429,deployment,True
4430,deployment,True
4431,deployment,True
4432,deployment,True
4433,deployment,True
4434,deployment,True
4435,deployment,True
4436,deployment,True
4437,deployment,True
4438,deployment,True
4439,deployment,True
4440,deployment,True
4441,deployment,True
4442,deployment,True
4443,deployment,True
4444,deployment,True
4445,deployment,True
4446,deployment,False
4447,deployment,False
4448,deployment,False
4449,deployment,False
4450,deployment,False
4451,deployment,True
4452,deployment,False
4453,deployment,False
4454,deployment,False
4455,deployment,False
4456,deployment,False
4457,deployment,False
4458,deployment,True
4459,deployment,True
4460,deployment,False
4461,deployment,False
4462,deployment,False
4463,deployment,False
4464,deployment,False
4465,deployment,False
4466,deployment,False
4467,deployment,False
4468,deployment,True
4469,protocol,True
4470,protocol,True
4471,deployment,False
4472,protocol,True
4473,protocol,True
4474,protocol,True
4475,deployment,False
4476,deployment,False
4477,deployment,False
4478,deployment,False
4479,protocol,True
4480,protocol,True
4481,protocol,True
4482,deployment,True
4483,deployment,True
4484,deployment,True
4485,deployment,False
4486,deployment,True
4487,deployment,False
4488,protocol,True
4489,deployment,False
4490,deployment,True
4491,deployment,False
4492,protocol,True
4493,deployment,False
4494,deployment,False
4495,deployment,True
4496,deployment,True
4497,deployment,False
4498,deployment,False
4499,deployment,True
4500,deployment,False
4501,deployment,False
4502,protocol,True
4503,deployment,False
4504,deployment,False
4505,deployment,False
4506,deployment,False
4507,deployment,True
4508,deployment,False
4509,deployment,False
4510,deployment,False
4511,deployment,False
4512,deployment,False
4513,deployment,False
4514,protocol,True
4515,deployment,False
4516,deployment,False
4517,deployment,False
4518,deployment,False
4519,protocol,True
4520,deployment,False
4521,deployment,False
4522,deployment,False
4523,deployment,True
4524,deployment,False
4525,deployment,False
4526,deployment,True
4527,deployment,False
4528,protocol,True
4529,deployment,False
4530,deployment,True
4531,deployment,False
4532,deployment,True
4533,protocol,True
4534,deployment,False
4535,deployment,True
4536,deployment,False
4537,deployment,True
4538,deployment,False
4539,deployment,True
4540,deployment,False
4541,protocol,True
4542,deployment,True
4543,protocol,True
4544,deployment,False
4545,deployment,False
4546,deployment,False
4547,deployment,False
4548,deployment,False
4549,deployment,True
4550,deployment,True
4551,protocol,True
4552,deployment,True
4553,protocol,True
4554,deployment,True
4555,deployment,False
4556,protocol,False
4557,deployment,False
4558,protocol,False
4559,deployment,False
4560,protocol,False
4561,deployment,False
4562,protocol,False
4563,protocol,True
4564,protocol,True
4565,deployment,False
4566,deployment,False
4567,protocol,False
4568,protocol,True
4569,protocol,True
4570,deployment,True
4571,deployment,True
4572,protocol,True
4573,deployment,True
4574,deployment,True
4575,protocol,True
4576,protocol,True
4577,deployment,True
4578,protocol,True
4579,deployment,True
4580,protocol,True
4581,deployment,True
4582,protocol,True
4583,deployment,True
4584,deployment,True
4585,deployment,True
4586,protocol,True
4587,deployment,True
4588,protocol,True
4589,deployment,True
4590,deployment,True
4591,protocol,True
4592,deployment,True
4593,deployment,True
4594,protocol,True
4595,protocol,True
4596,deployment,True
4597,protocol,True
4598,deployment,True
4599,protocol,True
4600,deployment,True
4601,protocol,True
4602,deployment,True
4603,deployment,True
4604,deployment,True
4605,deployment,True
4606,deployment,True
4607,protocol,True
4608,deployment,True
4609,deployment,True
4610,deployment,True
4611,deployment,True
4612,deployment,True
4613,protocol,True
4614,deployment,True
4615,protocol,True
4616,deployment,True
4617,protocol,True
4618,deployment,True
4619,protocol,True
4620,deployment,True
4621,protocol,True
4622,deployment,True
4623,deployment,True
4624,deployment,True
4625,protocol,True
4626,deployment,True
4627,protocol,True
4628,deployment,True
4629,protocol,True
4630,deployment,True
4631,deployment,True
4632,deployment,True
4633,protocol,True
4634,protocol,True
4635,deployment,False
4636,deployment,False
4637,deployment,False
4638,protocol,False
4639,protocol,True
4640,deployment,True
4641,protocol,True
4642,deployment,True
4643,protocol,True
4644,deployment,True
4645,protocol,True
4646,deployment,True
4647,deployment,True
4648,deployment,False
4649,deployment,False
4650,deployment,False
4651,deployment,False
4652,deployment,False
4653,deployment,False
4654,deployment,True
4655,deployment,True
4656,deployment,True
4657,deployment,True
4658,deployment,True
4659,deployment,True
4660,deployment,True
4661,deployment,True
4662,deployment,True
4663,deployment,False
4664,deployment,False
4665,deployment,False
4666,deployment,False
4667,deployment,False
4668,deployment,False
4669,deployment,False
4670,deployment,False
4671,deployment,False
4672,deployment,False
4673,deployment,False
4674,deployment,True
4675,deployment,True
4676,deployment,True
4677,deployment,True
4678,deployment,True
4679,deployment,True
4680,deployment,True
4681,deployment,True
4682,deployment,True
4683,deployment,True
4684,deployment,True
4685,deployment,True
4686,deployment,True
4687,deployment,True
4688,deployment,True
4689,deployment,True
4690,deployment,True
4691,deployment,True
4692,deployment,True
4693,deployment,True
4694,deployment,True
4695,deployment,True
4696,deployment,True
4697,deployment,True
4698,deployment,True
4699,deployment,True
4700,deployment,True
4701,deployment,True
4702,deployment,True
4703,deployment,True
4704,deployment,False
4705,deployment,False
4706,deployment,True
4707,deployment,True
4708,deployment,False
4709,deployment,False
4710,deployment,False
4711,deployment,True
4712,deployment,True
4713,deployment,True
4714,deployment,True
4715,deployment,True
4716,deployment,False
4717,deployment,False
4718,deployment,False
4719,deployment,True
4720,deployment,True
4721,deployment,True
4722,deployment,False
4723,deployment,False
4724,protocol,False
4725,protocol,False
4726,deployment,True
4727,deployment,True
4728,deployment,True
4729,deployment,True
4730,deployment,False
4731,protocol,False
4732,protocol,False
4733,deployment,True
4734,deployment,True
4735,deployment,True
4736,deployment,True
4737,deployment,True
4738,deployment,True
4739,protocol,False
4740,protocol,False
4741,protocol,False
4742,protocol,False
4743,protocol,False
4744,protocol,False
4745,protocol,False
4746,protocol,False
4747,deployment,True
4748,deployment,True
4749,deployment,True
4750,protocol,False
4751,protocol,False
4752,protocol,False
4753,protocol,False
4754,protocol,False
4755,protocol,False
4756,protocol,False
4757,deployment,True
4758,deployment,True
4759,deployment,True
4760,deployment,True
4761,deployment,True
4762,deployment,True
4763,deployment,True
4764,deployment,True
4765,deployment,True
4766,deployment,True
4767,deployment,True
4768,deployment,True
4769,deployment,True
4770,deployment,True
4771,deployment,True
4772,deployment,True
4773,deployment,True
4774,deployment,True
4775,deployment,True
4776,deployment,True
4777,deployment,True
4778,deployment,True
4779,deployment,True
4780,deployment,True
4781,deployment,True
4782,deployment,True
4783,deployment,True
4784,deployment,True
4785,deployment,True
4786,deployment,True
4787,deployment,True
4788,deployment,True
4789,deployment,True
4790,deployment,True
4791,deployment,True
4792,deployment,True
4793,deployment,True
4794,deployment,True
4795,deployment,True
4796,protocol,False
4797,protocol,False
4798,protocol,False
4799,protocol,False
4800,protocol,False
4801,protocol,False
4802,protocol,False
4803,protocol,False
4804,deployment,True
4805,deployment,True
4806,protocol,False
4807,protocol,False
4808,deployment,True
4809,deployment,True
4810,deployment,True
4811,deployment,True
4812,protocol,False
4813,protocol,False
4814,protocol,False
4815,protocol,False
4816,protocol,False
4817,protocol,False
4818,protocol,False
4819,protocol,True
4820,protocol,False
4821,protocol,True
4822,deployment,False
4823,deployment,False
4824,protocol,False
4825,protocol,False
4826,protocol,False
4827,protocol,True
4828,protocol,False
4829,protocol,False
4830,protocol,False
4831,protocol,False
4832,protocol,False
4833,protocol,False
4834,protocol,True
4835,protocol,True
4836,protocol,True
4837,protocol,True
4838,protocol,False
4839,protocol,False
4840,deployment,True
4841,deployment,True
4842,deployment,True
4843,deployment,True
4844,deployment,True
4845,deployment,True
4846,deployment,True
4847,protocol,True
4848,protocol,True
4849,protocol,True
4850,protocol,True
4851,protocol,True
4852,protocol,True
4853,deployment,True
4854,deployment,True
4855,protocol,True
4856,protocol,True
4857,protocol,True
4858,protocol,True
4859,protocol,True
4860,protocol,True
4861,protocol,True
4862,protocol,True
4863,deployment,True
4864,protocol,True
4865,protocol,False
4866,protocol,True
4867,protocol,True
4868,protocol,False
4869,protocol,False
4870,protocol,False
4871,protocol,False
4872,deployment,True
4873,protocol,True
4874,protocol,True
4875,protocol,True
4876,protocol,False
4877,protocol,True
4878,protocol,False
4879,protocol,False
4880,protocol,True
4881,protocol,True
4882,protocol,True
4883,protocol,True
4884,protocol,True
4885,protocol,True
4886,protocol,True
4887,protocol,True
4888,protocol,False
4889,protocol,False
4890,deployment,True
4891,deployment,True
4892,protocol,True
4893,protocol,True
4894,deployment,True
4895,deployment,True
4896,protocol,True
4897,deployment,True
4898,deployment,True
4899,protocol,True
4900,deployment,True
4901,protocol,True
4902,deployment,True
4903,deployment,True
4904,protocol,True
4905,deployment,True
4906,protocol,False
4907,protocol,False
4908,protocol,False
4909,protocol,False
4910,protocol,False
4911,protocol,False
4912,protocol,False
4913,protocol,False
4914,protocol,False
4915,protocol,False
4916,protocol,False
4917,protocol,False
4918,protocol,False
4919,protocol,False
4920,protocol,False
4921,protocol,True
4922,protocol,True
4923,protocol,True
4924,protocol,True
4925,protocol,False
4926,protocol,False
4927,protocol,False
4928,protocol,False
4929,protocol,False
4930,protocol,False
4931,protocol,False
4932,protocol,False
4933,protocol,False
4934,protocol,False
4935,protocol,False
4936,protocol,False
4937,protocol,False
4938,protocol,False
4939,protocol,True
4940,protocol,True
4941,protocol,True
4942,protocol,False
4943,protocol,True
4944,protocol,False
4945,protocol,True
4946,protocol,False
4947,protocol,False
4948,protocol,True
4949,protocol,False
4950,protocol,False
4951,principle,True
4952,protocol,False
4953,protocol,False
4954,protocol,False
4955,protocol,False
4956,protocol,False
4957,protocol,False
4958,protocol,False
4959,protocol,False
4960,protocol,False
4961,protocol,False
4962,protocol,False
4963,protocol,False
4964,protocol,False
4965,protocol,False
4966,protocol,False
4967,protocol,False
4968,protocol,False
4969,protocol,False
4970,protocol,False
4971,protocol,False
4972,protocol,False
4973,protocol,False
4974,protocol,False
4975,protocol,False
4976,protocol,False
4977,protocol,False
4978,protocol,False
4979,protocol,False
4980,protocol,False
4981,protocol,False
4982,protocol,False
4983,protocol,False
4984,protocol,False
4985,protocol,False
4986,protocol,False
4987,protocol,False
4988,protocol,False
4989,protocol,False
4990,protocol,False
4991,protocol,False
4992,protocol,False
4993,protocol,False
4994,protocol,False
4995,protocol,False
4996,protocol,False
4997,protocol,False
4998,protocol,False
4999,protocol,False
5000,protocol,False
5001,protocol,False
5002,protocol,False
5003,protocol,False
5004,protocol,False
5005,protocol,False
5006,protocol,False
5007,protocol,False
5008,protocol,False
5009,protocol,False
5010,protocol,False
5011,protocol,False
5012,protocol,False
5013,protocol,False
5014,protocol,False
5015,protocol,True
5016,deployment,True
5017,deployment,True
5018,protocol,False
5019,protocol,True
5020,deployment,True
5021,protocol,True
5022,protocol,False
5023,protocol,True
5024,deployment,True
5025,protocol,True
5026,protocol,True
5027,deployment,True
5028,protocol,True
5029,protocol,True
5030,protocol,False
5031,protocol,True
5032,protocol,True
5033,deployment,True
5034,protocol,True
5035,protocol,True
5036,protocol,True
5037,protocol,True
5038,protocol,True
5039,protocol,True
5040,deployment,True
5041,deployment,True
5042,deployment,True
5043,deployment,True
5044,protocol,True
5045,protocol,True
5046,protocol,False
5047,protocol,False
5048,protocol,True
5049,protocol,True
5050,protocol,True
5051,protocol,True
5052,protocol,False
5053,protocol,True
5054,protocol,True
5055,protocol,True
5056,protocol,True
5057,protocol,True
5058,protocol,True
5059,deployment,True
5060,deployment,True
5061,protocol,True
5062,protocol,True
5063,protocol,True
5064,protocol,True
5065,protocol,True
5066,protocol,True
5067,protocol,True
5068,protocol,True
5069,protocol,True
5070,protocol,True
5071,protocol,True
5072,protocol,True
5073,protocol,False
5074,protocol,False
5075,protocol,True
5076,protocol,True
5077,protocol,True
5078,protocol,True
5079,deployment,True
5080,deployment,True
5081,deployment,True
5082,deployment,True
5083,deployment,True
5084,deployment,True
5085,deployment,False
5086,deployment,False
5087,deployment,True
5088,deployment,True
5089,protocol,True
5090,protocol,False
5091,deployment,True
5092,deployment,True
5093,deployment,True
5094,deployment,True
5095,deployment,True
5096,deployment,True
5097,deployment,True
5098,deployment,True
5099,protocol,True
5100,protocol,True
5101,deployment,True
5102,deployment,True
5103,deployment,True
5104,deployment,True
5105,deployment,True
5106,protocol,True
5107,protocol,True
5108,protocol,False
5109,protocol,False
5110,deployment,True
5111,deployment,True
5112,deployment,True
5113,deployment,True
5114,protocol,False
5115,protocol,True
5116,protocol,True
5117,deployment,True
5118,deployment,True
5119,deployment,True
5120,deployment,True
5121,deployment,True
5122,protocol,True
5123,deployment,False
5124,deployment,False
5125,deployment,False
5126,deployment,False
5127,protocol,True
5128,protocol,True
5129,protocol,True
5130,deployment,False
5131,deployment,False
5132,deployment,False
5133,deployment,False
5134,deployment,False
5135,deployment,False
5136,protocol,True
5137,deployment,False
5138,deployment,False
5139,deployment,False
5140,deployment,False
5141,deployment,False
5142,deployment,False
5143,deployment,False
5144,deployment,False
5145,deployment,False
5146,deployment,False
5147,deployment,False
5148,deployment,False
5149,deployment,False
5150,deployment,False
5151,deployment,False
5152,deployment,False
5153,deployment,False
5154,protocol,True
5155,protocol,True
5156,protocol,True
5157,protocol,True
5158,protocol,True
5159,deployment,False
5160,deployment,False
5161,deployment,False
5162,deployment,False
5163,deployment,False
5164,deployment,False
5165,deployment,False
5166,deployment,False
5167,deployment,False
5168,deployment,False
5169,deployment,False
5170,deployment,False
5171,protocol,True
5172,deployment,False
5173,deployment,False
5174,deployment,False
5175,deployment,False
5176,deployment,False
5177,deployment,False
5178,deployment,False
5179,deployment,False
5180,deployment,False
5181,deployment,False
5182,deployment,False
5183,deployment,False
5184,deployment,False
5185,deployment,False
5186,deployment,False
5187,deployment,False
5188,deployment,False
5189,deployment,False
5190,deployment,False
5191,deployment,False
5192,deployment,False
5193,deployment,False
5194,deployment,False
5195,deployment,False
5196,deployment,False
5197,deployment,False
5198,deployment,False
5199,deployment,False
5200,deployment,False
5201,deployment,False
5202,deployment,False
5203,deployment,False
5204,deployment,False
5205,deployment,False
5206,deployment,False
5207,deployment,False
5208,deployment,False
5209,protocol,True
5210,protocol,True
5211,protocol,True
5212,protocol,True
5213,protocol,True
5214,protocol,True
5215,protocol,True
5216,deployment,False
5217,deployment,False
5218,deployment,False
5219,deployment,False
5220,deployment,False
5221,deployment,False
5222,deployment,False
5223,deployment,False
5224,deployment,False
5225,deployment,False
5226,deployment,False
5227,deployment,False
5228,protocol,True
5229,deployment,False
5230,deployment,False
5231,deployment,False
5232,deployment,False
5233,deployment,False
5234,protocol,True
5235,protocol,True
5236,protocol,True
5237,deployment,False
5238,deployment,False
5239,deployment,False
5240,protocol,True
5241,protocol,True
5242,protocol,True
5243,protocol,True
5244,protocol,True
5245,protocol,True
5246,protocol,True
5247,protocol,True
5248,deployment,False
5249,deployment,False
5250,deployment,False
5251,deployment,False
5252,deployment,False
5253,deployment,False
5254,deployment,False
5255,deployment,False
5256,deployment,False
5257,deployment,False
5258,deployment,False
5259,deployment,False
5260,deployment,False
5261,deployment,False
5262,deployment,False
5263,deployment,False
5264,deployment,False
5265,deployment,False
5266,deployment,False
5267,deployment,False
5268,deployment,False
5269,deployment,False
5270,deployment,False
5271,deployment,False
5272,deployment,False
5273,deployment,False
5274,deployment,False
5275,deployment,False
5276,deployment,False
5277,deployment,False
5278,deployment,False
5279,deployment,False
5280,deployment,False
5281,deployment,False
5282,deployment,False
5283,deployment,False
5284,deployment,False
5285,deployment,False
5286,deployment,False
5287,deployment,False
5288,deployment,False
5289,deployment,False
5290,deployment,False
5291,deployment,False
5292,deployment,False
5293,deployment,False
5294,deployment,False
5295,deployment,False
5296,deployment,False
5297,deployment,False
5298,deployment,False
5299,deployment,False
5300,deployment,False
5301,deployment,False
5302,deployment,False
5303,deployment,False
5304,deployment,False
5305,deployment,False
5306,deployment,False
5307,deployment,False
5308,deployment,False
5309,deployment,False
5310,deployment,False
5311,deployment,False
5312,deployment,False
5313,deployment,False
5314,deployment,False
5315,deployment,False
5316,deployment,False
5317,deployment,False
5318,deployment,False
5319,deployment,False
5320,deployment,False
5321,deployment,False
5322,deployment,False
5323,deployment,False
5324,deployment,False
5325,deployment,False
5326,deployment,False
5327,deployment,False
5328,deployment,False
5329,deployment,False
5330,deployment,False
5331,deployment,False
5332,deployment,False
5333,protocol,False
5334,deployment,False
5335,protocol,False
5336,deployment,False
5337,protocol,False
5338,deployment,False
5339,deployment,False
5340,deployment,False
5341,deployment,False
5342,deployment,False
5343,protocol,False
5344,protocol,False
5345,protocol,False
5346,protocol,False
5347,protocol,False
5348,protocol,False
5349,deployment,False
5350,deployment,False
5351,deployment,False
5352,protocol,False
5353,protocol,False
5354,deployment,False
5355,deployment,False
5356,protocol,False
5357,protocol,False
5358,deployment,False
5359,deployment,False
5360,deployment,False
5361,deployment,False
5362,protocol,False
5363,protocol,False
5364,deployment,False
5365,protocol,False
5366,protocol,False
5367,protocol,False
5368,deployment,False
5369,protocol,False
5370,protocol,False
5371,protocol,False
5372,protocol,False
5373,protocol,False
5374,deployment,False
5375,protocol,False
5376,protocol,False
5377,deployment,False
5378,deployment,False
5379,deployment,False
5380,protocol,False
5381,protocol,False
5382,protocol,False
5383,protocol,False
5384,deployment,False
5385,deployment,False
5386,protocol,False
5387,protocol,False
5388,protocol,False
5389,deployment,False
5390,deployment,False
5391,deployment,False
5392,deployment,False
5393,deployment,False
5394,deployment,False
5395,protocol,False
5396,protocol,False
5397,deployment,False
5398,protocol,False
5399,protocol,False
5400,deployment,False
5401,protocol,False
5402,protocol,False
5403,deployment,False
5404,protocol,False
5405,protocol,False
5406,protocol,False
5407,protocol,False
5408,protocol,False
5409,deployment,False
5410,deployment,False
5411,protocol,False
5412,protocol,False
5413,deployment,False
5414,protocol,False
5415,deployment,False
5416,protocol,False
5417,protocol,False
5418,deployment,False
5419,deployment,False
5420,deployment,False
5421,deployment,False
5422,deployment,False
5423,deployment,False
5424,protocol,False
5425,protocol,False
5426,deployment,False
5427,protocol,False
5428,deployment,False
5429,protocol,False
5430,protocol,False
5431,deployment,False
5432,protocol,False
5433,deployment,False
5434,deployment,False
5435,protocol,False
5436,protocol,False
5437,deployment,False
5438,deployment,False
5439,protocol,False
5440,protocol,False
5441,deployment,False
5442,protocol,False
5443,protocol,False
5444,deployment,False
5445,protocol,False
5446,protocol,False
5447,deployment,False
5448,deployment,False
5449,deployment,False
5450,deployment,False
5451,deployment,False
5452,deployment,False
5453,deployment,False
5454,protocol,False
5455,deployment,False
5456,protocol,False
5457,protocol,False
5458,protocol,False
5459,deployment,False
5460,deployment,False
5461,protocol,False
5462,protocol,False
5463,deployment,False
5464,deployment,False
5465,deployment,False
5466,deployment,False
5467,protocol,False
5468,deployment,False
5469,protocol,False
5470,deployment,False
5471,deployment,False
5472,protocol,False
5473,protocol,False
5474,deployment,False
5475,protocol,False
5476,protocol,False
5477,deployment,False
5478,protocol,False
5479,protocol,False
5480,deployment,False
5481,protocol,False
5482,protocol,False
5483,deployment,False
5484,deployment,False
5485,protocol,False
5486,protocol,False
5487,protocol,False
5488,protocol,False
5489,deployment,False
5490,deployment,False
5491,protocol,False
5492,protocol,False
5493,protocol,False
5494,protocol,False
5495,deployment,False
5496,deployment,False
5497,deployment,False
5498,protocol,False
5499,deployment,False
5500,protocol,False
5501,protocol,False
5502,protocol,False
5503,deployment,False
5504,protocol,False
5505,protocol,False
5506,deployment,False
5507,deployment,False
5508,protocol,False
5509,deployment,False
5510,deployment,False
5511,deployment,False
5512,deployment,False
5513,deployment,False
5514,deployment,False
5515,deployment,False
5516,deployment,False
5517,deployment,False
5518,deployment,False
5519,deployment,False
5520,deployment,False
5521,deployment,False
5522,protocol,False
5523,protocol,False
5524,protocol,False
5525,protocol,False
5526,protocol,False
5527,protocol,False
5528,deployment,False
5529,deployment,False
5530,deployment,False
5531,deployment,False
5532,deployment,False
5533,deployment,False
5534,deployment,False
5535,deployment,False
5536,protocol,False
5537,protocol,False
5538,deployment,False
5539,deployment,False
5540,deployment,False
5541,deployment,False
5542,deployment,False
5543,deployment,False
5544,deployment,False
5545,protocol,False
5546,protocol,False
5547,protocol,False
5548,protocol,False
5549,protocol,False
5550,protocol,False
5551,protocol,False
5552,protocol,False
5553,protocol,False
5554,protocol,False
5555,protocol,False
5556,protocol,False
5557,protocol,False
5558,protocol,False
5559,protocol,False
5560,protocol,False
5561,protocol,False
5562,protocol,False
5563,protocol,False
5564,protocol,False
5565,protocol,False
5566,protocol,False
5567,protocol,False
5568,protocol,False
5569,protocol,False
5570,protocol,False
5571,protocol,False
5572,protocol,False
5573,protocol,False
5574,protocol,False
5575,protocol,False
5576,protocol,False
5577,protocol,False
5578,protocol,False
5579,protocol,False
5580,protocol,False
5581,protocol,False
5582,protocol,False
5583,protocol,False
5584,protocol,False
5585,protocol,False
5586,protocol,False
5587,protocol,False
5588,protocol,False
5589,protocol,False
5590,protocol,False
5591,protocol,False
5592,protocol,False
5593,protocol,False
5594,protocol,False
5595,protocol,False
5596,protocol,False
5597,protocol,False
5598,protocol,False
5599,protocol,False
5600,protocol,False
5601,protocol,False
5602,protocol,False
5603,protocol,False
5604,protocol,False
5605,protocol,False
5606,protocol,False
5607,protocol,False
5608,protocol,False
5609,protocol,False
5610,protocol,False
5611,protocol,False
5612,protocol,False
5613,protocol,False
5614,protocol,False
5615,protocol,False
5616,protocol,False
5617,protocol,False
5618,protocol,False
5619,protocol,False
5620,protocol,False
5621,protocol,False
5622,protocol,False
5623,protocol,False
5624,protocol,False
5625,protocol,False
5626,protocol,False
5627,protocol,False
5628,protocol,False
5629,protocol,False
5630,protocol,False
5631,protocol,False
5632,protocol,False
5633,protocol,False
5634,protocol,False
5635,protocol,False
5636,protocol,False
5637,protocol,False
5638,protocol,False
5639,protocol,False
5640,protocol,False
5641,protocol,False
5642,protocol,False
5643,protocol,False
5644,protocol,False
5645,protocol,False
5646,protocol,False
5647,protocol,False
5648,protocol,False
5649,protocol,False
5650,protocol,False
5651,protocol,False
5652,protocol,False
5653,protocol,False
5654,protocol,False
5655,protocol,False
5656,protocol,False
5657,protocol,False
5658,protocol,False
5659,deployment,True
5660,deployment,True
5661,deployment,True
5662,deployment,False
5663,deployment,True
5664,deployment,True
5665,deployment,True
5666,protocol,True
5667,deployment,True
5668,deployment,True
5669,deployment,True
5670,protocol,True
5671,deployment,True
5672,protocol,True
5673,deployment,False
5674,deployment,False
5675,deployment,False
5676,deployment,False
5677,deployment,True
5678,deployment,True
5679,deployment,True
5680,deployment,True
5681,deployment,False
5682,deployment,True
5683,protocol,True
5684,protocol,True
5685,protocol,True
5686,protocol,True
5687,protocol,True
5688,protocol,True
5689,protocol,True
5690,protocol,True
5691,deployment,True
5692,deployment,True
5693,deployment,True
5694,deployment,True
5695,deployment,True
5696,protocol,True
5697,deployment,True
5698,deployment,True
5699,deployment,True
5700,deployment,True
5701,deployment,True
5702,deployment,True
5703,deployment,True
5704,deployment,True
5705,deployment,True
5706,deployment,True
5707,deployment,True
5708,deployment,True
5709,deployment,True
5710,deployment,True
5711,deployment,True
5712,deployment,True
5713,deployment,True
5714,deployment,True
5715,deployment,True
5716,deployment,True
5717,deployment,True
5718,deployment,True
5719,deployment,True
5720,deployment,True
5721,deployment,True
5722,deployment,True
5723,deployment,True
5724,deployment,True
5725,deployment,True
5726,deployment,True
5727,deployment,True
5728,deployment,True
5729,deployment,True
5730,deployment,True
5731,deployment,True
5732,deployment,True
5733,deployment,True
5734,deployment,True
5735,deployment,True
5736,deployment,True
5737,deployment,True
5738,deployment,True
5739,deployment,True
5740,deployment,False
5741,deployment,False
5742,deployment,True
5743,deployment,True
5744,deployment,True
5745,deployment,False
5746,deployment,True
5747,deployment,True
5748,deployment,True
5749,deployment,True
5750,deployment,True
5751,deployment,False
5752,deployment,False
5753,deployment,False
5754,deployment,False
5755,deployment,True
5756,deployment,True
5757,deployment,True
5758,protocol,True
5759,protocol,True
5760,deployment,False
5761,deployment,True
5762,deployment,True
5763,deployment,True
5764,deployment,True
5765,deployment,True
5766,deployment,True
5767,deployment,True
5768,deployment,True
5769,deployment,True
5770,deployment,True
5771,deployment,True
5772,deployment,False
5773,deployment,True
5774,deployment,True
5775,deployment,True
5776,protocol,True
5777,protocol,True
5778,protocol,True
5779,protocol,True
5780,deployment,True
5781,deployment,True
5782,deployment,True
5783,deployment,True
5784,protocol,True
5785,deployment,False
5786,deployment,True
5787,protocol,True
5788,deployment,True
5789,protocol,True
5790,deployment,False
5791,deployment,True
5792,deployment,True
5793,protocol,True
5794,deployment,True
5795,deployment,True
5796,protocol,True
5797,protocol,True
5798,deployment,True
5799,protocol,True
5800,deployment,True
5801,deployment,True
5802,deployment,True
5803,deployment,True
5804,protocol,True
5805,deployment,False
5806,deployment,True
5807,deployment,True
5808,protocol,True
5809,deployment,False
5810,deployment,True
5811,deployment,True
5812,deployment,True
5813,deployment,True
5814,deployment,True
5815,deployment,True
5816,deployment,True
5817,deployment,False
5818,deployment,False
5819,deployment,False
5820,deployment,False
5821,deployment,True
5822,deployment,True
5823,protocol,True
5824,deployment,True
5825,protocol,True
5826,deployment,True
5827,deployment,True
5828,deployment,True
5829,protocol,True
5830,deployment,True
5831,protocol,True
5832,deployment,True
5833,deployment,True
5834,protocol,False
5835,protocol,False
5836,protocol,True
5837,protocol,True
5838,protocol,True
5839,protocol,True
5840,protocol,False
5841,protocol,False
5842,protocol,True
5843,protocol,True
5844,protocol,False
5845,protocol,False
5846,protocol,False
5847,protocol,False
5848,protocol,True
5849,deployment,False
5850,deployment,False
5851,protocol,False
5852,protocol,False
5853,protocol,False
5854,protocol,False
5855,protocol,False
5856,protocol,False
5857,protocol,False
5858,protocol,False
5859,protocol,False
5860,protocol,False
5861,protocol,False
5862,protocol,False
5863,protocol,True
5864,protocol,True
5865,protocol,True
5866,protocol,True
5867,protocol,True
5868,protocol,True
5869,protocol,True
5870,protocol,True
5871,protocol,True
5872,protocol,True
5873,protocol,True
5874,protocol,True
5875,protocol,True
5876,protocol,False
5877,protocol,False
5878,protocol,False
5879,protocol,False
5880,protocol,False
5881,protocol,False
5882,protocol,False
5883,protocol,False
5884,protocol,True
5885,protocol,True
5886,protocol,True
5887,protocol,True
5888,protocol,True
5889,protocol,False
5890,protocol,False
5891,protocol,False
5892,protocol,False
5893,protocol,False
5894,protocol,False
5895,protocol,False
5896,protocol,False
5897,protocol,False
5898,protocol,False
5899,protocol,True
5900,protocol,False
5901,protocol,True
5902,protocol,True
5903,protocol,False
5904,protocol,True
5905,protocol,True
5906,protocol,False
5907,protocol,False
5908,protocol,False
5909,protocol,True
5910,protocol,True
5911,protocol,True
5912,protocol,True
5913,protocol,True
5914,protocol,True
5915,protocol,False
5916,protocol,True
5917,protocol,True
5918,protocol,True
5919,protocol,True
5920,protocol,False
5921,protocol,True
5922,protocol,True
5923,protocol,True
5924,protocol,False
5925,protocol,False
5926,protocol,False
5927,protocol,False
5928,protocol,False
5929,protocol,False
5930,deployment,False
5931,deployment,True
5932,deployment,True
5933,deployment,True
5934,deployment,True
5935,deployment,True
5936,deployment,True
5937,deployment,False
5938,deployment,False
5939,deployment,False
5940,deployment,True
5941,deployment,False
5942,deployment,True
5943,deployment,True
5944,deployment,False
5945,deployment,False
5946,deployment,False
5947,deployment,False
5948,deployment,True
5949,deployment,False
5950,deployment,True
5951,deployment,True
5952,deployment,True
5953,deployment,True
5954,deployment,True
5955,deployment,True
5956,deployment,True
5957,deployment,False
5958,deployment,True
5959,deployment,True
5960,deployment,False
5961,deployment,False
5962,deployment,False
5963,deployment,True
5964,deployment,True
5965,deployment,True
5966,deployment,False
5967,deployment,True
5968,deployment,True
5969,deployment,False
5970,deployment,True
5971,deployment,False
5972,deployment,False
5973,deployment,False
5974,deployment,True
5975,deployment,True
5976,deployment,True
5977,deployment,True
5978,deployment,False
5979,deployment,False
5980,deployment,False
5981,deployment,True
5982,deployment,True
5983,deployment,True
5984,deployment,True
5985,deployment,True
5986,deployment,True
5987,deployment,True
5988,deployment,True
5989,deployment,True
5990,deployment,True
5991,deployment,True
5992,deployment,True
5993,deployment,True
5994,deployment,True
5995,deployment,True
5996,deployment,True
5997,deployment,True
5998,deployment,True
5999,deployment,True
6000,deployment,True
6001,deployment,True
6002,deployment,True
6003,deployment,True
6004,deployment,False
6005,deployment,True
6006,deployment,True
6007,deployment,True
6008,deployment,True
6009,deployment,True
6010,deployment,True
6011,deployment,True
6012,deployment,True
6013,deployment,True
6014,deployment,True
6015,deployment,True
6016,deployment,True
6017,deployment,True
6018,deployment,False
6019,deployment,True
6020,deployment,True
6021,deployment,True
6022,deployment,True
6023,deployment,False
6024,deployment,False
6025,deployment,True
6026,deployment,False
6027,deployment,True
6028,deployment,False
6029,deployment,True
6030,deployment,True
6031,deployment,True
6032,deployment,True
6033,deployment,True
6034,deployment,True
6035,deployment,True
6036,deployment,False
6037,deployment,False
6038,deployment,False
6039,deployment,False
6040,deployment,False
6041,deployment,False
6042,deployment,True
6043,deployment,True
6044,deployment,False
6045,deployment,False
6046,deployment,True
6047,protocol,True
6048,deployment,True
6049,deployment,True
6050,deployment,True
6051,protocol,True
6052,deployment,True
6053,deployment,True
6054,deployment,True
6055,deployment,True
6056,deployment,True
6057,deployment,True
6058,deployment,True
6059,deployment,True
6060,deployment,False
6061,deployment,False
6062,deployment,False
6063,deployment,True
6064,deployment,True
6065,protocol,True
6066,deployment,False
6067,deployment,False
6068,deployment,False
6069,deployment,False
6070,deployment,True
6071,deployment,False
6072,deployment,False
6073,deployment,False
6074,protocol,True
6075,protocol,True
6076,deployment,False
6077,deployment,True
6078,deployment,True
6079,deployment,False
6080,protocol,True
6081,deployment,True
6082,protocol,True
6083,deployment,True
6084,deployment,True
6085,deployment,True
6086,protocol,True
6087,protocol,True
6088,deployment,True
6089,deployment,True
6090,protocol,True
6091,protocol,True
6092,protocol,True
6093,protocol,True
6094,protocol,True
6095,deployment,True
6096,deployment,True
6097,deployment,True
6098,deployment,True
6099,deployment,True
6100,protocol,False
6101,deployment,False
6102,deployment,True
6103,deployment,True
6104,deployment,True
6105,deployment,False
6106,deployment,False
6107,protocol,True
6108,protocol,True
6109,protocol,True
6110,protocol,True
6111,deployment,False
6112,deployment,False
6113,deployment,False
6114,protocol,False
6115,protocol,True
6116,deployment,True
6117,deployment,True
6118,protocol,True
6119,protocol,True
6120,deployment,False
6121,protocol,False
6122,deployment,True
6123,deployment,True
6124,deployment,True
6125,deployment,True
6126,protocol,True
6127,protocol,False
6128,protocol,False
6129,protocol,False
6130,deployment,False
6131,deployment,False
6132,deployment,False
6133,deployment,False
6134,deployment,False
6135,deployment,False
6136,protocol,False
6137,deployment,False
6138,deployment,False
6139,deployment,False
6140,protocol,False
6141,protocol,False
6142,deployment,False
6143,deployment,False
6144,deployment,False
6145,deployment,False
6146,deployment,False
6147,deployment,False
6148,protocol,False
6149,protocol,False
6150,protocol,False
6151,protocol,False
6152,protocol,False
6153,deployment,False
6154,deployment,False
6155,deployment,False
6156,deployment,False
6157,deployment,False
6158,deployment,False
6159,protocol,False
6160,deployment,False
6161,deployment,False
6162,deployment,False
6163,deployment,False
6164,deployment,False
6165,protocol,False
6166,protocol,False
6167,protocol,False
6168,protocol,False
6169,protocol,False
6170,protocol,False
6171,protocol,False
6172,protocol,False
6173,deployment,False
6174,protocol,False
6175,deployment,False
6176,deployment,False
6177,protocol,False
6178,protocol,False
6179,deployment,False
6180,deployment,False
6181,deployment,False
6182,deployment,False
6183,deployment,False
6184,deployment,False
6185,deployment,False
6186,deployment,False
6187,deployment,False
6188,deployment,False
6189,deployment,False
6190,deployment,False
6191,deployment,False
6192,deployment,False
6193,deployment,False
6194,deployment,False
6195,deployment,False
6196,deployment,False
6197,deployment,False
6198,deployment,False
6199,deployment,False
6200,deployment,False
6201,deployment,False
6202,deployment,False
6203,deployment,False
6204,deployment,False
6205,deployment,False
6206,deployment,False
6207,deployment,False
6208,protocol,False
6209,protocol,False
6210,deployment,False
6211,deployment,False
6212,protocol,False
6213,protocol,False
6214,deployment,False
6215,deployment,False
6216,protocol,False
6217,deployment,False
6218,deployment,False
6219,protocol,False
6220,protocol,False
6221,deployment,False
6222,protocol,False
6223,protocol,True
6224,protocol,False
6225,protocol,True
6226,protocol,False
6227,protocol,True
6228,deployment,False
6229,deployment,False
6230,deployment,False
6231,deployment,False
6232,protocol,False
6233,protocol,True
6234,protocol,False
6235,protocol,False
6236,protocol,False
6237,protocol,False
6238,protocol,True
6239,protocol,False
6240,protocol,False
6241,protocol,False
6242,protocol,True
6243,protocol,False
6244,protocol,False
6245,protocol,False
6246,protocol,False
6247,protocol,False
6248,protocol,True
6249,protocol,False
6250,protocol,True
6251,protocol,False
6252,protocol,True
6253,protocol,False
6254,protocol,False
6255,protocol,True
6256,protocol,False
6257,deployment,False
6258,deployment,False
6259,deployment,False
6260,deployment,False
6261,deployment,False
6262,protocol,False
6263,deployment,False
6264,deployment,False
6265,protocol,True
6266,protocol,False
6267,protocol,False
6268,protocol,False
6269,protocol,False
6270,protocol,False
6271,protocol,False
6272,protocol,False
6273,protocol,False
6274,protocol,False
6275,deployment,False
6276,protocol,False
6277,protocol,False
6278,protocol,False
6279,protocol,False
6280,protocol,False
6281,protocol,False
6282,protocol,False
6283,protocol,False
6284,protocol,False
6285,protocol,False
6286,protocol,False
6287,protocol,False
6288,protocol,False
6289,protocol,False
6290,protocol,False
6291,deployment,False
6292,protocol,False
6293,protocol,False
6294,deployment,False
6295,deployment,False
6296,deployment,False
6297,deployment,False
6298,deployment,True
6299,deployment,False
6300,deployment,False
6301,deployment,True
6302,deployment,True
6303,deployment,True
6304,deployment,True
6305,deployment,True
6306,deployment,True
6307,deployment,True
6308,deployment,False
6309,deployment,False
6310,deployment,True
6311,deployment,False
6312,deployment,True
6313,deployment,True
6314,deployment,True
6315,deployment,True
6316,deployment,True
6317,deployment,True
6318,deployment,False
6319,deployment,False
6320,deployment,False
6321,deployment,False
6322,deployment,True
6323,deployment,False
6324,deployment,False
6325,deployment,False
6326,deployment,True
6327,deployment,True
6328,deployment,False
6329,deployment,False
6330,deployment,True
6331,deployment,True
6332,deployment,True
6333,deployment,True
6334,deployment,True
6335,deployment,True
6336,deployment,True
6337,deployment,True
6338,deployment,True
6339,deployment,True
6340,deployment,True
6341,deployment,True
6342,deployment,True
6343,deployment,True
6344,deployment,True
6345,deployment,True
6346,deployment,True
6347,deployment,True
6348,deployment,False
6349,deployment,True
6350,deployment,True
6351,deployment,True
6352,deployment,True
6353,deployment,True
6354,deployment,False
6355,deployment,False
6356,deployment,True
6357,deployment,True
6358,deployment,True
6359,deployment,True
6360,deployment,True
6361,deployment,True
6362,deployment,True
6363,deployment,True
6364,deployment,True
6365,deployment,True
6366,deployment,True
6367,deployment,True
6368,deployment,True
6369,deployment,True
6370,deployment,True
6371,deployment,True
6372,deployment,True
6373,deployment,True
6374,protocol,True
6375,protocol,True
6376,deployment,False
6377,deployment,False
6378,deployment,False
6379,deployment,False
6380,deployment,False
6381,deployment,False
6382,deployment,False
6383,deployment,False
6384,deployment,True
6385,deployment,True
6386,deployment,True
6387,protocol,False
6388,protocol,False
6389,deployment,False
6390,protocol,False
6391,protocol,False
6392,deployment,False
6393,protocol,False
6394,protocol,False
6395,protocol,False
6396,protocol,False
6397,protocol,False
6398,protocol,False
6399,protocol,False
6400,protocol,False
6401,protocol,False
6402,protocol,False
6403,protocol,False
6404,protocol,False
6405,protocol,False
6406,protocol,False
6407,protocol,False
6408,protocol,False
6409,deployment,False
6410,deployment,True
6411,deployment,True
6412,deployment,False
6413,deployment,False
6414,deployment,True
6415,deployment,False
6416,deployment,False
6417,protocol,False
6418,deployment,False
6419,deployment,True
6420,protocol,False
6421,protocol,False
6422,protocol,False
6423,deployment,False
6424,deployment,False
6425,deployment,True
6426,deployment,True
6427,deployment,True
6428,protocol,False
6429,deployment,False
6430,deployment,False
6431,deployment,False
6432,deployment,False
6433,deployment,True
6434,protocol,False
6435,deployment,False
6436,deployment,True
6437,protocol,False
6438,deployment,True
6439,deployment,True
6440,protocol,False
6441,protocol,False
6442,protocol,False
6443,protocol,False
6444,protocol,False
6445,protocol,False
6446,protocol,False
6447,protocol,False
6448,protocol,False
6449,protocol,False
6450,protocol,False
6451,protocol,False
6452,protocol,False
6453,protocol,False
6454,deployment,False
6455,deployment,False
6456,protocol,False
6457,protocol,False
6458,protocol,False
6459,protocol,False
6460,protocol,False
6461,deployment,True
6462,protocol,False
6463,protocol,False
6464,protocol,False
6465,protocol,False
6466,deployment,False
6467,deployment,False
6468,deployment,False
6469,protocol,False
6470,protocol,False
6471,protocol,False
6472,protocol,False
6473,protocol,False
6474,protocol,False
6475,deployment,False
6476,deployment,False
6477,deployment,False
6478,deployment,False
6479,deployment,False
6480,deployment,False
6481,deployment,False
6482,deployment,False
6483,deployment,False
6484,deployment,False
6485,deployment,False
6486,protocol,False
6487,protocol,False
6488,protocol,False
6489,protocol,False
6490,protocol,False
6491,protocol,False
6492,protocol,False
6493,protocol,False
6494,protocol,False
6495,protocol,False
6496,protocol,False
6497,protocol,False
6498,protocol,False
6499,protocol,False
6500,protocol,False
6501,protocol,False
6502,protocol,False
6503,protocol,False
6504,protocol,False
6505,protocol,False
6506,protocol,False
6507,protocol,False
6508,protocol,False
6509,deployment,False
6510,protocol,False
6511,protocol,False
6512,protocol,False
6513,protocol,False
6514,protocol,False
6515,protocol,False
6516,protocol,False
6517,protocol,False
6518,protocol,False
6519,protocol,False
6520,protocol,False
6521,protocol,False
6522,protocol,False
6523,protocol,False
6524,protocol,False
6525,protocol,False
6526,protocol,False
6527,protocol,False
6528,protocol,False
6529,protocol,False
6530,protocol,True
6531,protocol,False
6532,protocol,False
6533,protocol,False
6534,protocol,False
6535,protocol,False
6536,deployment,False
6537,deployment,False
6538,deployment,False
6539,deployment,False
6540,deployment,False
6541,protocol,False
6542,protocol,False
6543,protocol,False
6544,protocol,False
6545,protocol,False
6546,protocol,False
6547,protocol,False
6548,protocol,False
6549,protocol,False
6550,protocol,False
6551,protocol,False
6552,protocol,False
6553,protocol,False
6554,protocol,False
6555,protocol,False
6556,protocol,False
6557,protocol,False
6558,protocol,False
6559,protocol,False
6560,protocol,True
6561,protocol,False
6562,protocol,False
6563,protocol,False
6564,protocol,False
6565,protocol,True
6566,protocol,False
6567,protocol,False
6568,protocol,False
6569,protocol,False
6570,protocol,False
6571,protocol,True
6572,protocol,False
6573,protocol,False
6574,protocol,False
6575,deployment,True
6576,deployment,True
6577,protocol,True
6578,deployment,False
6579,deployment,False
6580,deployment,True
6581,deployment,True
6582,deployment,True
6583,deployment,True
6584,deployment,True
6585,deployment,True
6586,deployment,True
6587,deployment,True
6588,deployment,True
6589,deployment,True
6590,deployment,False
6591,deployment,False
6592,deployment,False
6593,deployment,True
6594,deployment,True
6595,deployment,True
6596,deployment,False
6597,deployment,False
6598,deployment,False
6599,deployment,False
6600,deployment,True
6601,deployment,True
6602,deployment,True
6603,deployment,True
6604,deployment,True
6605,deployment,True
6606,deployment,True
6607,deployment,False
6608,deployment,False
6609,deployment,False
6610,deployment,False
6611,deployment,False
6612,deployment,False
6613,deployment,False
6614,deployment,True
6615,protocol,True
6616,deployment,False
6617,deployment,False
6618,deployment,True
6619,protocol,True
6620,deployment,False
6621,deployment,False
6622,deployment,False
6623,deployment,False
6624,protocol,False
6625,deployment,True
6626,protocol,True
6627,deployment,True
6628,protocol,True
6629,deployment,False
6630,protocol,False
6631,deployment,False
6632,deployment,False
6633,protocol,False
6634,deployment,False
6635,deployment,False
6636,protocol,False
6637,deployment,False
6638,deployment,False
6639,deployment,False
6640,deployment,False
6641,deployment,True
6642,protocol,True
6643,deployment,False
6644,protocol,False
6645,deployment,True
6646,deployment,False
6647,deployment,True
6648,protocol,True
6649,deployment,True
6650,protocol,True
6651,deployment,False
6652,deployment,False
6653,protocol,False
6654,deployment,True
6655,protocol,True
6656,deployment,False
6657,deployment,False
6658,deployment,False
6659,protocol,False
6660,deployment,False
6661,deployment,False
6662,protocol,False
6663,deployment,False
6664,deployment,False
6665,deployment,False
6666,deployment,False
6667,deployment,False
6668,deployment,False
6669,deployment,False
6670,protocol,False
6671,deployment,False
6672,deployment,False
6673,deployment,True
6674,protocol,True
6675,deployment,False
6676,protocol,False
6677,deployment,False
6678,deployment,False
6679,deployment,False
6680,deployment,False
6681,deployment,False
6682,deployment,True
6683,protocol,True
6684,deployment,True
6685,protocol,True
6686,protocol,False
6687,deployment,False
6688,protocol,False
6689,deployment,False
6690,protocol,False
6691,deployment,False
6692,protocol,False
6693,deployment,False
6694,deployment,True
6695,protocol,True
6696,protocol,False
6697,deployment,True
6698,protocol,True
6699,deployment,False
6700,deployment,False
6701,deployment,False
6702,deployment,False
6703,deployment,False
6704,deployment,False
6705,protocol,False
6706,deployment,False
6707,deployment,True
6708,deployment,True
6709,deployment,True
6710,deployment,True
6711,deployment,True
6712,deployment,True
6713,deployment,True
6714,deployment,True
6715,deployment,True
6716,deployment,True
6717,deployment,True
6718,protocol,False
6719,protocol,False
6720,deployment,False
6721,protocol,False
6722,deployment,True
6723,deployment,False
6724,deployment,True
6725,deployment,True
6726,deployment,False
6727,deployment,True
6728,deployment,True
6729,deployment,True
6730,deployment,True
6731,deployment,True
6732,deployment,True
6733,deployment,True
6734,deployment,True
6735,deployment,True
6736,deployment,True
6737,protocol,True
6738,deployment,False
6739,deployment,False
6740,deployment,True
6741,deployment,True
6742,deployment,True
6743,protocol,True
6744,protocol,True
6745,deployment,True
6746,protocol,True
6747,deployment,True
6748,deployment,True
6749,deployment,False
6750,deployment,True
6751,deployment,True
6752,deployment,True
6753,deployment,False
6754,deployment,True
6755,deployment,True
6756,protocol,True
6757,deployment,False
6758,deployment,True
6759,deployment,True
6760,protocol,True
6761,deployment,False
6762,deployment,True
6763,deployment,True
6764,deployment,False
6765,deployment,True
6766,protocol,False
6767,deployment,True
6768,deployment,True
6769,deployment,True
6770,deployment,True
6771,deployment,True
6772,deployment,True
6773,deployment,True
6774,deployment,True
6775,deployment,True
6776,deployment,True
6777,deployment,True
6778,deployment,True
6779,deployment,True
6780,deployment,True
6781,deployment,True
6782,deployment,True
6783,deployment,True
6784,deployment,False
6785,deployment,True
6786,deployment,True
6787,deployment,True
6788,deployment,True
6789,deployment,True
6790,deployment,True
6791,deployment,True
6792,deployment,True
6793,deployment,True
6794,deployment,True
6795,deployment,True
6796,deployment,True
6797,deployment,True
6798,deployment,True
6799,deployment,True
6800,deployment,True
6801,deployment,True
6802,deployment,True
6803,deployment,True
6804,deployment,True
6805,deployment,True
6806,deployment,True
6807,deployment,True
6808,protocol,True
6809,deployment,False
6810,deployment,True
6811,deployment,True
6812,deployment,False
6813,deployment,True
6814,deployment,True
6815,deployment,True
6816,deployment,True
6817,deployment,True
6818,deployment,True
6819,deployment,True
6820,protocol,True
6821,deployment,True
6822,deployment,True
6823,deployment,True
6824,deployment,True
6825,protocol,True
6826,protocol,True
6827,protocol,True
6828,protocol,True
6829,deployment,True
6830,deployment,True
6831,deployment,False
6832,protocol,True
6833,protocol,True
6834,deployment,True
6835,protocol,True
6836,protocol,True
6837,protocol,True
6838,protocol,True
6839,protocol,True
6840,protocol,True
6841,deployment,True
6842,deployment,True
6843,deployment,True
6844,protocol,True
6845,protocol,True
6846,protocol,True
6847,protocol,True
6848,protocol,True
6849,deployment,True
6850,deployment,True
6851,deployment,True
6852,protocol,True
6853,deployment,True
6854,deployment,True
6855,deployment,False
6856,deployment,False
6857,deployment,False
6858,deployment,True
6859,deployment,True
6860,deployment,True
6861,deployment,True
6862,deployment,True
6863,deployment,True
6864,deployment,True
6865,protocol,True
6866,protocol,True
6867,deployment,True
6868,deployment,True
6869,protocol,True
6870,deployment,True
6871,deployment,False
6872,protocol,True
6873,protocol,True
6874,deployment,True
6875,deployment,True
6876,deployment,True
6877,deployment,True
6878,deployment,True
6879,deployment,True
6880,deployment,True
6881,protocol,True
6882,deployment,True
6883,deployment,True
6884,deployment,True
6885,deployment,True
6886,protocol,True
6887,protocol,True
6888,deployment,True
6889,protocol,True
6890,protocol,True
6891,protocol,True
6892,protocol,True
6893,protocol,True
6894,protocol,True
6895,deployment,True
6896,deployment,True
6897,deployment,True
6898,deployment,True
6899,protocol,True
6900,protocol,True
6901,protocol,True
6902,protocol,True
6903,protocol,True
6904,protocol,True
6905,deployment,True
6906,protocol,True
6907,protocol,True
6908,protocol,True
6909,protocol,True
6910,protocol,True
6911,deployment,False
6912,deployment,False
6913,deployment,True
6914,deployment,True
6915,deployment,True
6916,deployment,False
6917,deployment,False
6918,deployment,False
6919,deployment,False
6920,deployment,False
6921,deployment,False
6922,deployment,False
6923,deployment,False
6924,deployment,False
6925,deployment,False
6926,deployment,False
6927,deployment,False
6928,deployment,False
6929,deployment,False
6930,deployment,False
6931,deployment,False
6932,deployment,False
6933,deployment,False
6934,deployment,False
6935,deployment,False
6936,deployment,False
6937,deployment,False
6938,deployment,False
6939,deployment,False
6940,deployment,False
6941,deployment,False
6942,deployment,False
6943,deployment,False
6944,deployment,False
6945,deployment,False
6946,deployment,False
6947,deployment,False
6948,deployment,True
6949,deployment,True
6950,deployment,True
6951,deployment,True
6952,deployment,True
6953,deployment,True
6954,deployment,True
6955,deployment,False
6956,deployment,True
6957,deployment,False
6958,deployment,False
6959,deployment,False
6960,deployment,True
6961,deployment,True
6962,deployment,True
6963,deployment,True
6964,deployment,True
6965,deployment,True
6966,deployment,True
6967,deployment,True
6968,deployment,True
6969,deployment,True
6970,deployment,True
6971,deployment,True
6972,deployment,True
6973,deployment,True
6974,deployment,True
6975,deployment,True
6976,deployment,True
6977,deployment,True
6978,deployment,True
6979,deployment,True
6980,deployment,True
6981,deployment,True
6982,deployment,True
6983,deployment,True
6984,deployment,True
6985,deployment,True
6986,deployment,True
6987,deployment,True
6988,deployment,True
6989,protocol,True
6990,protocol,True
6991,protocol,False
6992,protocol,False
6993,deployment,False
6994,protocol,False
6995,protocol,False
6996,protocol,False
6997,protocol,False
6998,protocol,False
6999,deployment,False
7000,deployment,False
7001,protocol,False
7002,deployment,False
7003,deployment,False
7004,protocol,False
7005,deployment,False
7006,deployment,False
7007,deployment,False
7008,deployment,False
7009,protocol,False
7010,deployment,False
7011,deployment,False
7012,protocol,False
7013,protocol,False
7014,deployment,False
7015,deployment,False
7016,deployment,False
7017,protocol,False
7018,deployment,False
7019,deployment,False
7020,protocol,False
7021,deployment,False
7022,deployment,False
7023,deployment,False
7024,protocol,False
7025,deployment,False
7026,deployment,False
7027,deployment,False
7028,protocol,False
7029,protocol,False
7030,deployment,False
7031,deployment,False
7032,deployment,False
7033,protocol,False
7034,deployment,False
7035,deployment,False
7036,deployment,False
7037,deployment,False
7038,protocol,False
7039,deployment,False
7040,deployment,False
7041,deployment,False
7042,deployment,False
7043,protocol,False
7044,deployment,False
7045,deployment,False
7046,deployment,False
7047,deployment,False
7048,protocol,False
7049,deployment,False
7050,deployment,False
7051,deployment,False
7052,deployment,False
7053,deployment,False
7054,deployment,False
7055,deployment,False
7056,deployment,False
7057,protocol,False
7058,deployment,False
7059,protocol,False
7060,deployment,False
7061,deployment,False
7062,protocol,False
7063,deployment,False
7064,protocol,False
7065,deployment,False
7066,protocol,False
7067,deployment,False
7068,deployment,False
7069,protocol,False
7070,deployment,False
7071,deployment,False
7072,protocol,False
7073,deployment,False
7074,protocol,False
7075,deployment,False
7076,deployment,False
7077,deployment,False
7078,deployment,False
7079,deployment,False
7080,deployment,False
7081,protocol,False
7082,protocol,False
7083,deployment,False
7084,deployment,False
7085,deployment,False
7086,deployment,False
7087,protocol,False
7088,protocol,False
7089,deployment,False
7090,deployment,False
7091,deployment,False
7092,deployment,False
7093,protocol,False
7094,deployment,True
7095,deployment,True
7096,deployment,True
7097,deployment,True
7098,deployment,True
7099,deployment,True
7100,deployment,True
7101,deployment,True
7102,deployment,True
7103,deployment,True
7104,deployment,True
7105,deployment,True
7106,deployment,True
7107,deployment,True
7108,deployment,True
7109,deployment,True
7110,deployment,True
7111,deployment,True
7112,deployment,True
7113,deployment,True
7114,deployment,True
7115,deployment,True
7116,deployment,True
7117,deployment,True
7118,deployment,True
7119,deployment,True
7120,deployment,True
7121,deployment,True
7122,deployment,True
7123,deployment,True
7124,deployment,True
7125,deployment,True
7126,deployment,True
7127,deployment,True
7128,deployment,True
7129,deployment,True
7130,deployment,True
7131,deployment,True
7132,deployment,True
7133,deployment,True
7134,deployment,True
7135,deployment,True
7136,deployment,True
7137,deployment,True
7138,deployment,True
7139,deployment,True
7140,deployment,True
7141,deployment,True
7142,deployment,True
7143,deployment,True
7144,deployment,True
7145,deployment,True
7146,deployment,True
7147,deployment,True
7148,deployment,True
7149,deployment,True
7150,deployment,True
7151,deployment,True
7152,deployment,True
7153,deployment,True
7154,deployment,True
7155,deployment,True
7156,deployment,True
7157,deployment,True
7158,deployment,True
7159,deployment,True
7160,deployment,True
7161,deployment,True
7162,deployment,True
7163,deployment,True
7164,deployment,True
7165,deployment,True
7166,deployment,True
7167,deployment,True
7168,deployment,True
7169,deployment,True
7170,deployment,True
7171,deployment,True
7172,deployment,True
7173,deployment,True
7174,deployment,False
7175,deployment,False
7176,deployment,False
7177,deployment,True
7178,deployment,False
7179,deployment,False
7180,deployment,False
7181,protocol,False
7182,deployment,False
7183,deployment,False
7184,deployment,False
7185,deployment,False
7186,deployment,True
7187,protocol,True
7188,deployment,True
7189,deployment,True
7190,deployment,True
7191,deployment,True
7192,protocol,True
7193,deployment,True
7194,protocol,True
7195,deployment,True
7196,deployment,True
7197,deployment,True
7198,protocol,True
7199,deployment,True
7200,deployment,True
7201,deployment,True
7202,deployment,True
7203,protocol,True
7204,deployment,True
7205,protocol,True
7206,deployment,True
7207,protocol,True
7208,deployment,True
7209,protocol,True
7210,deployment,True
7211,protocol,True
7212,deployment,True
7213,protocol,True
7214,protocol,True
7215,deployment,True
7216,protocol,False
7217,protocol,False
7218,protocol,True
7219,protocol,True
7220,protocol,False
7221,protocol,True
7222,deployment,True
7223,deployment,True
7224,deployment,True
7225,deployment,True
7226,deployment,True
7227,deployment,True
7228,protocol,True
7229,deployment,False
7230,deployment,True
7231,deployment,True
7232,deployment,True
7233,deployment,True
7234,deployment,True
7235,deployment,True
7236,deployment,True
7237,deployment,True
7238,deployment,True
7239,deployment,True
7240,deployment,True
7241,deployment,True
7242,deployment,False
7243,deployment,True
7244,deployment,True
7245,deployment,True
7246,deployment,True
7247,deployment,True
7248,protocol,True
7249,deployment,False
7250,deployment,True
7251,deployment,False
7252,deployment,False
7253,deployment,False
7254,deployment,False
7255,deployment,True
7256,deployment,True
7257,deployment,True
7258,protocol,True
7259,deployment,False
7260,protocol,False
7261,deployment,True
7262,deployment,True
7263,deployment,False
7264,deployment,False
7265,deployment,False
7266,deployment,False
7267,deployment,False
7268,protocol,False
7269,protocol,False
7270,deployment,False
7271,deployment,False
7272,protocol,False
7273,protocol,False
7274,deployment,False
7275,deployment,False
7276,deployment,False
7277,deployment,False
7278,deployment,False
7279,deployment,False
7280,deployment,False
7281,protocol,False
7282,protocol,False
7283,deployment,False
7284,deployment,False
7285,deployment,False
7286,deployment,False
7287,deployment,False
7288,deployment,False
7289,protocol,False
7290,deployment,False
7291,deployment,False
7292,deployment,False
7293,deployment,False
7294,deployment,False
7295,deployment,False
7296,protocol,False
7297,protocol,False
7298,deployment,False
7299,deployment,False
7300,protocol,False
7301,deployment,False
7302,deployment,False
7303,deployment,False
7304,deployment,False
7305,deployment,False
7306,deployment,False
7307,deployment,False
7308,deployment,False
7309,protocol,False
7310,deployment,False
7311,protocol,False
7312,deployment,False
7313,deployment,False
7314,protocol,False
7315,deployment,False
7316,protocol,False
7317,deployment,False
7318,deployment,False
7319,deployment,False
7320,deployment,False
7321,deployment,False
7322,protocol,False
7323,protocol,False
7324,deployment,False
7325,deployment,False
7326,deployment,False
7327,deployment,False
7328,deployment,False
7329,deployment,False
7330,protocol,False
7331,protocol,False
7332,protocol,False
7333,deployment,False
7334,deployment,False
7335,deployment,False
7336,deployment,False
7337,deployment,False
7338,deployment,False
7339,deployment,False
7340,deployment,False
7341,deployment,False
7342,deployment,False
7343,deployment,False
7344,protocol,False
7345,deployment,False
7346,deployment,False
7347,deployment,False
7348,deployment,False
7349,deployment,False
7350,deployment,False
7351,deployment,False
7352,protocol,False
7353,protocol,False
7354,protocol,False
7355,protocol,False
7356,protocol,False
7357,protocol,False
7358,protocol,False
7359,protocol,False
7360,protocol,False
7361,protocol,False
7362,protocol,False
7363,protocol,False
7364,deployment,False
7365,deployment,False
7366,protocol,False
7367,protocol,False
7368,deployment,False
7369,deployment,False
7370,protocol,False
7371,protocol,False
7372,protocol,False
7373,protocol,False
7374,protocol,False
7375,protocol,False
7376,protocol,False
7377,protocol,False
7378,protocol,True
7379,protocol,True
7380,protocol,True
7381,protocol,True
7382,protocol,True
7383,protocol,True
7384,protocol,True
7385,protocol,True
7386,protocol,True
7387,protocol,True
7388,protocol,True
7389,deployment,False
7390,protocol,True
7391,protocol,True
7392,protocol,True
7393,protocol,True
7394,protocol,True
7395,protocol,True
7396,deployment,False
7397,deployment,False
7398,deployment,False
7399,deployment,False
7400,deployment,False
7401,deployment,False
7402,protocol,True
7403,protocol,True
7404,protocol,True
7405,protocol,True
7406,protocol,True
7407,protocol,True
7408,protocol,True
7409,protocol,True
7410,protocol,True
7411,protocol,True
7412,protocol,True
7413,protocol,True
7414,deployment,False
7415,deployment,False
7416,protocol,True
7417,protocol,True
7418,protocol,True
7419,protocol,True
7420,protocol,True
7421,protocol,True
7422,protocol,True
7423,protocol,True
7424,protocol,True
7425,protocol,True
7426,protocol,False
7427,protocol,True
7428,protocol,True
7429,protocol,True
7430,protocol,True
7431,protocol,True
7432,protocol,True
7433,protocol,True
7434,protocol,False
7435,deployment,False
7436,deployment,True
7437,protocol,True
7438,deployment,True
7439,deployment,True
7440,protocol,True
7441,deployment,True
7442,protocol,True
7443,deployment,True
7444,protocol,True
7445,protocol,True
7446,protocol,True
7447,protocol,True
7448,deployment,True
7449,deployment,True
7450,deployment,True
7451,deployment,False
7452,protocol,False
7453,deployment,False
7454,deployment,True
7455,deployment,True
7456,protocol,True
7457,deployment,True
7458,deployment,True
7459,protocol,True
7460,deployment,True
7461,protocol,True
7462,deployment,True
7463,deployment,True
7464,protocol,True
7465,deployment,False
7466,deployment,False
7467,deployment,False
7468,deployment,True
7469,deployment,True
7470,deployment,True
7471,deployment,False
7472,deployment,False
7473,deployment,True
7474,protocol,False
7475,protocol,False
7476,deployment,True
7477,deployment,True
7478,deployment,True
7479,deployment,True
7480,protocol,False
7481,protocol,False
7482,protocol,False
7483,protocol,False
7484,protocol,False
7485,protocol,False
7486,protocol,False
7487,protocol,False
7488,protocol,False
7489,protocol,False
7490,protocol,False
7491,protocol,False
7492,protocol,False
7493,protocol,False
7494,protocol,False
7495,protocol,True
7496,protocol,False
7497,protocol,False
7498,deployment,True
7499,deployment,True
7500,deployment,True
7501,protocol,True
7502,deployment,True
7503,deployment,True
7504,deployment,True
7505,deployment,True
7506,deployment,True
7507,deployment,True
7508,protocol,True
7509,deployment,True
7510,deployment,True
7511,deployment,True
7512,deployment,True
7513,deployment,True
7514,deployment,True
7515,deployment,True
7516,deployment,False
7517,deployment,False
7518,deployment,True
7519,deployment,False
7520,deployment,False
7521,deployment,False
7522,deployment,False
7523,deployment,False
7524,deployment,False
7525,deployment,False
7526,deployment,False
7527,deployment,False
7528,deployment,False
7529,deployment,False
7530,deployment,False
7531,deployment,False
7532,deployment,False
7533,deployment,False
7534,deployment,False
7535,deployment,False
7536,deployment,False
7537,deployment,False
7538,deployment,False
7539,deployment,False
7540,deployment,False
7541,deployment,False
7542,deployment,False
7543,deployment,False
7544,deployment,False
7545,deployment,False
7546,deployment,False
7547,deployment,False
7548,deployment,False
7549,deployment,False
7550,deployment,False
7551,deployment,False
7552,deployment,False
7553,deployment,False
7554,deployment,False
7555,deployment,False
7556,deployment,False
7557,deployment,False
7558,deployment,False
7559,deployment,False
7560,deployment,False
7561,deployment,False
7562,deployment,False
7563,deployment,False
7564,deployment,False
7565,deployment,False
7566,deployment,False
7567,deployment,False
7568,deployment,False
7569,deployment,False
7570,deployment,False
7571,deployment,False
7572,deployment,False
7573,deployment,False
7574,deployment,False
7575,deployment,False
7576,deployment,False
7577,deployment,False
7578,deployment,False
7579,deployment,False
7580,deployment,False
7581,deployment,False
7582,deployment,False
7583,deployment,False
7584,deployment,False
7585,deployment,False
7586,deployment,False
7587,deployment,False
7588,deployment,False
7589,deployment,False
7590,deployment,False
7591,deployment,False
7592,deployment,False
7593,deployment,False
7594,deployment,False
7595,deployment,False
7596,deployment,False
7597,deployment,False
7598,deployment,False
7599,deployment,False
7600,deployment,False
7601,deployment,False
7602,deployment,True
7603,deployment,False
7604,deployment,False
7605,deployment,False
7606,deployment,True
7607,deployment,False
7608,deployment,False
7609,deployment,False
7610,deployment,False
7611,deployment,True
7612,deployment,True
7613,deployment,True
7614,deployment,True
7615,deployment,True
7616,deployment,True
7617,deployment,True
7618,deployment,True
7619,deployment,True
7620,deployment,True
7621,deployment,True
7622,deployment,True
7623,deployment,True
7624,deployment,True
7625,deployment,True
7626,protocol,True
7627,protocol,True
7628,protocol,True
7629,protocol,True
7630,deployment,True
7631,deployment,True
7632,deployment,True
7633,deployment,True
7634,deployment,True
7635,deployment,True
7636,deployment,True
7637,deployment,True
7638,deployment,True
7639,deployment,True
7640,deployment,True
7641,deployment,True
7642,deployment,True
7643,deployment,True
7644,deployment,True
7645,deployment,True
7646,deployment,True
7647,deployment,True
7648,deployment,True
7649,deployment,True
7650,deployment,True
7651,deployment,True
7652,protocol,True
7653,deployment,True
7654,deployment,True
7655,deployment,True
7656,deployment,True
7657,deployment,True
7658,deployment,True
7659,deployment,True
7660,protocol,True
7661,deployment,True
7662,deployment,True
7663,deployment,True
7664,deployment,True
7665,deployment,True
7666,deployment,True
7667,protocol,True
7668,deployment,True
7669,protocol,True
7670,deployment,True
7671,deployment,True
7672,deployment,True
7673,deployment,True
7674,deployment,True
7675,protocol,True
7676,protocol,True
7677,protocol,True
7678,protocol,True
7679,protocol,True
7680,protocol,True
7681,protocol,True
7682,protocol,True
7683,deployment,False
7684,deployment,False
7685,deployment,False
7686,deployment,False
7687,deployment,False
7688,deployment,False
7689,deployment,False
7690,deployment,False
7691,deployment,False
7692,deployment,False
7693,deployment,False
7694,deployment,False
7695,deployment,True
7696,deployment,True
7697,deployment,False
7698,deployment,False
7699,protocol,False
7700,protocol,False
7701,protocol,False
7702,protocol,False
7703,protocol,False
7704,protocol,False
7705,protocol,False
7706,protocol,False
7707,protocol,False
7708,protocol,False
7709,protocol,False
7710,protocol,False
7711,protocol,False
7712,protocol,False
7713,protocol,False
7714,protocol,False
7715,protocol,False
7716,protocol,False
7717,protocol,False
7718,protocol,False
7719,protocol,False
7720,protocol,False
7721,protocol,False
7722,protocol,False
7723,protocol,False
7724,protocol,False
7725,protocol,False
7726,protocol,False
7727,protocol,False
7728,protocol,False
7729,protocol,False
7730,protocol,False
7731,protocol,False
7732,protocol,False
7733,protocol,False
7734,protocol,False
7735,protocol,False
7736,protocol,False
7737,protocol,False
7738,protocol,False
7739,protocol,False
7740,protocol,False
7741,protocol,False
7742,protocol,False
7743,protocol,True
7744,deployment,True
7745,protocol,False
7746,protocol,False
7747,protocol,False
7748,protocol,True
7749,deployment,False
7750,deployment,True
7751,deployment,True
7752,deployment,True
7753,protocol,True
7754,deployment,False
7755,deployment,False
7756,deployment,True
7757,deployment,False
7758,deployment,False
7759,deployment,True
7760,deployment,False
7761,deployment,False
7762,deployment,True
7763,deployment,False
7764,deployment,True
7765,deployment,False
7766,deployment,True
7767,protocol,True
7768,deployment,False
7769,deployment,True
7770,deployment,False
7771,deployment,True
7772,deployment,False
7773,deployment,True
7774,protocol,True
7775,deployment,False
7776,deployment,True
7777,protocol,True
7778,deployment,False
7779,protocol,True
7780,deployment,True
7781,protocol,True
7782,deployment,False
7783,protocol,True
7784,deployment,True
7785,protocol,True
7786,deployment,True
7787,deployment,True
7788,protocol,True
7789,deployment,True
7790,protocol,True
7791,deployment,False
7792,protocol,True
7793,deployment,False
7794,deployment,False
7795,protocol,True
7796,deployment,False
7797,deployment,False
7798,protocol,True
7799,deployment,False
7800,deployment,False
7801,deployment,False
7802,deployment,False
7803,deployment,False
7804,deployment,False
7805,deployment,False
7806,deployment,True
7807,protocol,True
7808,deployment,True
7809,protocol,True
7810,deployment,True
7811,deployment,True
7812,deployment,False
7813,deployment,False
7814,deployment,False
7815,deployment,False
7816,deployment,True
7817,protocol,True
7818,deployment,True
7819,deployment,True
7820,deployment,True
7821,deployment,False
7822,deployment,False
7823,deployment,False
7824,deployment,True
7825,protocol,True
7826,deployment,False
7827,protocol,False
7828,deployment,False
7829,deployment,True
7830,protocol,True
7831,protocol,True
7832,protocol,False
7833,protocol,False
7834,protocol,True
7835,protocol,False
7836,protocol,True
7837,protocol,True
7838,deployment,True
7839,deployment,True
7840,deployment,False
7841,deployment,False
7842,deployment,False
7843,deployment,False
7844,deployment,False
7845,deployment,False
7846,deployment,False
7847,deployment,False
7848,deployment,False
7849,deployment,False
7850,deployment,False
7851,deployment,False
7852,deployment,False
7853,deployment,True
7854,deployment,False
7855,deployment,False
7856,deployment,False
7857,protocol,False
7858,deployment,False
7859,protocol,False
7860,deployment,False
7861,protocol,False
7862,protocol,False
7863,protocol,False
7864,deployment,True
7865,deployment,True
7866,deployment,False
7867,protocol,False
7868,protocol,False
7869,protocol,False
7870,protocol,False
7871,deployment,False
7872,deployment,False
7873,protocol,False
7874,protocol,False
7875,protocol,False
7876,protocol,False
7877,deployment,False
7878,deployment,False
7879,deployment,False
7880,deployment,True
7881,deployment,True
7882,deployment,False
7883,deployment,False
7884,deployment,False
7885,deployment,True
7886,deployment,False
7887,deployment,False
7888,deployment,False
7889,protocol,False
7890,protocol,False
7891,deployment,False
7892,deployment,False
7893,deployment,False
7894,deployment,False
7895,deployment,False
7896,deployment,False
7897,protocol,False
7898,protocol,False
7899,protocol,False
7900,protocol,True
7901,protocol,False
7902,protocol,True
7903,protocol,False
7904,protocol,True
7905,protocol,False
7906,protocol,False
7907,protocol,True
7908,protocol,False
7909,protocol,True
7910,protocol,False
7911,deployment,True
7912,deployment,True
7913,protocol,False
7914,protocol,True
7915,deployment,True
7916,deployment,True
7917,deployment,True
7918,deployment,True
7919,deployment,True
7920,deployment,True
7921,deployment,True
7922,deployment,True
7923,deployment,True
7924,deployment,True
7925,deployment,True
7926,deployment,True
7927,deployment,True
7928,deployment,True
7929,deployment,True
7930,deployment,True
7931,deployment,True
7932,deployment,True
7933,deployment,True
7934,deployment,True
7935,deployment,True
7936,deployment,True
7937,deployment,True
7938,deployment,True
7939,deployment,True
7940,deployment,True
7941,deployment,True
7942,deployment,False
7943,deployment,False
7944,deployment,False
7945,deployment,False
7946,deployment,False
7947,deployment,True
7948,deployment,True
7949,deployment,True
7950,deployment,True
7951,deployment,True
7952,deployment,True
7953,deployment,True
7954,deployment,True
7955,deployment,True
7956,deployment,True
7957,deployment,True
7958,deployment,True
7959,deployment,True
7960,deployment,True
7961,deployment,True
7962,deployment,True
7963,deployment,True
7964,deployment,True
7965,deployment,True
7966,deployment,True
7967,deployment,True
7968,deployment,False
7969,deployment,True
7970,deployment,True
7971,deployment,True
7972,deployment,True
7973,deployment,True
7974,deployment,True
7975,deployment,True
7976,deployment,True
7977,deployment,False
7978,deployment,False
7979,deployment,True
7980,deployment,True
7981,deployment,True
7982,deployment,True
7983,deployment,True
7984,deployment,True
7985,deployment,False
7986,deployment,False
7987,deployment,False
7988,deployment,True
7989,deployment,True
7990,deployment,True
7991,deployment,True
7992,deployment,True
7993,protocol,False
7994,protocol,False
7995,deployment,False
7996,protocol,False
7997,deployment,False
7998,protocol,False
7999,deployment,True
8000,protocol,True
8001,protocol,True
8002,protocol,False
8003,protocol,False
8004,deployment,False
8005,deployment,True
8006,deployment,True
8007,deployment,False
8008,deployment,True
8009,deployment,True
8010,deployment,True
8011,deployment,True
8012,deployment,True
8013,deployment,True
8014,deployment,True
8015,deployment,True
8016,deployment,True
8017,deployment,True
8018,deployment,True
8019,deployment,True
8020,deployment,True
8021,deployment,True
8022,deployment,True
8023,deployment,True
8024,deployment,True
8025,deployment,False
8026,deployment,True
8027,deployment,True
8028,protocol,False
8029,protocol,True
8030,protocol,True
8031,protocol,True
8032,protocol,True
8033,protocol,True
8034,protocol,True
8035,protocol,True
8036,protocol,False
8037,protocol,True
8038,protocol,False
8039,protocol,True
8040,deployment,False
8041,deployment,False
8042,deployment,True
8043,deployment,False
8044,protocol,False
8045,deployment,False
8046,deployment,False
8047,deployment,True
8048,deployment,True
8049,deployment,True
8050,deployment,True
8051,deployment,True
8052,deployment,False
8053,deployment,True
8054,protocol,True
8055,deployment,True
8056,deployment,False
8057,deployment,False
8058,protocol,False
8059,protocol,False
8060,deployment,False
8061,deployment,False
8062,deployment,False
8063,deployment,False
8064,deployment,False
8065,deployment,False
8066,deployment,False
8067,deployment,False
8068,deployment,False
8069,deployment,False
8070,protocol,False
8071,protocol,False
8072,protocol,False
8073,protocol,False
8074,protocol,False
8075,deployment,False
8076,deployment,False
8077,protocol,False
8078,protocol,False
8079,deployment,False
8080,deployment,False
8081,protocol,False
8082,deployment,False
8083,deployment,False
8084,deployment,False
8085,protocol,False
8086,deployment,False
8087,deployment,False
8088,deployment,False
8089,deployment,False
8090,deployment,False
8091,deployment,False
8092,protocol,False
8093,protocol,False
8094,protocol,False
8095,protocol,False
8096,protocol,False
8097,protocol,False
8098,deployment,False
8099,deployment,False
8100,deployment,False
8101,deployment,False
8102,protocol,False
8103,deployment,False
8104,deployment,False
8105,protocol,False
8106,deployment,False
8107,deployment,False
8108,protocol,False
8109,deployment,False
8110,deployment,False
8111,protocol,False
8112,deployment,False
8113,deployment,False
8114,deployment,False
8115,deployment,False
8116,deployment,False
8117,deployment,False
8118,protocol,False
8119,deployment,False
8120,deployment,False
8121,deployment,False
8122,deployment,False
8123,deployment,False
8124,deployment,False
8125,protocol,False
8126,deployment,False
8127,protocol,False
8128,deployment,False
8129,deployment,False
8130,protocol,False
8131,protocol,False
8132,protocol,False
8133,deployment,False
8134,deployment,False
8135,protocol,False
8136,deployment,False
8137,protocol,False
8138,deployment,False
8139,deployment,True
8140,deployment,False
8141,deployment,False
8142,deployment,False
8143,deployment,False
8144,deployment,True
8145,deployment,False
8146,deployment,True
8147,deployment,False
8148,deployment,False
8149,deployment,False
8150,deployment,False
8151,deployment,False
8152,deployment,False
8153,deployment,False
8154,deployment,False
8155,deployment,False
8156,deployment,False
8157,deployment,False
8158,deployment,False
8159,deployment,False
8160,deployment,False
8161,deployment,False
8162,deployment,False
8163,deployment,False
8164,deployment,False
8165,deployment,False
8166,deployment,False
8167,deployment,False
8168,deployment,False
8169,deployment,False
8170,deployment,False
8171,deployment,False
8172,deployment,False
8173,deployment,False
8174,deployment,False
8175,deployment,False
8176,deployment,False
8177,deployment,False
8178,deployment,False
8179,deployment,False
8180,deployment,False
8181,deployment,False
8182,deployment,False
8183,deployment,False
8184,deployment,True
8185,deployment,False
8186,deployment,True
8187,deployment,False
8188,deployment,False
8189,deployment,False
8190,deployment,False
8191,deployment,False
8192,deployment,False
8193,deployment,False
8194,deployment,False
8195,deployment,False
8196,deployment,False
8197,deployment,False
8198,deployment,False
8199,deployment,False
8200,deployment,False
8201,deployment,False
8202,deployment,False
8203,deployment,False
8204,deployment,False
8205,deployment,False
8206,deployment,False
8207,deployment,False
8208,deployment,False
8209,deployment,False
8210,deployment,False
8211,deployment,False
8212,deployment,False
8213,deployment,False
8214,deployment,False
8215,deployment,False
8216,deployment,False
8217,deployment,False
8218,deployment,False
8219,deployment,False
8220,deployment,False
8221,deployment,False
8222,deployment,True
8223,deployment,True
8224,deployment,True
8225,deployment,True
8226,deployment,False
8227,deployment,True
8228,deployment,True
8229,deployment,True
8230,deployment,True
8231,deployment,True
8232,deployment,True
8233,deployment,True
8234,deployment,True
8235,deployment,True
8236,deployment,True
8237,deployment,True
8238,deployment,True
8239,deployment,True
8240,deployment,True
8241,deployment,True
8242,deployment,True
8243,deployment,True
8244,deployment,True
8245,deployment,True
8246,deployment,False
8247,deployment,False
8248,deployment,False
8249,deployment,True
8250,deployment,True
8251,deployment,True
8252,deployment,True
8253,deployment,True
8254,deployment,True
8255,deployment,True
8256,deployment,True
8257,deployment,True
8258,deployment,True
8259,deployment,True
8260,deployment,True
8261,deployment,True
8262,deployment,True
8263,deployment,True
8264,deployment,True
8265,deployment,True
8266,deployment,True
8267,deployment,True
8268,deployment,True
8269,deployment,True
8270,deployment,True
8271,deployment,True
8272,deployment,True
8273,deployment,True
8274,deployment,True
8275,deployment,True
8276,deployment,True
8277,deployment,True
8278,deployment,True
8279,deployment,True
8280,deployment,True
8281,deployment,True
8282,deployment,True
8283,deployment,True
8284,deployment,True
8285,deployment,True
8286,deployment,True
8287,deployment,True
8288,deployment,True
8289,deployment,True
8290,deployment,True
8291,deployment,True
8292,deployment,True
8293,deployment,True
8294,deployment,True
8295,deployment,True
8296,deployment,True
8297,deployment,True
8298,deployment,True
8299,deployment,True
8300,deployment,True
8301,deployment,True
8302,deployment,True
8303,deployment,True
8304,deployment,True
8305,deployment,True
8306,deployment,True
8307,deployment,True
8308,deployment,True
8309,deployment,True
8310,deployment,True
8311,deployment,True
8312,deployment,True
8313,deployment,True
8314,deployment,True
8315,deployment,False
8316,deployment,True
8317,deployment,True
8318,deployment,True
8319,deployment,True
8320,deployment,True
8321,deployment,True
8322,deployment,True
8323,deployment,True
8324,deployment,True
8325,deployment,True
8326,deployment,True
8327,deployment,True
8328,deployment,True
8329,deployment,True
8330,deployment,True
8331,deployment,False
8332,deployment,False
8333,deployment,False
8334,deployment,False
8335,deployment,False
8336,deployment,False
8337,protocol,False
8338,protocol,False
8339,deployment,False
8340,deployment,False
8341,deployment,False
8342,deployment,False
8343,deployment,False
8344,deployment,False
8345,deployment,False
8346,deployment,False
8347,deployment,False
8348,deployment,False
8349,deployment,False
8350,deployment,False
8351,deployment,False
8352,deployment,False
8353,deployment,False
8354,deployment,False
8355,deployment,False
8356,deployment,False
8357,deployment,False
8358,deployment,False
8359,deployment,False
8360,deployment,False
8361,deployment,False
8362,deployment,False
8363,deployment,False
8364,protocol,False
8365,protocol,False
8366,deployment,False
8367,deployment,False
8368,deployment,False
8369,deployment,False
8370,deployment,False
8371,deployment,False
8372,deployment,False
8373,deployment,False
8374,deployment,False
8375,deployment,False
8376,deployment,False
8377,protocol,False
8378,protocol,False
8379,deployment,False
8380,deployment,False
8381,deployment,False
8382,deployment,False
8383,deployment,False
8384,deployment,False
8385,deployment,False
8386,deployment,False
8387,deployment,False
8388,deployment,False
8389,protocol,False
8390,protocol,False
8391,deployment,False
8392,deployment,False
8393,deployment,False
8394,deployment,False
8395,deployment,False
8396,deployment,False
8397,deployment,False
8398,deployment,False
8399,deployment,False
8400,deployment,False
8401,deployment,False
8402,protocol,True
8403,deployment,False
8404,deployment,False
8405,deployment,False
8406,protocol,False
8407,protocol,False
8408,protocol,False
8409,deployment,False
8410,deployment,False
8411,deployment,False
8412,deployment,False
8413,deployment,False
8414,deployment,False
8415,deployment,False
8416,deployment,False
8417,deployment,False
8418,deployment,False
8419,deployment,False
8420,protocol,False
8421,deployment,False
8422,deployment,False
8423,protocol,False
8424,deployment,False
8425,deployment,False
8426,deployment,False
8427,protocol,False
8428,protocol,False
8429,deployment,False
8430,deployment,False
8431,protocol,False
8432,deployment,False
8433,protocol,False
8434,protocol,False
8435,protocol,False
8436,protocol,False
8437,deployment,False
8438,deployment,False
8439,deployment,False
8440,deployment,False
8441,deployment,False
8442,deployment,False
8443,deployment,False
8444,deployment,False
8445,deployment,False
8446,deployment,False
8447,deployment,False
8448,deployment,False
8449,deployment,False
8450,deployment,False
8451,deployment,False
8452,deployment,False
8453,deployment,False
8454,deployment,False
8455,deployment,False
8456,deployment,False
8457,deployment,False
8458,deployment,False
8459,deployment,False
8460,deployment,False
8461,deployment,False
8462,deployment,False
8463,deployment,False
8464,protocol,False
8465,protocol,False
8466,protocol,False
8467,deployment,False
8468,deployment,False
8469,protocol,False
8470,deployment,False
8471,deployment,False
8472,deployment,False
8473,protocol,False
8474,protocol,False
8475,protocol,False
8476,protocol,False
8477,protocol,False
8478,protocol,False
8479,protocol,False
8480,protocol,False
8481,protocol,False
8482,deployment,False
8483,deployment,False
8484,deployment,False
8485,deployment,False
8486,deployment,False
8487,protocol,False
8488,deployment,False
8489,protocol,False
8490,deployment,False
8491,deployment,False
8492,protocol,False
8493,protocol,False
8494,deployment,False
8495,deployment,False
8496,deployment,False
8497,protocol,False
8498,protocol,False
8499,protocol,False
8500,protocol,False
8501,protocol,False
8502,protocol,False
8503,protocol,False
8504,protocol,False
8505,protocol,False
8506,protocol,False
8507,protocol,False
8508,protocol,False
8509,protocol,False
8510,protocol,False
8511,protocol,False
8512,deployment,False
8513,protocol,False
8514,protocol,False
8515,protocol,False
8516,protocol,False
8517,protocol,False
8518,protocol,False
8519,protocol,False
8520,protocol,False
8521,protocol,False
8522,protocol,False
8523,protocol,False
8524,deployment,True
8525,deployment,True
8526,deployment,True
8527,deployment,True
8528,deployment,True
8529,deployment,True
8530,deployment,True
8531,protocol,True
8532,protocol,True
8533,deployment,True
8534,deployment,True
8535,deployment,True
8536,deployment,True
8537,deployment,True
8538,deployment,True
8539,deployment,True
8540,deployment,True
8541,protocol,True
8542,protocol,True
8543,deployment,True
8544,deployment,True
8545,deployment,True
8546,deployment,True
8547,deployment,True
8548,deployment,True
8549,deployment,True
8550,deployment,True
8551,deployment,True
8552,protocol,True
8553,protocol,True
8554,deployment,True
8555,deployment,True
8556,deployment,True
8557,deployment,True
8558,deployment,True
8559,protocol,True
8560,deployment,True
8561,deployment,True
8562,deployment,True
8563,deployment,True
8564,protocol,True
8565,protocol,True
8566,deployment,True
8567,deployment,True
8568,protocol,True
8569,deployment,True
8570,protocol,True
8571,deployment,True
8572,deployment,True
8573,deployment,True
8574,protocol,True
8575,deployment,True
8576,deployment,True
8577,protocol,True
8578,protocol,True
8579,protocol,True
8580,protocol,True
8581,deployment,True
8582,deployment,True
8583,deployment,True
8584,protocol,True
8585,deployment,True
8586,deployment,True
8587,deployment,True
8588,deployment,True
8589,deployment,True
8590,deployment,True
8591,deployment,True
8592,deployment,True
8593,deployment,True
8594,protocol,True
8595,deployment,True
8596,deployment,True
8597,protocol,True
8598,deployment,True
8599,protocol,True
8600,deployment,True
8601,protocol,True
8602,protocol,True
8603,protocol,True
8604,protocol,True
8605,protocol,True
8606,protocol,True
8607,protocol,True
8608,protocol,True
8609,protocol,False
8610,deployment,True
8611,deployment,True
8612,deployment,True
8613,deployment,False
8614,deployment,False
8615,deployment,True
8616,deployment,True
8617,protocol,False
8618,protocol,False
8619,deployment,True
8620,deployment,True
8621,protocol,True
8622,deployment,True
8623,protocol,True
8624,deployment,True
8625,deployment,True
8626,deployment,True
8627,deployment,True
8628,protocol,True
8629,protocol,True
8630,deployment,True
8631,deployment,True
8632,deployment,True
8633,protocol,False
8634,deployment,True
8635,deployment,True
8636,deployment,True
8637,deployment,True
8638,deployment,True
8639,deployment,False
8640,deployment,True
8641,deployment,True
8642,deployment,True
8643,deployment,False
8644,deployment,True
8645,deployment,False
8646,deployment,True
8647,protocol,True
8648,deployment,False
8649,deployment,True
8650,deployment,True
8651,deployment,True
8652,deployment,True
8653,deployment,True
8654,deployment,True
8655,deployment,True
8656,protocol,True
8657,deployment,True
8658,deployment,True
8659,protocol,True
8660,protocol,True
8661,protocol,False
8662,protocol,True
8663,protocol,False
8664,protocol,True
8665,protocol,True
8666,protocol,True
8667,protocol,True
8668,protocol,True
8669,protocol,False
8670,protocol,False
8671,deployment,False
8672,deployment,False
8673,protocol,False
8674,deployment,True
8675,deployment,False
8676,deployment,False
8677,deployment,False
8678,protocol,False
8679,deployment,False
8680,deployment,False
8681,deployment,False
8682,protocol,False
8683,deployment,False
8684,deployment,False
8685,deployment,False
8686,deployment,True
8687,deployment,True
8688,protocol,True
8689,protocol,False
8690,protocol,False
8691,deployment,False
8692,deployment,False
8693,deployment,False
8694,deployment,False
8695,deployment,True
8696,deployment,True
8697,deployment,True
8698,deployment,True
8699,deployment,True
8700,deployment,True
8701,deployment,True
8702,deployment,True
8703,deployment,False
8704,protocol,False
8705,protocol,True
8706,protocol,True
8707,protocol,True
8708,protocol,True
8709,protocol,True
8710,deployment,False
8711,protocol,False
8712,protocol,False
8713,protocol,False
8714,protocol,True
8715,protocol,False
8716,protocol,True
8717,protocol,True
8718,protocol,False
8719,deployment,True
8720,deployment,True
8721,deployment,True
8722,deployment,False
8723,deployment,False
8724,deployment,False
8725,deployment,False
8726,deployment,True
8727,deployment,True
8728,deployment,False
8729,deployment,False
8730,deployment,True
8731,deployment,True
8732,deployment,True
8733,deployment,True
8734,protocol,True
8735,protocol,True
8736,protocol,True
8737,protocol,True
8738,protocol,True
8739,protocol,True
8740,protocol,True
8741,protocol,False
8742,deployment,True
8743,deployment,True
8744,deployment,True
8745,protocol,True
8746,deployment,False
8747,deployment,True
8748,deployment,False
8749,deployment,False
8750,deployment,False
8751,deployment,False
8752,deployment,False
8753,deployment,False
8754,deployment,False
8755,deployment,False
8756,deployment,False
8757,deployment,False
8758,deployment,False
8759,deployment,False
8760,deployment,False
8761,deployment,False
8762,deployment,False
8763,deployment,False
8764,deployment,False
8765,deployment,False
8766,deployment,False
8767,deployment,False
8768,deployment,False
8769,deployment,False
8770,protocol,True
8771,deployment,False
8772,deployment,False
8773,deployment,False
8774,deployment,False
8775,deployment,False
8776,deployment,False
8777,deployment,False
8778,deployment,False
8779,deployment,False
8780,deployment,False
8781,deployment,False
8782,deployment,False
8783,deployment,False
8784,deployment,False
8785,protocol,True
8786,protocol,True
8787,protocol,True
8788,deployment,False
8789,deployment,False
8790,deployment,False
8791,deployment,False
8792,deployment,False
8793,deployment,False
8794,deployment,False
8795,deployment,False
8796,deployment,False
8797,deployment,False
8798,deployment,False
8799,deployment,False
8800,deployment,False
8801,deployment,False
8802,deployment,False
8803,deployment,False
8804,deployment,False
8805,deployment,False
8806,deployment,False
8807,deployment,False
8808,deployment,False
8809,deployment,False
8810,deployment,False
8811,deployment,False
8812,deployment,False
8813,deployment,False
8814,deployment,False
8815,deployment,False
8816,deployment,False
8817,protocol,True
8818,protocol,True
8819,protocol,True
8820,protocol,True
8821,deployment,False
8822,deployment,False
8823,deployment,False
8824,deployment,False
8825,deployment,False
8826,deployment,False
8827,deployment,False
8828,deployment,True
8829,deployment,True
8830,deployment,False
8831,deployment,True
8832,deployment,True
8833,deployment,True
8834,deployment,True
8835,deployment,True
8836,deployment,True
8837,deployment,True
8838,deployment,True
8839,deployment,True
8840,deployment,True
8841,deployment,True
8842,deployment,True
8843,deployment,True
8844,deployment,True
8845,deployment,True
8846,deployment,True
8847,deployment,True
8848,deployment,True
8849,deployment,True
8850,deployment,True
8851,deployment,True
8852,deployment,True
8853,deployment,True
8854,deployment,True
8855,deployment,True
8856,deployment,True
8857,deployment,True
8858,deployment,True
8859,deployment,True
8860,deployment,True
8861,deployment,True
8862,deployment,True
8863,deployment,True
8864,deployment,True
8865,deployment,True
8866,deployment,True
8867,deployment,True
8868,deployment,True
8869,deployment,True
8870,deployment,True
8871,deployment,True
8872,deployment,True
8873,deployment,True
8874,deployment,True
8875,deployment,True
8876,deployment,True
8877,deployment,True
8878,deployment,True
8879,deployment,True
8880,deployment,True
8881,deployment,True
8882,deployment,True
8883,deployment,True
8884,deployment,True
8885,deployment,True
8886,deployment,True
8887,deployment,True
8888,deployment,True
8889,deployment,True
8890,deployment,True
8891,deployment,True
8892,deployment,True
8893,deployment,True
8894,deployment,True
8895,deployment,True
8896,deployment,True
8897,deployment,True
8898,deployment,True
8899,deployment,True
8900,deployment,True
8901,deployment,True
8902,deployment,True
8903,deployment,True
8904,deployment,True
8905,deployment,True
8906,deployment,True
8907,deployment,True
8908,deployment,True
8909,deployment,False
8910,protocol,False
8911,deployment,False
8912,deployment,True
8913,protocol,True
8914,deployment,False
8915,protocol,False
8916,deployment,False
8917,deployment,False
8918,deployment,True
8919,protocol,False
8920,protocol,False
8921,protocol,True
8922,deployment,True
8923,deployment,False
8924,deployment,False
8925,deployment,True
8926,deployment,False
8927,principle,True
8928,deployment,False
8929,deployment,False
8930,deployment,True
8931,deployment,True
8932,protocol,True
8933,protocol,False
8934,principle,True
8935,deployment,True
8936,deployment,True
8937,deployment,True
8938,protocol,True
8939,protocol,True
8940,protocol,True
8941,protocol,True
8942,protocol,True
8943,protocol,True
8944,protocol,True
8945,protocol,True
8946,protocol,True
8947,protocol,True
8948,protocol,True
8949,protocol,True
8950,deployment,True
8951,deployment,True
8952,deployment,False
8953,protocol,True
8954,protocol,False
8955,deployment,False
8956,deployment,False
8957,protocol,True
8958,deployment,False
8959,deployment,False
8960,protocol,False
8961,deployment,False
8962,deployment,False
8963,protocol,False
8964,deployment,False
8965,protocol,False
8966,protocol,False
8967,deployment,False
8968,deployment,False
8969,deployment,True
8970,deployment,True
8971,deployment,True
8972,deployment,False
8973,deployment,False
8974,deployment,True
8975,deployment,True
8976,deployment,True
8977,deployment,True
8978,deployment,True
8979,deployment,True
8980,deployment,True
8981,deployment,True
8982,deployment,False
8983,deployment,False
8984,protocol,False
8985,deployment,False
8986,deployment,True
8987,deployment,False
8988,protocol,True
8989,protocol,True
8990,deployment,True
8991,deployment,True
8992,deployment,False
8993,protocol,True
8994,deployment,False
8995,deployment,False
8996,protocol,False
8997,deployment,False
8998,protocol,True
8999,deployment,False
9000,protocol,False
9001,deployment,False
9002,deployment,False
9003,deployment,False
9004,deployment,True
9005,protocol,False
9006,protocol,False
9007,protocol,True
9008,deployment,True
9009,deployment,True
9010,deployment,True
9011,protocol,True
9012,deployment,False
9013,deployment,True
9014,protocol,True
9015,deployment,True
9016,protocol,False
9017,deployment,False
9018,deployment,False
9019,deployment,True
9020,deployment,True
9021,deployment,False
9022,deployment,False
9023,deployment,False
9024,deployment,False
9025,protocol,False
9026,protocol,False
9027,protocol,False
9028,deployment,True
9029,protocol,True
9030,protocol,True
9031,protocol,True
9032,protocol,True
9033,deployment,False
9034,deployment,False
9035,protocol,True
9036,protocol,True
9037,protocol,True
9038,protocol,True
9039,protocol,True
9040,protocol,True
9041,protocol,True
9042,protocol,True
9043,protocol,True
9044,protocol,True
9045,protocol,True
9046,protocol,True
9047,protocol,True
9048,protocol,False
9049,deployment,False
9050,deployment,True
9051,deployment,True
9052,protocol,True
9053,deployment,True
9054,deployment,True
9055,deployment,False
9056,deployment,True
9057,deployment,True
9058,deployment,True
9059,protocol,True
9060,protocol,True
9061,protocol,True
9062,protocol,True
9063,protocol,True
9064,protocol,True
9065,protocol,True
9066,protocol,True
9067,protocol,True
9068,deployment,True
9069,protocol,True
9070,protocol,True
9071,protocol,True
9072,protocol,True
9073,protocol,False
9074,protocol,True
9075,protocol,False
9076,protocol,True
9077,protocol,True
9078,protocol,True
9079,protocol,True
9080,protocol,True
9081,protocol,True
9082,protocol,True
9083,protocol,False
9084,protocol,False
9085,protocol,False
9086,deployment,False
9087,deployment,True
9088,deployment,False
9089,deployment,False
9090,deployment,False
9091,deployment,False
9092,deployment,True
9093,deployment,True
9094,deployment,True
9095,deployment,True
9096,deployment,True
9097,deployment,True
9098,deployment,False
9099,protocol,False
9100,deployment,True
9101,deployment,True
9102,protocol,True
9103,deployment,False
9104,deployment,False
9105,deployment,False
9106,deployment,False
9107,deployment,False
9108,deployment,False
9109,deployment,False
9110,deployment,False
9111,deployment,False
9112,deployment,False
9113,deployment,False
9114,deployment,False
9115,deployment,True
9116,protocol,True
9117,deployment,True
9118,deployment,True
9119,deployment,False
9120,deployment,False
9121,deployment,True
9122,deployment,True
9123,deployment,False
9124,deployment,False
9125,deployment,False
9126,deployment,False
9127,protocol,True
9128,protocol,False
9129,deployment,True
9130,deployment,True
9131,deployment,False
9132,deployment,False
9133,deployment,False
9134,deployment,False
9135,deployment,False
9136,protocol,False
9137,deployment,False
9138,deployment,False
9139,deployment,False
9140,deployment,True
9141,deployment,True
9142,protocol,True
9143,protocol,True
9144,protocol,True
9145,protocol,True
9146,protocol,True
9147,protocol,True
9148,protocol,True
9149,protocol,True
9150,protocol,True
9151,protocol,True
9152,protocol,True
9153,deployment,True
9154,deployment,True
9155,protocol,True
9156,protocol,True
9157,protocol,True
9158,protocol,True
9159,protocol,True
9160,protocol,True
9161,protocol,True
9162,protocol,True
9163,protocol,True
9164,protocol,True
9165,protocol,True
9166,protocol,True
9167,protocol,True
9168,protocol,True
9169,protocol,True
9170,protocol,True
9171,protocol,True
9172,protocol,True
9173,protocol,True
9174,protocol,True
9175,protocol,True
9176,protocol,True
9177,deployment,False
9178,deployment,True
9179,protocol,True
9180,deployment,True
9181,deployment,True
9182,deployment,True
9183,deployment,True
9184,deployment,True
9185,deployment,True
9186,deployment,True
9187,deployment,False
9188,deployment,False
9189,deployment,False
9190,deployment,False
9191,deployment,False
9192,deployment,False
9193,deployment,False
9194,deployment,False
9195,deployment,False
9196,deployment,False
9197,deployment,False
9198,deployment,False
9199,deployment,False
9200,deployment,False
9201,deployment,False
9202,deployment,False
9203,deployment,False
9204,deployment,False
9205,deployment,False
9206,deployment,False
9207,deployment,False
9208,protocol,False
9209,deployment,False
9210,deployment,False
9211,protocol,False
9212,deployment,False
9213,deployment,False
9214,protocol,False
9215,deployment,False
9216,deployment,False
9217,deployment,False
9218,deployment,False
9219,deployment,False
9220,protocol,False
9221,protocol,False
9222,protocol,False
9223,deployment,False
9224,deployment,False
9225,deployment,False
9226,deployment,False
9227,deployment,False
9228,protocol,False
9229,deployment,False
9230,protocol,False
9231,protocol,False
9232,deployment,False
9233,protocol,False
9234,deployment,False
9235,deployment,False
9236,deployment,False
9237,protocol,False
9238,deployment,False
9239,deployment,False
9240,protocol,False
9241,deployment,False
9242,deployment,False
9243,deployment,False
9244,deployment,False
9245,deployment,False
9246,deployment,False
9247,deployment,False
9248,deployment,False
9249,deployment,False
9250,deployment,False
9251,deployment,False
9252,deployment,False
9253,deployment,False
9254,deployment,False
9255,protocol,False
9256,deployment,False
9257,deployment,False
9258,deployment,False
9259,protocol,False
9260,protocol,False
9261,deployment,False
9262,deployment,False
9263,deployment,False
9264,deployment,False
9265,deployment,False
9266,deployment,False
9267,deployment,False
9268,deployment,False
9269,deployment,False
9270,deployment,False
9271,deployment,False
9272,deployment,False
9273,deployment,False
9274,protocol,False
9275,deployment,False
9276,deployment,False
9277,deployment,False
9278,deployment,True
9279,deployment,False
9280,deployment,True
9281,deployment,True
9282,deployment,True
9283,deployment,False
9284,deployment,False
9285,protocol,True
9286,protocol,True
9287,deployment,False
9288,deployment,False
9289,deployment,False
9290,deployment,False
9291,deployment,False
9292,protocol,True
9293,deployment,True
9294,deployment,True
9295,deployment,True
9296,deployment,True
9297,deployment,True
9298,deployment,True
9299,deployment,True
9300,deployment,True
9301,deployment,True
9302,deployment,True
9303,deployment,True
9304,deployment,True
9305,deployment,True
9306,deployment,True
9307,deployment,True
9308,deployment,True
9309,deployment,True
9310,deployment,True
9311,deployment,True
9312,deployment,True
9313,deployment,True
9314,deployment,True
9315,deployment,True
9316,deployment,True
9317,deployment,True
9318,deployment,True
9319,deployment,True
9320,deployment,True
9321,deployment,True
9322,deployment,True
9323,deployment,True
9324,deployment,True
9325,deployment,True
9326,deployment,True
9327,protocol,True
9328,deployment,True
9329,deployment,True
9330,deployment,True
9331,deployment,True
9332,deployment,True
9333,deployment,True
9334,deployment,True
9335,deployment,False
9336,deployment,True
9337,deployment,False
9338,deployment,False
9339,deployment,False
9340,deployment,False
9341,deployment,True
9342,deployment,True
9343,protocol,True
9344,protocol,True
9345,deployment,False
9346,deployment,True
9347,principle,True
9348,deployment,False
9349,deployment,False
9350,deployment,False
9351,deployment,False
9352,deployment,False
9353,deployment,False
9354,deployment,True
9355,deployment,True
9356,deployment,True
9357,deployment,False
9358,deployment,True
9359,deployment,True
9360,deployment,True
9361,deployment,True
9362,deployment,False
9363,deployment,False
9364,deployment,False
9365,deployment,False
9366,deployment,False
9367,deployment,False
9368,protocol,True
9369,protocol,True
9370,protocol,True
9371,deployment,False
9372,deployment,False
9373,deployment,False
9374,deployment,False
9375,deployment,False
9376,deployment,False
9377,protocol,True
9378,deployment,False
9379,deployment,False
9380,deployment,False
9381,deployment,False
9382,deployment,False
9383,deployment,False
9384,deployment,False
9385,protocol,True
9386,deployment,False
9387,deployment,False
9388,deployment,False
9389,deployment,False
9390,deployment,False
9391,deployment,False
9392,deployment,False
9393,deployment,False
9394,protocol,True
9395,protocol,True
9396,deployment,False
9397,deployment,False
9398,deployment,False
9399,deployment,False
9400,deployment,False
9401,deployment,False
9402,deployment,False
9403,deployment,False
9404,deployment,False
9405,deployment,False
9406,deployment,False
9407,deployment,False
9408,deployment,False
9409,deployment,False
9410,deployment,False
9411,deployment,False
9412,deployment,False
9413,deployment,False
9414,deployment,False
9415,deployment,False
9416,deployment,False
9417,deployment,False
9418,deployment,False
9419,deployment,False
9420,deployment,False
9421,deployment,False
9422,protocol,True
9423,deployment,False
9424,deployment,False
9425,deployment,False
9426,deployment,False
9427,deployment,False
9428,deployment,False
9429,deployment,False
9430,deployment,False
9431,deployment,False
9432,deployment,False
9433,deployment,False
9434,deployment,False
9435,deployment,False
9436,deployment,False
9437,deployment,False
9438,protocol,True
9439,protocol,True
9440,protocol,True
9441,protocol,True
9442,deployment,False
9443,deployment,False
9444,deployment,False
9445,deployment,False
9446,deployment,False
9447,deployment,False
9448,deployment,False
9449,deployment,False
9450,deployment,False
9451,deployment,False
9452,deployment,False
9453,deployment,False
9454,deployment,False
9455,deployment,False
9456,deployment,False
9457,deployment,False
9458,deployment,False
9459,deployment,False
9460,deployment,False
9461,deployment,False
9462,deployment,False
9463,deployment,False
9464,deployment,False
9465,deployment,False
9466,deployment,False
9467,deployment,False
9468,protocol,False
9469,protocol,False
9470,protocol,False
9471,protocol,False
9472,protocol,False
9473,protocol,False
9474,protocol,False
9475,protocol,False
9476,protocol,False
9477,deployment,False
9478,deployment,False
9479,deployment,False
9480,deployment,False
9481,deployment,False
9482,protocol,False
9483,protocol,False
9484,protocol,False
9485,deployment,False
9486,deployment,False
9487,deployment,False
9488,deployment,False
9489,deployment,False
9490,deployment,False
9491,deployment,False
9492,deployment,False
9493,deployment,False
9494,deployment,False
9495,deployment,False
9496,deployment,False
9497,protocol,False
9498,deployment,False
9499,deployment,False
9500,deployment,False
9501,deployment,False
9502,deployment,False
9503,protocol,False
9504,deployment,False
9505,deployment,False
9506,deployment,False
9507,deployment,False
9508,deployment,False
9509,protocol,False
9510,deployment,False
9511,protocol,False
9512,protocol,False
9513,protocol,False
9514,protocol,False
9515,protocol,False
9516,protocol,False
9517,deployment,False
9518,protocol,False
9519,deployment,False
9520,deployment,False
9521,protocol,False
9522,protocol,False
9523,deployment,False
9524,protocol,False
9525,protocol,False
9526,protocol,False
9527,protocol,False
9528,deployment,False
9529,deployment,False
9530,protocol,False
9531,deployment,False
9532,protocol,False
9533,deployment,False
9534,deployment,False
9535,deployment,False
9536,protocol,False
9537,deployment,False
9538,protocol,False
9539,protocol,False
9540,protocol,False
9541,protocol,False
9542,protocol,False
9543,deployment,False
9544,deployment,False
9545,deployment,False
9546,deployment,False
9547,deployment,False
9548,deployment,False
9549,protocol,False
9550,deployment,False
9551,protocol,False
9552,deployment,False
9553,deployment,True
9554,deployment,True
9555,protocol,True
9556,deployment,True
9557,protocol,True
9558,deployment,False
9559,protocol,False
9560,deployment,False
9561,protocol,False
9562,protocol,False
9563,protocol,False
9564,protocol,False
9565,deployment,True
9566,protocol,False
9567,protocol,False
9568,deployment,False
9569,protocol,True
9570,protocol,True
9571,protocol,False
9572,protocol,True
9573,protocol,True
9574,protocol,False
9575,protocol,False
9576,protocol,True
9577,protocol,True
9578,deployment,True
9579,deployment,True
9580,deployment,True
9581,deployment,True
9582,protocol,True
9583,protocol,True
9584,deployment,False
9585,protocol,False
9586,protocol,False
9587,protocol,False
9588,deployment,False
9589,protocol,True
9590,protocol,True
9591,protocol,False
9592,protocol,True
9593,protocol,True
9594,protocol,False
9595,protocol,False
9596,protocol,True
9597,protocol,True
9598,protocol,False
9599,protocol,False
9600,deployment,False
9601,deployment,True
9602,deployment,True
9603,deployment,False
9604,protocol,False
9605,deployment,False
9606,deployment,False
9607,deployment,False
9608,deployment,False
9609,protocol,False
9610,protocol,False
9611,protocol,False
9612,protocol,False
9613,protocol,False
9614,protocol,False
9615,deployment,True
9616,protocol,False
9617,protocol,False
9618,deployment,True
9619,protocol,True
9620,deployment,True
9621,deployment,True
9622,deployment,True
9623,deployment,False
9624,protocol,True
9625,protocol,True
9626,deployment,True
9627,deployment,True
9628,protocol,True
9629,deployment,True
9630,deployment,False
9631,deployment,True
9632,deployment,True
9633,deployment,False
9634,protocol,True
9635,protocol,True
9636,protocol,True
9637,deployment,False
9638,deployment,True
9639,deployment,False
9640,deployment,False
9641,deployment,True
9642,deployment,False
9643,deployment,False
9644,deployment,True
9645,deployment,True
9646,deployment,True
9647,deployment,True
9648,deployment,False
9649,deployment,True
9650,deployment,False
9651,deployment,True
9652,deployment,True
9653,deployment,True
9654,protocol,True
9655,protocol,True
9656,deployment,True
9657,deployment,True
9658,protocol,True
9659,protocol,True
9660,deployment,True
9661,deployment,False
9662,protocol,False
9663,protocol,False
9664,deployment,False
9665,deployment,True
9666,deployment,False
9667,deployment,False
9668,protocol,True
9669,protocol,True
9670,deployment,True
9671,protocol,False
9672,protocol,False
9673,protocol,False
9674,protocol,False
9675,protocol,True
9676,protocol,True
9677,deployment,True
9678,deployment,True
9679,deployment,True
9680,deployment,True
9681,deployment,True
9682,deployment,True
9683,deployment,True
9684,protocol,False
9685,deployment,False
9686,protocol,False
9687,deployment,False
9688,deployment,True
9689,deployment,True
9690,deployment,True
9691,deployment,True
9692,protocol,True
9693,deployment,True
9694,protocol,True
9695,protocol,True
9696,deployment,True
9697,protocol,False
9698,deployment,False
9699,deployment,True
9700,protocol,False
9701,protocol,False
9702,protocol,True
9703,protocol,True
9704,protocol,True
9705,protocol,True
9706,protocol,True
9707,deployment,True
9708,protocol,True
9709,deployment,True
9710,protocol,True
9711,protocol,True
9712,protocol,True
9713,deployment,True
9714,deployment,True
9715,deployment,True
9716,deployment,True
9717,deployment,True
9718,protocol,False
9719,deployment,True
9720,deployment,True
9721,deployment,True
9722,deployment,True
9723,deployment,True
9724,deployment,True
9725,deployment,True
9726,deployment,True
9727,deployment,True
9728,deployment,True
9729,deployment,True
9730,deployment,True
9731,deployment,True
9732,deployment,True
9733,deployment,True
9734,protocol,True
9735,protocol,True
9736,protocol,True
9737,protocol,False
9738,protocol,False
9739,protocol,False
9740,protocol,False
9741,protocol,False
9742,protocol,False
9743,deployment,True
9744,deployment,True
9745,deployment,True
9746,deployment,True
9747,deployment,True
9748,deployment,True
9749,protocol,True
9750,deployment,True
9751,deployment,True
9752,deployment,True
9753,deployment,False
9754,deployment,True
9755,deployment,True
9756,deployment,True
9757,deployment,True
9758,deployment,True
9759,deployment,True
9760,deployment,True
9761,deployment,True
9762,deployment,False
9763,protocol,False
9764,protocol,False
9765,deployment,False
9766,deployment,False
9767,protocol,False
9768,deployment,False
9769,deployment,False
9770,deployment,False
9771,protocol,False
9772,deployment,False
9773,deployment,False
9774,deployment,True
9775,protocol,False
9776,deployment,True
9777,deployment,True
9778,deployment,True
9779,protocol,True
9780,protocol,True
9781,deployment,False
9782,deployment,False
9783,deployment,True
9784,deployment,False
9785,deployment,False
9786,deployment,True
9787,deployment,False
9788,protocol,False
9789,deployment,False
9790,deployment,False
9791,protocol,False
9792,deployment,False
9793,deployment,False
9794,deployment,True
9795,deployment,True
9796,deployment,True
9797,deployment,False
9798,protocol,False
9799,deployment,False
9800,protocol,False
9801,deployment,False
9802,deployment,True
9803,deployment,True
9804,protocol,True
9805,deployment,False
9806,protocol,False
9807,deployment,True
9808,deployment,True
9809,deployment,True
9810,protocol,True
9811,protocol,False
9812,deployment,True
9813,protocol,True
9814,deployment,True
9815,deployment,True
9816,protocol,True
9817,protocol,True
9818,deployment,True
9819,deployment,True
9820,deployment,True
9821,deployment,True
9822,protocol,True
9823,protocol,True
9824,protocol,False
9825,protocol,True
9826,deployment,False
9827,deployment,False
9828,deployment,True
9829,deployment,True
9830,deployment,True
9831,deployment,True
9832,deployment,True
9833,deployment,True
9834,deployment,True
9835,deployment,True
9836,deployment,True
9837,deployment,True
9838,deployment,True
9839,deployment,True
9840,deployment,True
9841,deployment,True
9842,deployment,True
9843,deployment,True
9844,deployment,True
9845,deployment,True
9846,deployment,True
9847,deployment,True
9848,deployment,True
9849,protocol,True
9850,protocol,True
9851,protocol,True
9852,protocol,True
9853,protocol,True
9854,protocol,True
9855,protocol,True
9856,protocol,True
9857,protocol,True
9858,protocol,True
9859,protocol,True
9860,protocol,True
9861,protocol,True
9862,protocol,True
9863,protocol,True
9864,protocol,True
9865,protocol,True
9866,protocol,True
9867,protocol,True
9868,protocol,True
9869,protocol,True
9870,protocol,True
9871,protocol,True
9872,protocol,True
9873,protocol,True
9874,protocol,True
9875,protocol,True
9876,protocol,True
9877,protocol,True
9878,protocol,True
9879,protocol,True
9880,protocol,True
9881,protocol,True
9882,protocol,True
9883,protocol,True
9884,protocol,True
9885,protocol,True
9886,protocol,True
9887,protocol,True
9888,protocol,True
9889,deployment,True
9890,deployment,True
9891,deployment,True
9892,deployment,True
9893,deployment,True
9894,deployment,True
9895,deployment,True
9896,deployment,True
9897,deployment,True
9898,deployment,True
9899,deployment,True
9900,protocol,True
9901,protocol,True
9902,protocol,True
9903,protocol,True
9904,protocol,True
9905,protocol,True
9906,deployment,False
9907,deployment,True
9908,deployment,True
9909,deployment,True
9910,deployment,True
9911,deployment,False
9912,deployment,False
9913,deployment,True
9914,deployment,True
9915,deployment,False
9916,deployment,True
9917,deployment,True
9918,deployment,False
9919,deployment,True
9920,deployment,True
9921,deployment,False
9922,deployment,True
9923,deployment,True
9924,deployment,False
9925,deployment,True
9926,deployment,True
9927,deployment,True
9928,deployment,True
9929,deployment,False
9930,deployment,True
9931,deployment,True
9932,deployment,True
9933,deployment,True
9934,deployment,True
9935,deployment,True
9936,deployment,True
9937,deployment,True
9938,deployment,True
9939,deployment,True
9940,deployment,True
9941,deployment,True
9942,deployment,True
9943,deployment,True
9944,protocol,True
9945,protocol,True
9946,deployment,True
9947,deployment,True
9948,deployment,True
9949,deployment,True
9950,deployment,True
9951,deployment,True
9952,deployment,True
9953,deployment,True
9954,deployment,True
9955,deployment,True
9956,deployment,True
9957,deployment,True
9958,deployment,True
9959,deployment,True
9960,deployment,True
9961,deployment,True
9962,deployment,True
9963,deployment,True
9964,deployment,True
9965,deployment,True
9966,deployment,True
9967,deployment,True
9968,deployment,True
9969,deployment,True
9970,deployment,True
9971,deployment,True
9972,deployment,True
9973,deployment,True
9974,deployment,True
9975,deployment,True
9976,deployment,True
9977,deployment,True
9978,deployment,True
9979,protocol,True
9980,protocol,True
9981,deployment,True
9982,protocol,True
9983,protocol,True
9984,deployment,True
9985,deployment,True
9986,deployment,True
9987,deployment,True
9988,deployment,True
9989,deployment,True
9990,deployment,True
9991,protocol,True
9992,deployment,True
9993,deployment,True
9994,protocol,True
9995,protocol,True
9996,deployment,True
9997,deployment,True
9998,deployment,True
9999,deployment,True
10000,deployment,True
10001,deployment,True
10002,deployment,True
10003,deployment,True
10004,deployment,True
10005,deployment,True
10006,deployment,True
10007,deployment,False
10008,deployment,True
10009,deployment,True
10010,deployment,True
10011,deployment,False
10012,deployment,True
10013,deployment,False
10014,deployment,False
10015,deployment,True
10016,deployment,False
10017,deployment,False
10018,protocol,True
10019,protocol,True
10020,deployment,True
10021,deployment,True
10022,protocol,True
10023,deployment,True
10024,deployment,True
10025,deployment,True
10026,deployment,True
10027,protocol,True
10028,protocol,True
10029,protocol,True
10030,deployment,True
10031,deployment,False
10032,deployment,False
10033,deployment,False
10034,protocol,True
10035,deployment,False
10036,deployment,False
10037,deployment,False
10038,deployment,False
10039,protocol,True
10040,deployment,True
10041,deployment,False
10042,deployment,False
10043,deployment,False
10044,deployment,False
10045,deployment,False
10046,deployment,True
10047,deployment,True
10048,deployment,False
10049,deployment,True
10050,deployment,True
10051,protocol,True
10052,deployment,False
10053,deployment,False
10054,deployment,False
10055,deployment,False
10056,deployment,True
10057,deployment,True
10058,deployment,False
10059,deployment,False
10060,deployment,True
10061,deployment,True
10062,deployment,False
10063,deployment,False
10064,deployment,True
10065,protocol,True
10066,deployment,False
10067,deployment,False
10068,deployment,True
10069,deployment,True
10070,deployment,True
10071,deployment,False
10072,deployment,False
10073,deployment,False
10074,deployment,False
10075,protocol,True
10076,protocol,True
10077,deployment,True
10078,deployment,True
10079,principle,True
10080,deployment,True
10081,deployment,True
10082,deployment,True
10083,principle,False
10084,deployment,False
10085,deployment,False
10086,deployment,True
10087,deployment,True
10088,deployment,False
10089,deployment,False
10090,deployment,False
10091,deployment,True
10092,deployment,False
10093,deployment,False
10094,principle,True
10095,deployment,True
10096,deployment,True
10097,deployment,True
10098,principle,True
10099,principle,True
10100,deployment,False
10101,principle,True
10102,protocol,False
10103,protocol,False
10104,deployment,True
10105,deployment,True
10106,deployment,True
10107,deployment,True
10108,deployment,True
10109,deployment,True
10110,deployment,False
10111,protocol,False
10112,deployment,True
10113,principle,True
10114,protocol,True
10115,principle,False
10116,deployment,True
10117,deployment,False
10118,deployment,True
10119,deployment,False
10120,deployment,False
10121,deployment,False
10122,deployment,True
10123,protocol,False
10124,protocol,True
10125,deployment,True
10126,deployment,True
10127,deployment,False
10128,protocol,False
10129,deployment,False
10130,deployment,False
10131,deployment,False
10132,deployment,True
10133,deployment,False
10134,deployment,True
10135,deployment,True
10136,deployment,True
10137,deployment,True
10138,deployment,True
10139,deployment,True
10140,deployment,True
10141,deployment,True
10142,deployment,True
10143,deployment,False
10144,deployment,False
10145,deployment,True
10146,deployment,True
10147,deployment,False
10148,deployment,True
10149,protocol,True
10150,protocol,True
10151,protocol,True
10152,protocol,True
10153,protocol,False
10154,protocol,False
10155,protocol,True
10156,protocol,False
10157,protocol,True
10158,protocol,True
10159,deployment,False
10160,deployment,True
10161,deployment,True
10162,deployment,False
10163,deployment,False
10164,deployment,True
10165,deployment,True
10166,deployment,True
10167,deployment,True
10168,deployment,True
10169,deployment,True
10170,protocol,True
10171,protocol,True
10172,deployment,True
10173,deployment,True
10174,deployment,False
10175,deployment,False
10176,deployment,False
10177,deployment,True
10178,deployment,True
10179,deployment,False
10180,deployment,True
10181,deployment,True
10182,deployment,True
10183,protocol,True
10184,protocol,True
10185,protocol,True
10186,deployment,True
10187,deployment,True
10188,deployment,True
10189,deployment,True
10190,deployment,True
10191,deployment,True
10192,deployment,False
10193,deployment,True
10194,deployment,True
10195,protocol,True
10196,protocol,True
10197,deployment,True
10198,deployment,True
10199,protocol,True
10200,protocol,True
10201,deployment,True
10202,protocol,True
10203,protocol,True
10204,protocol,True
10205,protocol,True
10206,protocol,True
10207,protocol,True
10208,protocol,False
10209,protocol,False
10210,deployment,True
10211,deployment,True
10212,deployment,False
10213,deployment,True
10214,protocol,True
10215,deployment,True
10216,protocol,True
10217,protocol,True
10218,protocol,True
10219,protocol,False
10220,protocol,True
10221,protocol,True
10222,protocol,True
10223,protocol,False
10224,deployment,True
10225,deployment,True
10226,protocol,True
10227,protocol,True
10228,deployment,True
10229,protocol,True
10230,protocol,True
10231,deployment,True
10232,deployment,False
10233,deployment,False
10234,deployment,True
10235,deployment,True
10236,deployment,True
10237,deployment,True
10238,protocol,True
10239,protocol,True
10240,protocol,True
10241,protocol,True
10242,deployment,True
10243,deployment,True
10244,deployment,False
10245,deployment,False
10246,deployment,False
10247,deployment,False
10248,deployment,True
10249,protocol,True
10250,protocol,False
10251,deployment,True
10252,deployment,True
10253,deployment,True
10254,deployment,True
10255,deployment,True
10256,deployment,True
10257,deployment,True
10258,deployment,True
10259,protocol,True
10260,deployment,True
10261,protocol,True
10262,deployment,True
10263,deployment,True
10264,deployment,True
10265,deployment,True
10266,deployment,True
10267,deployment,True
10268,deployment,True
10269,deployment,True
10270,deployment,True
10271,deployment,True
10272,protocol,True
10273,protocol,True
10274,protocol,True
10275,protocol,True
10276,protocol,True
10277,protocol,True
10278,protocol,True
10279,protocol,True
10280,protocol,True
10281,protocol,True
10282,protocol,False
10283,protocol,False
10284,deployment,True
10285,deployment,True
10286,deployment,True
10287,deployment,True
10288,deployment,True
10289,deployment,True
10290,deployment,False
10291,deployment,False
10292,deployment,True
10293,deployment,True
10294,deployment,True
10295,deployment,True
10296,protocol,False
10297,protocol,False
10298,protocol,False
10299,protocol,False
10300,deployment,False
10301,deployment,False
10302,principle,True
10303,deployment,False
10304,protocol,False
10305,principle,True
10306,principle,True
10307,deployment,False
10308,principle,True
10309,principle,False
10310,principle,True
10311,principle,True
10312,deployment,True
10313,principle,False
10314,principle,False
10315,protocol,True
10316,protocol,False
10317,protocol,True
10318,protocol,False
10319,deployment,True
10320,principle,False
10321,deployment,True
10322,deployment,True
10323,principle,True
10324,deployment,False
10325,principle,False
10326,principle,True
10327,principle,True
10328,protocol,True
10329,protocol,False
10330,principle,False
10331,principle,False
10332,protocol,False
10333,protocol,False
10334,protocol,False
10335,protocol,False
10336,protocol,True
10337,principle,True
10338,principle,True
10339,principle,True
10340,deployment,False
10341,deployment,False
10342,deployment,True
10343,deployment,True
10344,protocol,True
10345,deployment,True
10346,principle,False
10347,principle,True
10348,protocol,True
10349,principle,True
10350,deployment,True
10351,principle,False
10352,principle,False
10353,protocol,True
10354,protocol,True
10355,protocol,True
10356,protocol,False
10357,principle,False
10358,principle,False
10359,principle,False
10360,principle,True
10361,principle,False
10362,principle,True
10363,principle,False
10364,principle,True
10365,deployment,True
10366,deployment,True
10367,deployment,True
10368,deployment,False
10369,protocol,False
10370,protocol,False
10371,deployment,False
10372,deployment,True
10373,deployment,True
10374,protocol,True
10375,deployment,True
10376,deployment,False
10377,protocol,False
10378,deployment,True
10379,protocol,True
10380,protocol,True
10381,deployment,True
10382,deployment,True
10383,deployment,True
10384,deployment,True
10385,protocol,True
10386,deployment,True
10387,deployment,True
10388,deployment,False
10389,deployment,False
10390,deployment,False
10391,deployment,False
10392,deployment,False
10393,deployment,False
10394,deployment,False
10395,deployment,False
10396,deployment,False
10397,deployment,False
10398,deployment,False
10399,deployment,False
10400,deployment,False
10401,deployment,False
10402,deployment,False
10403,deployment,False
10404,deployment,False
10405,deployment,False
10406,deployment,False
10407,deployment,False
10408,deployment,False
10409,deployment,False
10410,deployment,False
10411,deployment,False
10412,deployment,False
10413,deployment,False
10414,deployment,False
10415,deployment,False
10416,deployment,False
10417,deployment,False
10418,deployment,False
10419,deployment,False
10420,deployment,False
10421,deployment,False
10422,deployment,False
10423,deployment,False
10424,deployment,False
10425,deployment,False
10426,deployment,False
10427,deployment,False
10428,deployment,False
10429,deployment,False
10430,deployment,False
10431,deployment,False
10432,deployment,False
10433,deployment,False
10434,deployment,False
10435,deployment,False
10436,deployment,False
10437,deployment,False
10438,deployment,False
10439,deployment,False
10440,deployment,False
10441,deployment,False
10442,deployment,False
10443,deployment,False
10444,deployment,False
10445,deployment,False
10446,deployment,False
10447,deployment,False
10448,deployment,False
10449,deployment,False
10450,deployment,False
10451,deployment,False
10452,deployment,False
10453,deployment,False
10454,deployment,False
10455,deployment,False
10456,deployment,False
10457,deployment,False
10458,deployment,False
10459,deployment,False
10460,deployment,False
10461,deployment,False
10462,deployment,False
10463,deployment,False
10464,deployment,False
10465,deployment,False
10466,deployment,False
10467,deployment,False
10468,deployment,False
10469,deployment,False
10470,deployment,False
10471,deployment,False
10472,deployment,False
10473,deployment,False
10474,protocol,False
10475,protocol,False
10476,deployment,False
10477,deployment,False
10478,protocol,False
10479,protocol,False
10480,protocol,False
10481,protocol,False
10482,deployment,False
10483,deployment,False
10484,deployment,False
10485,protocol,False
10486,deployment,False
10487,deployment,False
10488,protocol,False
10489,protocol,False
10490,deployment,False
10491,deployment,False
10492,deployment,False
10493,deployment,False
10494,deployment,False
10495,deployment,False
10496,protocol,False
10497,deployment,False
10498,deployment,False
10499,deployment,False
10500,deployment,False
10501,deployment,False
10502,deployment,False
10503,deployment,False
10504,deployment,False
10505,deployment,False
10506,protocol,False
10507,protocol,False
10508,deployment,False
10509,deployment,False
10510,deployment,False
10511,deployment,False
10512,deployment,False
10513,deployment,False
10514,protocol,False
10515,deployment,False
10516,protocol,False
10517,protocol,False
10518,protocol,False
10519,protocol,False
10520,deployment,False
10521,deployment,False
10522,deployment,False
10523,deployment,False
10524,deployment,False
10525,deployment,False
10526,protocol,False
10527,protocol,False
10528,deployment,False
10529,protocol,False
10530,protocol,False
10531,deployment,False
10532,protocol,False
10533,deployment,False
10534,deployment,False
10535,deployment,False
10536,deployment,False
10537,deployment,False
10538,deployment,False
10539,deployment,False
10540,deployment,False
10541,deployment,False
10542,protocol,False
10543,deployment,False
10544,deployment,False
10545,deployment,False
10546,protocol,False
10547,protocol,False
10548,deployment,False
10549,deployment,False
10550,protocol,False
10551,protocol,False
10552,deployment,False
10553,deployment,False
10554,deployment,False
10555,deployment,False
10556,deployment,False
10557,deployment,False
10558,protocol,False
10559,protocol,False
10560,deployment,False
10561,deployment,False
10562,deployment,False
10563,protocol,False
10564,protocol,False
10565,protocol,False
10566,protocol,False
10567,deployment,False
10568,deployment,False
10569,protocol,False
10570,deployment,False
10571,protocol,False
10572,protocol,False
10573,protocol,False
10574,deployment,False
10575,protocol,False
10576,protocol,False
10577,protocol,False
10578,deployment,False
10579,deployment,True
10580,protocol,True
10581,protocol,True
10582,deployment,True
10583,deployment,True
10584,deployment,True
10585,deployment,True
10586,protocol,True
10587,protocol,True
10588,protocol,True
10589,protocol,True
10590,deployment,True
10591,protocol,True
10592,protocol,True
10593,deployment,False
10594,deployment,False
10595,deployment,True
10596,deployment,True
10597,deployment,True
10598,protocol,True
10599,protocol,True
10600,deployment,True
10601,protocol,True
10602,protocol,True
10603,deployment,True
10604,deployment,True
10605,deployment,True
10606,protocol,True
10607,protocol,True
10608,deployment,True
10609,deployment,True
10610,protocol,False
10611,protocol,True
10612,protocol,False
10613,protocol,True
10614,deployment,False
10615,deployment,False
10616,protocol,False
10617,deployment,True
10618,deployment,True
10619,deployment,True
10620,deployment,True
10621,deployment,False
10622,protocol,False
10623,protocol,True
10624,deployment,True
10625,deployment,True
10626,deployment,True
10627,protocol,True
10628,protocol,True
10629,protocol,True
10630,protocol,True
10631,deployment,True
10632,deployment,True
10633,deployment,True
10634,deployment,True
10635,protocol,True
10636,protocol,True
10637,protocol,True
10638,protocol,True
10639,protocol,True
10640,deployment,True
10641,protocol,True
10642,protocol,True
10643,deployment,True
10644,protocol,True
10645,protocol,True
10646,protocol,True
10647,deployment,True
10648,deployment,True
10649,deployment,True
10650,protocol,False
10651,protocol,True
10652,protocol,True
10653,protocol,True
10654,protocol,True
10655,protocol,True
10656,deployment,False
10657,protocol,False
10658,protocol,True
10659,deployment,True
10660,deployment,True
10661,deployment,True
10662,deployment,True
10663,deployment,True
10664,deployment,True
10665,deployment,True
10666,deployment,True
10667,deployment,False
10668,deployment,False
10669,deployment,False
10670,deployment,False
10671,deployment,False
10672,deployment,False
10673,deployment,False
10674,deployment,False
10675,deployment,False
10676,deployment,False
10677,protocol,True
10678,protocol,True
10679,deployment,False
10680,deployment,False
10681,deployment,False
10682,deployment,False
10683,deployment,True
10684,deployment,True
10685,deployment,False
10686,deployment,False
10687,deployment,False
10688,deployment,False
10689,deployment,False
10690,deployment,False
10691,deployment,False
10692,deployment,False
10693,deployment,False
10694,deployment,False
10695,deployment,False
10696,deployment,False
10697,deployment,False
10698,deployment,False
10699,deployment,False
10700,deployment,False
10701,protocol,True
10702,deployment,False
10703,deployment,False
10704,deployment,False
10705,deployment,False
10706,deployment,False
10707,deployment,False
10708,protocol,True
10709,deployment,False
10710,deployment,False
10711,deployment,False
10712,deployment,False
10713,deployment,False
10714,deployment,False
10715,deployment,False
10716,deployment,False
10717,deployment,False
10718,deployment,False
10719,deployment,False
10720,deployment,False
10721,deployment,False
10722,deployment,False
10723,deployment,False
10724,deployment,False
10725,deployment,False
10726,deployment,False
10727,deployment,False
10728,deployment,False
10729,deployment,False
10730,deployment,False
10731,deployment,False
10732,deployment,False
10733,deployment,False
10734,deployment,False
10735,deployment,False
10736,deployment,False
10737,deployment,False
10738,deployment,False
10739,deployment,False
10740,deployment,False
10741,deployment,False
10742,deployment,False
10743,deployment,False
10744,deployment,False
10745,deployment,False
10746,deployment,False
10747,deployment,False
10748,deployment,False
10749,deployment,False
10750,deployment,False
10751,deployment,False
10752,deployment,False
10753,deployment,False
10754,deployment,False
10755,deployment,False
10756,deployment,False
10757,deployment,False
10758,deployment,False
10759,protocol,False
10760,protocol,False
10761,protocol,False
10762,protocol,False
10763,deployment,False
10764,protocol,True
10765,protocol,True
10766,deployment,False
10767,protocol,True
10768,protocol,True
10769,protocol,True
10770,deployment,False
10771,deployment,False
10772,deployment,False
10773,deployment,False
10774,protocol,True
10775,deployment,False
10776,protocol,True
10777,deployment,False
10778,deployment,False
10779,protocol,True
10780,deployment,False
10781,protocol,True
10782,deployment,False
10783,deployment,False
10784,deployment,False
10785,deployment,False
10786,deployment,False
10787,deployment,False
10788,deployment,False
10789,deployment,False
10790,deployment,False
10791,protocol,True
10792,protocol,True
10793,deployment,False
10794,protocol,True
10795,protocol,True
10796,deployment,False
10797,deployment,False
10798,deployment,False
10799,protocol,True
10800,protocol,True
10801,protocol,True
10802,protocol,True
10803,deployment,False
10804,deployment,False
10805,protocol,True
10806,protocol,True
10807,protocol,True
10808,protocol,True
10809,protocol,True
10810,protocol,True
10811,protocol,True
10812,protocol,True
10813,deployment,False
10814,deployment,False
10815,deployment,False
10816,deployment,False
10817,deployment,False
10818,deployment,False
10819,protocol,True
10820,protocol,True
10821,protocol,True
10822,protocol,True
10823,protocol,True
10824,deployment,False
10825,protocol,True
10826,protocol,True
10827,protocol,True
10828,protocol,True
10829,deployment,False
10830,deployment,False
10831,protocol,True
10832,protocol,True
10833,protocol,True
10834,deployment,False
10835,deployment,False
10836,deployment,False
10837,deployment,False
10838,deployment,False
10839,deployment,False
10840,deployment,False
10841,deployment,False
10842,deployment,False
10843,deployment,False
10844,deployment,False
10845,protocol,True
10846,deployment,False
10847,deployment,False
10848,deployment,False
10849,deployment,False
10850,deployment,False
10851,deployment,False
10852,deployment,False
10853,protocol,True
10854,deployment,False
10855,principle,True
10856,deployment,False
10857,deployment,False
10858,deployment,False
10859,principle,True
10860,protocol,False
10861,deployment,True
10862,deployment,True
10863,deployment,True
10864,deployment,True
10865,deployment,True
10866,deployment,True
10867,deployment,True
10868,deployment,True
10869,deployment,True
10870,deployment,True
10871,deployment,True
10872,deployment,True
10873,deployment,True
10874,deployment,True
10875,protocol,False
10876,protocol,False
10877,protocol,False
10878,deployment,True
10879,deployment,True
10880,protocol,False
10881,deployment,True
10882,deployment,True
10883,protocol,False
10884,protocol,False
10885,deployment,True
10886,protocol,False
10887,protocol,False
10888,deployment,True
10889,deployment,True
10890,deployment,True
10891,protocol,False
10892,deployment,True
10893,protocol,False
10894,deployment,True
10895,deployment,True
10896,protocol,False
10897,protocol,False
10898,deployment,True
10899,deployment,True
10900,protocol,False
10901,protocol,False
10902,protocol,False
10903,deployment,True
10904,deployment,True
10905,deployment,True
10906,protocol,False
10907,protocol,False
10908,protocol,False
10909,deployment,True
10910,deployment,True
10911,deployment,True
10912,deployment,True
10913,protocol,False
10914,protocol,False
10915,deployment,True
10916,deployment,True
10917,protocol,False
10918,deployment,True
10919,deployment,True
10920,deployment,True
10921,deployment,True
10922,protocol,False
10923,deployment,True
10924,deployment,True
10925,deployment,True
10926,protocol,False
10927,protocol,False
10928,protocol,False
10929,protocol,False
10930,deployment,True
10931,deployment,True
10932,deployment,True
10933,deployment,True
10934,protocol,False
10935,deployment,True
10936,protocol,False
10937,protocol,False
10938,deployment,True
10939,protocol,False
10940,deployment,True
10941,protocol,False
10942,deployment,True
10943,deployment,True
10944,deployment,True
10945,deployment,True
10946,deployment,True
10947,deployment,True
10948,deployment,True
10949,deployment,True
10950,protocol,False
10951,deployment,True
10952,deployment,True
10953,deployment,True
10954,deployment,True
10955,deployment,True
10956,deployment,True
10957,deployment,True
10958,deployment,True
10959,deployment,True
10960,deployment,True
10961,deployment,True
10962,deployment,True
10963,deployment,True
10964,deployment,True
10965,deployment,True
10966,deployment,True
10967,deployment,True
10968,deployment,True
10969,deployment,True
10970,protocol,False
10971,protocol,False
10972,protocol,True
10973,protocol,True
10974,protocol,True
10975,protocol,True
10976,protocol,False
10977,protocol,False
10978,protocol,True
10979,protocol,True
10980,protocol,False
10981,protocol,False
10982,protocol,False
10983,protocol,False
10984,protocol,False
10985,protocol,False
10986,protocol,True
10987,protocol,True
10988,protocol,True
10989,protocol,True
10990,protocol,False
10991,protocol,True
10992,protocol,True
10993,protocol,True
10994,protocol,True
10995,protocol,False
10996,protocol,True
10997,protocol,False
10998,protocol,False
10999,protocol,False
11000,protocol,True
11001,protocol,True
11002,protocol,True
11003,protocol,True
11004,protocol,True
11005,protocol,True
11006,protocol,True
11007,protocol,True
11008,protocol,True
11009,protocol,True
11010,protocol,True
11011,protocol,True
11012,protocol,True
11013,protocol,True
11014,protocol,True
11015,protocol,True
11016,protocol,True
11017,protocol,False
11018,protocol,False
11019,protocol,True
11020,protocol,True
11021,protocol,False
11022,protocol,False
11023,protocol,True
11024,protocol,True
11025,protocol,True
11026,protocol,True
11027,protocol,False
11028,protocol,False
11029,protocol,False
11030,protocol,True
11031,protocol,True
11032,protocol,True
11033,protocol,True
11034,protocol,True
11035,protocol,True
11036,protocol,True
11037,protocol,True
11038,protocol,True
11039,protocol,True
11040,protocol,True
11041,protocol,True
11042,protocol,True
11043,protocol,True
11044,protocol,True
11045,protocol,True
11046,protocol,True
11047,protocol,True
11048,protocol,True
11049,protocol,True
11050,protocol,True
11051,protocol,False
11052,protocol,False
11053,protocol,False
11054,protocol,False
11055,protocol,False
11056,protocol,False
11057,protocol,True
11058,protocol,True
11059,protocol,False
11060,protocol,False
11061,protocol,False
11062,protocol,False
11063,protocol,False
11064,protocol,True
11065,protocol,True
11066,protocol,True
11067,protocol,True
11068,protocol,True
11069,protocol,True
11070,protocol,True
11071,deployment,False
11072,deployment,False
11073,deployment,False
11074,deployment,False
11075,deployment,False
11076,deployment,False
11077,deployment,False
11078,deployment,False
11079,deployment,False
11080,deployment,False
11081,deployment,False
11082,deployment,False
11083,deployment,False
11084,deployment,False
11085,deployment,False
11086,deployment,False
11087,deployment,False
11088,deployment,False
11089,deployment,False
11090,deployment,False
11091,deployment,False
11092,deployment,False
11093,deployment,False
11094,deployment,False
11095,deployment,False
11096,deployment,False
11097,deployment,False
11098,deployment,False
11099,deployment,False
11100,deployment,False
11101,deployment,False
11102,deployment,False
11103,deployment,False
11104,deployment,False
11105,deployment,False
11106,deployment,False
11107,deployment,False
11108,deployment,False
11109,deployment,False
11110,deployment,False
11111,deployment,False
11112,deployment,False
11113,deployment,False
11114,deployment,False
11115,deployment,False
11116,deployment,False
11117,deployment,False
11118,deployment,False
11119,deployment,False
11120,deployment,False
11121,deployment,False
11122,deployment,False
11123,deployment,False
11124,deployment,False
11125,deployment,False
11126,deployment,False
11127,deployment,False
11128,deployment,False
11129,deployment,False
11130,deployment,False
11131,deployment,False
11132,deployment,False
11133,deployment,False
11134,deployment,False
11135,deployment,False
11136,deployment,False
11137,deployment,False
11138,deployment,False
11139,deployment,False
11140,deployment,False
11141,deployment,False
11142,deployment,False
11143,deployment,False
11144,deployment,False
11145,deployment,False
11146,deployment,False
11147,deployment,False
11148,deployment,False
11149,deployment,False
11150,deployment,False
11151,deployment,False
11152,deployment,False
11153,deployment,False
11154,deployment,False
11155,deployment,False
11156,deployment,False
11157,deployment,False
11158,deployment,False
11159,deployment,False
11160,deployment,False
11161,deployment,False
11162,deployment,False
11163,deployment,False
11164,deployment,False
11165,deployment,False
11166,deployment,False
11167,protocol,False
11168,deployment,False
11169,protocol,False
11170,protocol,False
11171,deployment,False
11172,deployment,False
11173,deployment,False
11174,deployment,False
11175,deployment,False
11176,protocol,False
11177,protocol,False
11178,protocol,False
11179,deployment,False
11180,deployment,False
11181,deployment,False
11182,protocol,False
11183,protocol,False
11184,protocol,False
11185,protocol,False
11186,protocol,False
11187,protocol,False
11188,protocol,False
11189,protocol,False
11190,deployment,False
11191,deployment,False
11192,protocol,False
11193,protocol,False
11194,protocol,False
11195,protocol,False
11196,deployment,False
11197,deployment,False
11198,deployment,False
11199,deployment,False
11200,deployment,False
11201,deployment,False
11202,deployment,False
11203,deployment,False
11204,deployment,False
11205,deployment,False
11206,deployment,False
11207,deployment,False
11208,deployment,False
11209,deployment,False
11210,deployment,False
11211,deployment,False
11212,deployment,False
11213,deployment,False
11214,deployment,False
11215,deployment,False
11216,deployment,False
11217,deployment,False
11218,deployment,False
11219,deployment,False
11220,protocol,False
11221,deployment,False
11222,deployment,False
11223,deployment,False
11224,protocol,False
11225,protocol,False
11226,protocol,False
11227,protocol,False
11228,deployment,False
11229,deployment,False
11230,protocol,False
11231,deployment,False
11232,deployment,False
11233,deployment,False
11234,protocol,False
11235,protocol,False
11236,deployment,False
11237,protocol,False
11238,protocol,False
11239,protocol,False
11240,protocol,False
11241,deployment,False
11242,protocol,False
11243,protocol,False
11244,protocol,False
11245,protocol,False
11246,deployment,False
11247,deployment,False
11248,deployment,False
11249,deployment,False
11250,deployment,False
11251,deployment,False
11252,deployment,False
11253,deployment,False
11254,deployment,False
11255,protocol,False
11256,protocol,False
11257,protocol,False
11258,protocol,False
11259,protocol,False
11260,deployment,False
11261,deployment,False
11262,deployment,False
11263,deployment,False
11264,deployment,False
11265,deployment,False
11266,deployment,False
11267,deployment,False
11268,deployment,False
11269,deployment,False
11270,protocol,False
11271,protocol,False
11272,deployment,False
11273,deployment,False
11274,deployment,False
11275,protocol,False
11276,protocol,False
11277,protocol,False
11278,protocol,False
11279,protocol,False
11280,protocol,False
11281,protocol,False
11282,protocol,False
11283,protocol,False
11284,protocol,False
11285,deployment,False
11286,deployment,False
11287,deployment,False
11288,protocol,False
11289,protocol,False
11290,deployment,False
11291,protocol,False
11292,protocol,False
11293,protocol,False
11294,protocol,False
11295,protocol,False
11296,protocol,False
11297,protocol,False
11298,deployment,False
11299,protocol,False
11300,protocol,False
11301,protocol,False
11302,protocol,False
11303,protocol,False
11304,protocol,False
11305,protocol,False
11306,protocol,False
11307,protocol,False
11308,protocol,False
11309,protocol,False
11310,protocol,False
11311,protocol,False
11312,protocol,False
11313,protocol,False
11314,protocol,False
11315,deployment,False
11316,deployment,False
11317,deployment,False
11318,deployment,False
11319,deployment,False
11320,deployment,False
11321,protocol,False
11322,protocol,False
11323,protocol,False
11324,protocol,False
11325,protocol,False
11326,protocol,False
11327,protocol,False
11328,protocol,False
11329,deployment,False
11330,deployment,False
11331,deployment,False
11332,deployment,False
11333,deployment,False
11334,deployment,False
11335,deployment,False
11336,deployment,False
11337,deployment,False
11338,deployment,False
11339,deployment,False
11340,protocol,False
11341,protocol,False
11342,deployment,True
11343,protocol,False
11344,protocol,False
11345,protocol,False
11346,protocol,False
11347,protocol,False
11348,protocol,False
11349,protocol,False
11350,protocol,False
11351,protocol,False
11352,deployment,False
11353,protocol,True
11354,protocol,False
11355,protocol,False
11356,protocol,False
11357,deployment,True
11358,deployment,True
11359,deployment,False
11360,protocol,True
11361,protocol,False
11362,protocol,True
11363,protocol,False
11364,deployment,False
11365,deployment,True
11366,deployment,False
11367,deployment,True
11368,deployment,True
11369,deployment,True
11370,deployment,True
11371,deployment,True
11372,protocol,False
11373,protocol,False
11374,protocol,False
11375,protocol,False
11376,protocol,False
11377,protocol,False
11378,deployment,True
11379,deployment,True
11380,deployment,True
11381,deployment,True
11382,deployment,True
11383,deployment,True
11384,deployment,True
11385,deployment,True
11386,deployment,True
11387,deployment,True
11388,deployment,True
11389,deployment,True
11390,deployment,True
11391,deployment,True
11392,deployment,True
11393,deployment,True
11394,deployment,True
11395,deployment,True
11396,deployment,True
11397,deployment,True
11398,deployment,True
11399,deployment,True
11400,deployment,True
11401,deployment,True
11402,deployment,True
11403,deployment,True
11404,deployment,True
11405,deployment,True
11406,deployment,True
11407,deployment,True
11408,deployment,True
11409,deployment,True
11410,deployment,True
11411,deployment,True
11412,deployment,True
11413,deployment,True
11414,deployment,True
11415,deployment,True
11416,deployment,True
11417,deployment,True
11418,deployment,True
11419,deployment,True
11420,deployment,True
11421,deployment,True
11422,deployment,True
11423,deployment,True
11424,deployment,True
11425,deployment,True
11426,deployment,True
11427,deployment,True
11428,deployment,True
11429,deployment,True
11430,deployment,False
11431,deployment,False
11432,deployment,False
11433,deployment,False
11434,deployment,False
11435,deployment,False
11436,deployment,False
11437,deployment,False
11438,deployment,False
11439,deployment,False
11440,deployment,False
11441,deployment,False
11442,deployment,False
11443,deployment,False
11444,deployment,False
11445,deployment,False
11446,deployment,False
11447,deployment,False
11448,deployment,False
11449,deployment,False
11450,deployment,False
11451,deployment,False
11452,deployment,False
11453,deployment,False
11454,deployment,False
11455,deployment,False
11456,deployment,False
11457,deployment,False
11458,deployment,False
11459,deployment,False
11460,deployment,False
11461,deployment,False
11462,deployment,False
11463,deployment,False
11464,deployment,False
11465,deployment,False
11466,deployment,False
11467,deployment,False
11468,deployment,False
11469,deployment,False
11470,deployment,False
11471,deployment,False
11472,deployment,False
11473,deployment,False
11474,deployment,False
11475,deployment,False
11476,deployment,False
11477,deployment,False
11478,deployment,False
11479,deployment,False
11480,deployment,False
11481,deployment,False
11482,deployment,False
11483,deployment,False
11484,deployment,False
11485,deployment,False
11486,deployment,False
11487,deployment,False
11488,deployment,False
11489,deployment,False
11490,deployment,False
11491,deployment,False
11492,deployment,False
11493,deployment,False
11494,deployment,False
11495,deployment,False
11496,deployment,False
11497,deployment,False
11498,deployment,False
11499,deployment,False
11500,deployment,False
11501,deployment,False
11502,deployment,False
11503,deployment,False
11504,deployment,False
11505,deployment,False
11506,deployment,False
11507,deployment,False
11508,deployment,False
11509,deployment,False
11510,deployment,False
11511,deployment,False
11512,deployment,False
11513,deployment,False
11514,deployment,False
11515,deployment,False
11516,deployment,False
11517,deployment,False
11518,deployment,False
11519,deployment,False
11520,deployment,False
11521,deployment,False
11522,deployment,False
11523,deployment,False
11524,deployment,False
11525,deployment,False
11526,deployment,False
11527,deployment,False
11528,deployment,False
11529,protocol,True
11530,protocol,True
11531,protocol,True
11532,protocol,True
11533,protocol,True
11534,deployment,False
11535,protocol,True
11536,protocol,True
11537,protocol,True
11538,protocol,True
11539,protocol,True
11540,protocol,True
11541,deployment,True
11542,deployment,True
11543,deployment,False
11544,deployment,False
11545,deployment,False
11546,deployment,False
11547,deployment,False
11548,deployment,False
11549,deployment,False
11550,deployment,False
11551,deployment,False
11552,deployment,False
11553,deployment,False
11554,deployment,False
11555,deployment,False
11556,protocol,True
11557,deployment,False
11558,deployment,False
11559,deployment,False
11560,deployment,False
11561,deployment,False
11562,deployment,False
11563,deployment,False
11564,deployment,False
11565,deployment,False
11566,deployment,False
11567,deployment,False
11568,protocol,True
11569,protocol,True
11570,deployment,False
11571,deployment,False
11572,protocol,True
11573,deployment,False
11574,deployment,False
11575,deployment,False
11576,deployment,False
11577,deployment,False
11578,deployment,False
11579,deployment,False
11580,deployment,False
11581,deployment,False
11582,deployment,False
11583,deployment,False
11584,deployment,True
11585,deployment,True
11586,deployment,True
11587,deployment,True
11588,deployment,True
11589,deployment,True
11590,deployment,False
11591,deployment,False
11592,deployment,False
11593,deployment,False
11594,deployment,False
11595,deployment,False
11596,deployment,False
11597,deployment,False
11598,deployment,False
11599,protocol,True
11600,deployment,False
11601,deployment,False
11602,deployment,False
11603,deployment,False
11604,protocol,False
11605,deployment,False
11606,deployment,False
11607,deployment,False
11608,protocol,False
11609,deployment,False
11610,protocol,False
11611,deployment,False
11612,deployment,False
11613,deployment,False
11614,deployment,False
11615,deployment,False
11616,deployment,False
11617,deployment,False
11618,deployment,False
11619,deployment,False
11620,deployment,False
11621,deployment,False
11622,deployment,False
11623,deployment,False
11624,deployment,False
11625,deployment,False
11626,deployment,False
11627,deployment,False
11628,deployment,False
11629,deployment,False
11630,deployment,False
11631,deployment,False
11632,deployment,False
11633,deployment,False
11634,deployment,False
11635,deployment,False
11636,deployment,False
11637,deployment,False
11638,deployment,False
11639,deployment,False
11640,deployment,False
11641,deployment,False
11642,deployment,False
11643,deployment,False
11644,deployment,False
11645,deployment,False
11646,deployment,False
11647,deployment,False
11648,deployment,False
11649,deployment,False
11650,deployment,False
11651,deployment,False
11652,deployment,False
11653,deployment,False
11654,deployment,False
11655,deployment,False
11656,deployment,False
11657,deployment,False
11658,deployment,False
11659,deployment,False
11660,deployment,False
11661,deployment,False
11662,deployment,False
11663,deployment,False
11664,deployment,False
11665,protocol,False
11666,deployment,False
11667,deployment,False
11668,deployment,False
11669,protocol,False
11670,protocol,False
11671,protocol,False
11672,protocol,False
11673,protocol,False
11674,protocol,False
11675,protocol,False
11676,protocol,False
11677,protocol,False
11678,protocol,False
11679,protocol,False
11680,protocol,False
11681,protocol,False
11682,protocol,False
11683,protocol,False
11684,protocol,False
11685,protocol,False
11686,protocol,False
11687,protocol,False
11688,protocol,False
11689,protocol,False
11690,protocol,False
11691,deployment,False
11692,deployment,False
11693,deployment,False
11694,deployment,False
11695,protocol,True
11696,protocol,False
11697,protocol,True
11698,deployment,False
11699,protocol,False
11700,deployment,False
11701,deployment,False
11702,deployment,False
11703,deployment,False
11704,protocol,True
11705,protocol,False
11706,protocol,True
11707,protocol,False
11708,protocol,False
11709,protocol,False
11710,protocol,False
11711,deployment,False
11712,deployment,False
11713,protocol,False
11714,deployment,False
11715,protocol,False
11716,protocol,False
11717,deployment,False
11718,deployment,False
11719,protocol,False
11720,protocol,False
11721,deployment,False
11722,deployment,False
11723,deployment,False
11724,deployment,False
11725,protocol,False
11726,protocol,False
11727,deployment,False
11728,deployment,False
11729,deployment,False
11730,protocol,False
11731,protocol,False
11732,deployment,False
11733,protocol,False
11734,deployment,False
11735,deployment,False
11736,deployment,False
11737,deployment,False
11738,deployment,False
11739,deployment,False
11740,deployment,False
11741,protocol,False
11742,protocol,False
11743,deployment,False
11744,deployment,False
11745,deployment,False
11746,protocol,False
11747,protocol,False
11748,protocol,False
11749,deployment,False
11750,deployment,False
11751,deployment,False
11752,deployment,False
11753,deployment,False
11754,deployment,False
11755,deployment,False
11756,deployment,False
11757,protocol,False
11758,deployment,False
11759,deployment,False
11760,deployment,False
11761,deployment,False
11762,deployment,False
11763,deployment,False
11764,protocol,False
11765,deployment,False
11766,deployment,False
11767,protocol,True
11768,deployment,True
11769,deployment,True
11770,deployment,True
11771,deployment,True
11772,deployment,True
11773,deployment,True
11774,protocol,True
11775,deployment,True
11776,deployment,True
11777,protocol,True
11778,deployment,True
11779,protocol,True
11780,protocol,True
11781,deployment,True
11782,deployment,False
11783,protocol,True
11784,deployment,True
11785,deployment,True
11786,deployment,True
11787,protocol,True
11788,protocol,True
11789,deployment,True
11790,deployment,True
11791,deployment,True
11792,deployment,True
11793,deployment,True
11794,protocol,True
11795,deployment,True
11796,protocol,True
11797,deployment,True
11798,protocol,True
11799,protocol,True
11800,protocol,True
11801,deployment,True
11802,deployment,True
11803,protocol,True
11804,protocol,True
11805,deployment,True
11806,protocol,True
11807,deployment,True
11808,protocol,True
11809,protocol,True
11810,protocol,True
11811,protocol,True
11812,deployment,True
11813,deployment,True
11814,deployment,True
11815,deployment,True
11816,deployment,True
11817,protocol,True
11818,deployment,True
11819,protocol,True
11820,deployment,True
11821,deployment,True
11822,protocol,True
11823,deployment,True
11824,deployment,True
11825,protocol,True
11826,deployment,True
11827,protocol,True
11828,deployment,True
11829,deployment,True
11830,deployment,True
11831,protocol,True
11832,deployment,True
11833,protocol,True
11834,deployment,True
11835,deployment,True
11836,protocol,True
11837,protocol,True
11838,deployment,True
11839,protocol,True
11840,protocol,True
11841,protocol,True
11842,protocol,True
11843,deployment,False
11844,deployment,True
11845,deployment,True
11846,deployment,True
11847,deployment,True
11848,deployment,True
11849,deployment,True
11850,deployment,True
11851,deployment,True
11852,deployment,True
11853,deployment,True
11854,deployment,True
11855,deployment,True
11856,deployment,False
11857,deployment,False
11858,deployment,True
11859,deployment,True
11860,deployment,True
11861,deployment,True
11862,deployment,True
11863,deployment,True
11864,deployment,True
11865,deployment,True
11866,deployment,True
11867,deployment,True
11868,deployment,True
11869,deployment,True
11870,deployment,True
11871,deployment,True
11872,deployment,True
11873,deployment,True
11874,deployment,True
11875,deployment,True
11876,deployment,True
11877,deployment,True
11878,deployment,True
11879,deployment,True
11880,deployment,True
11881,deployment,True
11882,deployment,True
11883,deployment,True
11884,deployment,True
11885,deployment,True
11886,deployment,True
11887,deployment,True
11888,deployment,True
11889,deployment,True
11890,deployment,True
11891,deployment,True
11892,deployment,True
11893,deployment,True
11894,deployment,False
11895,deployment,False
11896,deployment,True
11897,deployment,False
11898,deployment,True
11899,deployment,False
11900,deployment,False
11901,deployment,False
11902,deployment,False
11903,deployment,False
11904,deployment,True
11905,deployment,True
11906,protocol,True
11907,protocol,False
11908,protocol,True
11909,deployment,True
11910,deployment,True
11911,protocol,True
11912,deployment,False
11913,deployment,True
11914,deployment,True
11915,deployment,True
11916,deployment,True
11917,deployment,True
11918,protocol,False
11919,deployment,False
11920,protocol,False
11921,protocol,True
11922,protocol,True
11923,deployment,False
11924,protocol,True
11925,deployment,False
11926,deployment,False
11927,deployment,False
11928,deployment,True
11929,deployment,True
11930,deployment,True
11931,deployment,False
11932,deployment,False
11933,deployment,False
11934,deployment,False
11935,deployment,False
11936,deployment,False
11937,deployment,False
11938,protocol,True
11939,protocol,True
11940,deployment,False
11941,deployment,False
11942,deployment,False
11943,deployment,False
11944,deployment,False
11945,deployment,False
11946,deployment,False
11947,deployment,False
11948,deployment,False
11949,deployment,False
11950,deployment,False
11951,deployment,False
11952,deployment,False
11953,deployment,False
11954,deployment,False
11955,deployment,False
11956,deployment,False
11957,deployment,False
11958,deployment,False
11959,deployment,False
11960,deployment,False
11961,deployment,False
11962,deployment,False
11963,deployment,False
11964,deployment,False
11965,deployment,False
11966,deployment,False
11967,deployment,False
11968,deployment,False
11969,deployment,False
11970,deployment,False
11971,deployment,False
11972,deployment,False
11973,deployment,False
11974,deployment,False
11975,deployment,False
11976,deployment,False
11977,deployment,False
11978,deployment,False
11979,deployment,False
11980,deployment,False
11981,deployment,False
11982,deployment,False
11983,deployment,False
11984,deployment,False
11985,deployment,False
11986,deployment,False
11987,deployment,False
11988,deployment,False
11989,deployment,False
11990,deployment,False
11991,deployment,False
11992,deployment,False
11993,deployment,False
11994,deployment,False
11995,deployment,False
11996,deployment,False
11997,deployment,False
11998,deployment,False
11999,deployment,False
12000,deployment,False
12001,deployment,False
12002,deployment,False
12003,deployment,False
12004,deployment,False
12005,deployment,False
12006,deployment,False
12007,deployment,False
12008,deployment,False
12009,protocol,True
12010,protocol,True
12011,protocol,True
12012,protocol,True
12013,protocol,True
12014,protocol,True
12015,protocol,True
12016,protocol,True
12017,deployment,True
12018,deployment,True
12019,protocol,False
12020,protocol,True
12021,deployment,True
12022,deployment,True
12023,deployment,True
12024,deployment,True
12025,protocol,True
12026,protocol,True
12027,protocol,True
12028,protocol,True
12029,protocol,True
12030,protocol,True
12031,protocol,True
12032,deployment,True
12033,deployment,True
12034,deployment,True
12035,deployment,True
12036,deployment,True
12037,deployment,True
12038,deployment,True
12039,deployment,True
12040,deployment,True
12041,deployment,True
12042,deployment,True
12043,deployment,True
12044,deployment,True
12045,deployment,True
12046,deployment,True
12047,deployment,True
12048,deployment,True
12049,deployment,True
12050,deployment,True
12051,deployment,True
12052,deployment,True
12053,deployment,True
12054,deployment,True
12055,deployment,True
12056,deployment,True
12057,deployment,True
12058,deployment,True
12059,protocol,True
12060,protocol,True
12061,protocol,True
12062,protocol,True
12063,deployment,True
12064,protocol,True
12065,protocol,True
12066,deployment,True
12067,protocol,True
12068,protocol,True
12069,protocol,True
12070,protocol,True
12071,protocol,True
12072,protocol,True
12073,deployment,True
12074,deployment,True
12075,deployment,True
12076,deployment,True
12077,deployment,True
12078,deployment,True
12079,deployment,True
12080,deployment,True
12081,deployment,True
12082,deployment,True
12083,deployment,True
12084,deployment,True
12085,deployment,True
12086,deployment,True
12087,deployment,True
12088,deployment,True
12089,deployment,True
12090,deployment,True
12091,deployment,True
12092,deployment,True
12093,principle,True
12094,principle,True
12095,deployment,True
12096,deployment,True
12097,deployment,True
12098,deployment,True
12099,protocol,False
12100,protocol,False
12101,protocol,True
12102,protocol,False
12103,protocol,True
12104,protocol,False
12105,protocol,True
12106,protocol,False
12107,protocol,True
12108,protocol,False
12109,protocol,True
12110,protocol,False
12111,protocol,True
12112,deployment,False
12113,deployment,False
12114,protocol,False
12115,protocol,False
12116,protocol,True
12117,protocol,False
12118,protocol,False
12119,protocol,False
12120,protocol,False
12121,protocol,True
12122,protocol,False
12123,protocol,True
12124,protocol,False
12125,deployment,False
12126,protocol,False
12127,protocol,False
12128,deployment,False
12129,deployment,False
12130,protocol,False
12131,protocol,True
12132,protocol,False
12133,protocol,False
12134,protocol,True
12135,protocol,False
12136,deployment,False
12137,deployment,False
12138,protocol,False
12139,protocol,True
12140,protocol,False
12141,deployment,False
12142,deployment,False
12143,deployment,False
12144,deployment,False
12145,deployment,False
12146,protocol,False
12147,protocol,True
12148,protocol,False
12149,protocol,True
12150,protocol,False
12151,protocol,False
12152,protocol,True
12153,protocol,False
12154,protocol,False
12155,protocol,True
12156,protocol,False
12157,protocol,True
12158,deployment,False
12159,protocol,False
12160,protocol,True
12161,protocol,False
12162,protocol,False
12163,deployment,False
12164,deployment,False
12165,deployment,False
12166,deployment,False
12167,deployment,False
12168,deployment,False
12169,deployment,False
12170,deployment,False
12171,deployment,False
12172,deployment,False
12173,deployment,False
12174,deployment,False
12175,protocol,False
12176,protocol,False
12177,protocol,True
12178,protocol,False
12179,deployment,False
12180,deployment,False
12181,deployment,False
12182,protocol,False
12183,protocol,False
12184,deployment,False
12185,deployment,False
12186,deployment,False
12187,protocol,False
12188,protocol,False
12189,protocol,False
12190,protocol,False
12191,deployment,False
12192,deployment,False
12193,deployment,False
12194,deployment,False
12195,deployment,False
12196,deployment,False
12197,deployment,False
12198,protocol,False
12199,protocol,False
12200,protocol,False
12201,protocol,False
12202,protocol,False
12203,protocol,False
12204,protocol,False
12205,protocol,False
12206,deployment,False
12207,deployment,False
12208,deployment,False
12209,deployment,False
12210,protocol,False
12211,protocol,False
12212,deployment,False
12213,protocol,False
12214,protocol,False
12215,protocol,False
12216,deployment,False
12217,deployment,False
12218,deployment,False
12219,deployment,False
12220,deployment,False
12221,protocol,False
12222,protocol,False
12223,protocol,False
12224,protocol,False
12225,protocol,False
12226,deployment,False
12227,deployment,False
12228,deployment,False
12229,deployment,False
12230,deployment,False
12231,protocol,False
12232,protocol,False
12233,protocol,False
12234,deployment,False
12235,deployment,False
12236,deployment,False
12237,deployment,False
12238,deployment,False
12239,deployment,False
12240,deployment,False
12241,deployment,False
12242,deployment,False
12243,deployment,False
12244,deployment,False
12245,deployment,False
12246,deployment,False
12247,deployment,False
12248,deployment,False
12249,deployment,False
12250,deployment,False
12251,deployment,False
12252,protocol,False
12253,protocol,False
12254,protocol,False
12255,protocol,False
12256,deployment,False
12257,deployment,False
12258,deployment,False
12259,deployment,False
12260,protocol,False
12261,protocol,False
12262,protocol,False
12263,protocol,False
12264,protocol,False
12265,protocol,False
12266,protocol,False
12267,protocol,False
12268,protocol,False
12269,protocol,False
12270,protocol,False
12271,protocol,False
12272,protocol,False
12273,protocol,False
12274,protocol,False
12275,protocol,False
12276,protocol,False
12277,protocol,False
12278,protocol,False
12279,protocol,False
12280,protocol,False
12281,protocol,False
12282,protocol,False
12283,protocol,False
12284,protocol,False
12285,protocol,False
12286,protocol,False
12287,protocol,False
12288,protocol,False
12289,protocol,False
12290,protocol,False
12291,protocol,False
12292,protocol,False
12293,protocol,False
12294,protocol,False
12295,protocol,False
12296,protocol,False
12297,protocol,False
12298,protocol,False
12299,protocol,False
12300,protocol,False
12301,protocol,False
12302,protocol,False
12303,protocol,False
12304,protocol,False
12305,protocol,False
12306,protocol,False
12307,protocol,False
12308,protocol,False
12309,protocol,False
12310,protocol,False
12311,protocol,False
12312,protocol,False
12313,protocol,False
12314,protocol,False
12315,protocol,False
12316,protocol,False
12317,protocol,False
12318,protocol,False
12319,protocol,False
12320,protocol,False
12321,protocol,False
12322,deployment,False
12323,deployment,False
12324,deployment,False
12325,deployment,False
12326,deployment,False
12327,deployment,False
12328,deployment,False
12329,protocol,True
12330,protocol,True
12331,deployment,False
12332,deployment,False
12333,deployment,False
12334,deployment,False
12335,protocol,True
12336,protocol,True
12337,protocol,True
12338,protocol,True
12339,deployment,False
12340,deployment,False
12341,deployment,False
12342,deployment,False
12343,deployment,False
12344,protocol,True
12345,protocol,True
12346,protocol,True
12347,protocol,True
12348,deployment,False
12349,deployment,False
12350,deployment,False
12351,deployment,False
12352,deployment,False
12353,deployment,False
12354,protocol,True
12355,protocol,True
12356,protocol,True
12357,protocol,True
12358,protocol,True
12359,protocol,True
12360,protocol,True
12361,protocol,True
12362,protocol,True
12363,deployment,False
12364,protocol,True
12365,protocol,True
12366,protocol,True
12367,protocol,True
12368,deployment,False
12369,deployment,False
12370,protocol,True
12371,protocol,True
12372,protocol,True
12373,deployment,False
12374,deployment,False
12375,deployment,False
12376,deployment,False
12377,protocol,True
12378,protocol,True
12379,protocol,True
12380,protocol,True
12381,protocol,True
12382,protocol,True
12383,protocol,True
12384,protocol,True
12385,protocol,True
12386,protocol,True
12387,protocol,True
12388,protocol,True
12389,protocol,True
12390,protocol,True
12391,deployment,False
12392,protocol,True
12393,protocol,True
12394,protocol,True
12395,protocol,True
12396,protocol,True
12397,protocol,True
12398,protocol,True
12399,deployment,False
12400,protocol,True
12401,protocol,True
12402,protocol,True
12403,protocol,True
12404,protocol,True
12405,protocol,False
12406,protocol,False
12407,protocol,False
12408,protocol,False
12409,protocol,False
12410,protocol,False
12411,deployment,False
12412,deployment,False
12413,protocol,False
12414,protocol,False
12415,protocol,False
12416,protocol,False
12417,protocol,False
12418,protocol,False
12419,deployment,False
12420,deployment,False
12421,deployment,False
12422,deployment,False
12423,protocol,False
12424,protocol,False
12425,deployment,False
12426,deployment,False
12427,deployment,False
12428,deployment,False
12429,deployment,False
12430,deployment,False
12431,protocol,False
12432,protocol,False
12433,protocol,False
12434,protocol,False
12435,protocol,False
12436,protocol,False
12437,protocol,False
12438,protocol,False
12439,protocol,False
12440,protocol,False
12441,protocol,False
12442,protocol,False
12443,protocol,False
12444,protocol,False
12445,deployment,False
12446,protocol,False
12447,deployment,False
12448,deployment,False
12449,deployment,False
12450,deployment,False
12451,protocol,False
12452,deployment,False
12453,protocol,False
12454,protocol,False
12455,protocol,False
12456,protocol,False
12457,protocol,False
12458,protocol,False
12459,protocol,False
12460,protocol,False
12461,protocol,False
12462,deployment,True
12463,deployment,True
12464,protocol,False
12465,protocol,False
12466,protocol,False
12467,protocol,False
12468,deployment,False
12469,deployment,False
12470,protocol,False
12471,protocol,False
12472,protocol,False
12473,protocol,False
12474,deployment,False
12475,deployment,False
12476,deployment,False
12477,deployment,False
12478,deployment,False
12479,deployment,False
12480,deployment,False
12481,deployment,False
12482,deployment,True
12483,deployment,True
12484,protocol,True
12485,protocol,True
12486,deployment,True
12487,protocol,True
12488,deployment,False
12489,protocol,False
12490,deployment,True
12491,protocol,True
12492,deployment,True
12493,deployment,True
12494,protocol,True
12495,deployment,True
12496,deployment,True
12497,protocol,True
12498,deployment,False
12499,protocol,False
12500,deployment,True
12501,protocol,True
12502,deployment,True
12503,deployment,True
12504,deployment,True
12505,deployment,True
12506,deployment,True
12507,protocol,True
12508,deployment,True
12509,protocol,True
12510,deployment,True
12511,deployment,True
12512,deployment,True
12513,deployment,False
12514,protocol,False
12515,protocol,True
12516,deployment,True
12517,protocol,True
12518,deployment,True
12519,protocol,True
12520,deployment,True
12521,protocol,True
12522,deployment,True
12523,protocol,True
12524,deployment,True
12525,protocol,True
12526,deployment,True
12527,protocol,True
12528,deployment,False
12529,protocol,False
12530,deployment,True
12531,protocol,True
12532,deployment,True
12533,deployment,True
12534,deployment,True
12535,deployment,True
12536,deployment,True
12537,deployment,True
12538,deployment,True
12539,deployment,True
12540,deployment,True
12541,deployment,True
12542,deployment,True
12543,protocol,True
12544,deployment,True
12545,deployment,True
12546,protocol,True
12547,deployment,True
12548,deployment,True
12549,deployment,True
12550,protocol,True
12551,deployment,True
12552,protocol,True
12553,deployment,True
12554,deployment,True
12555,deployment,True
12556,deployment,True
12557,protocol,True
12558,deployment,True
12559,deployment,True
12560,protocol,True
12561,deployment,True
12562,deployment,True
12563,deployment,True
12564,protocol,True
12565,deployment,False
12566,deployment,True
12567,deployment,True
12568,protocol,True
12569,protocol,True
12570,deployment,True
12571,protocol,True
12572,protocol,True
12573,deployment,True
12574,deployment,True
12575,protocol,True
12576,deployment,True
12577,deployment,True
12578,protocol,True
12579,protocol,True
12580,deployment,True
12581,protocol,True
12582,protocol,True
12583,deployment,True
12584,deployment,True
12585,protocol,True
12586,protocol,True
12587,deployment,True
12588,deployment,True
12589,protocol,True
12590,deployment,True
12591,deployment,True
12592,deployment,True
12593,protocol,True
12594,deployment,True
12595,deployment,True
12596,protocol,True
12597,protocol,True
12598,protocol,True
12599,deployment,True
12600,deployment,True
12601,protocol,True
12602,deployment,True
12603,deployment,False
12604,protocol,True
12605,protocol,True
12606,deployment,True
12607,protocol,True
12608,deployment,True
12609,deployment,True
12610,protocol,True
12611,protocol,True
12612,deployment,True
12613,deployment,True
12614,deployment,True
12615,protocol,True
12616,protocol,True
12617,deployment,True
12618,protocol,True
12619,deployment,True
12620,protocol,True
12621,deployment,True
12622,protocol,True
12623,deployment,True
12624,protocol,True
12625,deployment,True
12626,protocol,True
12627,protocol,True
12628,protocol,True
12629,protocol,True
12630,deployment,True
12631,deployment,True
12632,deployment,True
12633,protocol,True
12634,deployment,True
12635,deployment,True
12636,protocol,True
12637,protocol,True
12638,deployment,True
12639,deployment,True
12640,protocol,True
12641,protocol,True
12642,protocol,True
12643,deployment,True
12644,protocol,True
12645,deployment,True
12646,deployment,True
12647,protocol,True
12648,protocol,True
12649,protocol,True
12650,protocol,True
12651,protocol,True
12652,protocol,True
12653,protocol,True
12654,protocol,True
12655,deployment,True
12656,deployment,True
12657,protocol,True
12658,protocol,True
12659,deployment,True
12660,deployment,True
12661,protocol,True
12662,deployment,True
12663,deployment,True
12664,deployment,False
12665,deployment,False
12666,deployment,False
12667,protocol,False
12668,protocol,False
12669,deployment,False
12670,deployment,False
12671,deployment,False
12672,deployment,False
12673,deployment,False
12674,deployment,False
12675,deployment,False
12676,protocol,False
12677,protocol,False
12678,protocol,False
12679,protocol,False
12680,deployment,False
12681,deployment,False
12682,deployment,False
12683,protocol,False
12684,protocol,False
12685,deployment,False
12686,deployment,False
12687,deployment,False
12688,deployment,False
12689,protocol,False
12690,protocol,False
12691,deployment,False
12692,protocol,False
12693,protocol,False
12694,deployment,False
12695,deployment,False
12696,deployment,False
12697,deployment,False
12698,deployment,False
12699,deployment,False
12700,deployment,False
12701,protocol,False
12702,protocol,False
12703,protocol,False
12704,protocol,False
12705,protocol,False
12706,protocol,False
12707,protocol,False
12708,protocol,False
12709,protocol,False
12710,protocol,False
12711,protocol,False
12712,protocol,False
12713,protocol,False
12714,protocol,False
12715,protocol,False
12716,protocol,False
12717,protocol,False
12718,protocol,False
12719,protocol,False
12720,protocol,False
12721,protocol,False
12722,deployment,False
12723,deployment,False
12724,deployment,False
12725,deployment,False
12726,protocol,False
12727,deployment,False
12728,deployment,False
12729,protocol,False
12730,protocol,False
12731,deployment,False
12732,protocol,False
12733,protocol,False
12734,protocol,False
12735,protocol,False
12736,protocol,False
12737,deployment,False
12738,deployment,False
12739,deployment,False
12740,deployment,False
12741,deployment,False
12742,deployment,True
12743,deployment,True
12744,deployment,False
12745,protocol,False
12746,protocol,False
12747,protocol,False
12748,protocol,False
12749,protocol,False
12750,protocol,False
12751,protocol,False
12752,protocol,False
12753,protocol,True
12754,protocol,True
12755,protocol,False
12756,deployment,False
12757,deployment,False
12758,deployment,False
12759,protocol,True
12760,deployment,True
12761,deployment,True
12762,deployment,True
12763,deployment,True
12764,protocol,True
12765,deployment,True
12766,protocol,True
12767,protocol,True
12768,protocol,True
12769,deployment,True
12770,deployment,True
12771,protocol,True
12772,protocol,True
12773,deployment,True
12774,protocol,True
12775,protocol,False
12776,deployment,True
12777,protocol,True
12778,protocol,True
12779,deployment,True
12780,deployment,True
12781,deployment,True
12782,deployment,True
12783,deployment,True
12784,deployment,True
12785,protocol,True
12786,deployment,True
12787,protocol,True
12788,protocol,True
12789,protocol,True
12790,deployment,True
12791,protocol,True
12792,deployment,True
12793,deployment,True
12794,deployment,True
12795,deployment,True
12796,deployment,True
12797,deployment,True
12798,deployment,True
12799,deployment,True
12800,deployment,True
12801,deployment,True
12802,deployment,True
12803,deployment,True
12804,deployment,True
12805,protocol,True
12806,deployment,True
12807,deployment,True
12808,deployment,True
12809,protocol,True
12810,deployment,True
12811,deployment,True
12812,deployment,True
12813,protocol,True
12814,deployment,True
12815,deployment,True
12816,protocol,True
12817,protocol,False
12818,protocol,False
12819,protocol,True
12820,deployment,False
12821,deployment,False
12822,deployment,False
12823,deployment,False
12824,deployment,True
12825,deployment,False
12826,deployment,False
12827,deployment,False
12828,deployment,False
12829,deployment,False
12830,deployment,False
12831,deployment,False
12832,deployment,True
12833,deployment,False
12834,deployment,False
12835,deployment,False
12836,deployment,True
12837,deployment,False
12838,deployment,False
12839,deployment,True
12840,deployment,False
12841,deployment,False
12842,deployment,True
12843,deployment,False
12844,protocol,True
12845,protocol,True
12846,deployment,False
12847,deployment,False
12848,deployment,False
12849,protocol,True
12850,deployment,False
12851,deployment,False
12852,protocol,True
12853,protocol,True
12854,protocol,True
12855,deployment,False
12856,deployment,False
12857,protocol,True
12858,deployment,False
12859,deployment,False
12860,deployment,False
12861,deployment,False
12862,deployment,False
12863,protocol,True
12864,protocol,True
12865,deployment,False
12866,deployment,False
12867,deployment,False
12868,deployment,True
12869,protocol,True
12870,protocol,True
12871,deployment,False
12872,deployment,False
12873,protocol,True
12874,protocol,True
12875,deployment,False
12876,deployment,False
12877,protocol,True
12878,deployment,False
12879,deployment,False
12880,protocol,True
12881,protocol,True
12882,deployment,False
12883,protocol,True
12884,deployment,False
12885,deployment,False
12886,deployment,True
12887,deployment,True
12888,deployment,False
12889,protocol,True
12890,deployment,False
12891,deployment,False
12892,deployment,False
12893,deployment,False
12894,deployment,True
12895,deployment,False
12896,deployment,False
12897,deployment,False
12898,deployment,False
12899,deployment,False
12900,deployment,False
12901,deployment,False
12902,deployment,False
12903,deployment,False
12904,deployment,False
12905,deployment,False
12906,deployment,False
12907,deployment,False
12908,deployment,False
12909,deployment,False
12910,deployment,False
12911,deployment,False
12912,deployment,False
12913,deployment,False
12914,deployment,False
12915,deployment,True
12916,deployment,True
12917,deployment,False
12918,deployment,False
12919,deployment,False
12920,deployment,False
12921,deployment,False
12922,deployment,False
12923,deployment,False
12924,deployment,False
12925,deployment,True
12926,deployment,True
12927,deployment,True
12928,deployment,True
12929,protocol,True
12930,protocol,True
12931,deployment,True
12932,deployment,False
12933,deployment,False
12934,deployment,False
12935,deployment,False
12936,deployment,False
12937,deployment,False
12938,deployment,False
12939,deployment,False
12940,deployment,False
12941,deployment,False
12942,deployment,False
12943,deployment,True
12944,deployment,False
12945,deployment,False
12946,deployment,True
12947,deployment,False
12948,deployment,True
12949,deployment,True
12950,deployment,True
12951,deployment,True
12952,deployment,True
12953,deployment,True
12954,deployment,True
12955,deployment,True
12956,deployment,True
12957,deployment,True
12958,deployment,True
12959,deployment,True
12960,deployment,True
12961,deployment,True
12962,deployment,True
12963,deployment,True
12964,deployment,True
12965,deployment,False
12966,deployment,False
12967,deployment,True
12968,deployment,False
12969,deployment,True
12970,deployment,True
12971,deployment,True
12972,deployment,False
12973,deployment,False
12974,deployment,False
12975,deployment,False
12976,deployment,False
12977,deployment,False
12978,deployment,False
12979,deployment,False
12980,deployment,True
12981,deployment,False
12982,deployment,True
12983,deployment,True
12984,deployment,True
12985,deployment,True
12986,deployment,True
12987,deployment,True
12988,deployment,True
12989,deployment,True
12990,deployment,True
12991,deployment,True
12992,deployment,True
12993,deployment,True
12994,deployment,True
12995,deployment,True
12996,deployment,True
12997,deployment,True
12998,deployment,True
12999,deployment,True
13000,deployment,True
13001,deployment,True
13002,deployment,True
13003,deployment,True
13004,deployment,True
13005,protocol,True
13006,protocol,True
13007,protocol,True
13008,protocol,False
13009,protocol,True
13010,protocol,False
13011,protocol,False
13012,protocol,True
13013,protocol,True
13014,protocol,True
13015,protocol,True
13016,protocol,True
13017,protocol,True
13018,protocol,False
13019,protocol,True
13020,deployment,False
13021,deployment,False
13022,deployment,False
13023,protocol,True
13024,protocol,True
13025,protocol,True
13026,protocol,True
13027,protocol,False
13028,deployment,True
13029,deployment,True
13030,deployment,True
13031,deployment,True
13032,deployment,True
13033,deployment,True
13034,deployment,True
13035,deployment,True
13036,deployment,True
13037,deployment,True
13038,deployment,True
13039,deployment,True
13040,deployment,True
13041,deployment,True
13042,deployment,True
13043,deployment,True
13044,deployment,True
13045,deployment,True
13046,deployment,True
13047,deployment,False
13048,deployment,False
13049,deployment,False
13050,deployment,False
13051,deployment,True
13052,deployment,False
13053,protocol,True
13054,protocol,True
13055,deployment,True
13056,deployment,False
13057,deployment,False
13058,deployment,False
13059,deployment,False
13060,deployment,False
13061,deployment,False
13062,deployment,True
13063,deployment,True
13064,deployment,True
13065,deployment,True
13066,deployment,True
13067,deployment,True
13068,deployment,True
13069,deployment,True
13070,deployment,True
13071,deployment,True
13072,protocol,True
13073,protocol,True
13074,protocol,True
13075,protocol,True
13076,deployment,False
13077,deployment,False
13078,deployment,False
13079,deployment,False
13080,deployment,False
13081,deployment,False
13082,deployment,False
13083,deployment,False
13084,deployment,False
13085,deployment,False
13086,deployment,False
13087,deployment,False
13088,deployment,False
13089,protocol,True
13090,deployment,False
13091,deployment,False
13092,deployment,False
13093,deployment,False
13094,deployment,True
13095,deployment,True
13096,deployment,True
13097,deployment,False
13098,deployment,True
13099,deployment,True
13100,deployment,True
13101,deployment,True
13102,deployment,False
13103,deployment,False
13104,deployment,False
13105,deployment,True
13106,deployment,True
13107,deployment,True
13108,deployment,False
13109,deployment,True
13110,deployment,True
13111,deployment,True
13112,deployment,True
13113,deployment,True
13114,deployment,True
13115,deployment,True
13116,deployment,True
13117,deployment,True
13118,deployment,False
13119,deployment,True
13120,deployment,False
13121,deployment,False
13122,deployment,True
13123,deployment,True
13124,deployment,True
13125,deployment,False
13126,deployment,False
13127,deployment,False
13128,deployment,False
13129,deployment,False
13130,deployment,False
13131,deployment,False
13132,deployment,False
13133,deployment,False
13134,deployment,False
13135,deployment,True
13136,deployment,True
13137,deployment,True
13138,deployment,True
13139,deployment,True
13140,deployment,True
13141,deployment,True
13142,deployment,True
13143,deployment,True
13144,deployment,True
13145,deployment,True
13146,deployment,True
13147,deployment,True
13148,deployment,True
13149,deployment,True
13150,deployment,True
13151,deployment,True
13152,deployment,True
13153,deployment,True
13154,deployment,False
13155,deployment,False
13156,deployment,False
13157,deployment,False
13158,deployment,False
13159,deployment,False
13160,deployment,False
13161,deployment,False
13162,deployment,False
13163,deployment,True
13164,deployment,True
13165,deployment,True
13166,deployment,True
13167,deployment,True
13168,deployment,True
13169,deployment,True
13170,deployment,True
13171,deployment,True
13172,deployment,True
13173,deployment,True
13174,deployment,True
13175,deployment,True
13176,deployment,True
13177,deployment,True
13178,deployment,True
13179,deployment,True
13180,deployment,True
13181,deployment,True
13182,deployment,True
13183,deployment,True
13184,deployment,True
13185,deployment,True
13186,deployment,True
13187,deployment,True
13188,deployment,True
13189,deployment,True
13190,deployment,True
13191,deployment,True
13192,deployment,True
13193,deployment,True
13194,deployment,True
13195,deployment,True
13196,deployment,True
13197,deployment,True
13198,deployment,True
13199,deployment,True
13200,deployment,True
13201,deployment,True
13202,deployment,True
13203,deployment,True
13204,deployment,True
13205,deployment,True
13206,deployment,True
13207,deployment,True
13208,deployment,True
13209,deployment,True
13210,deployment,True
13211,deployment,True
13212,deployment,True
13213,deployment,True
13214,deployment,True
13215,deployment,True
13216,deployment,True
13217,deployment,True
13218,deployment,True
13219,deployment,True
13220,deployment,True
13221,deployment,True
13222,deployment,True
13223,deployment,True
13224,deployment,True
13225,deployment,True
13226,deployment,True
13227,deployment,True
13228,deployment,True
13229,protocol,True
13230,deployment,True
13231,deployment,True
13232,deployment,True
13233,deployment,True
13234,deployment,True
13235,deployment,True
13236,deployment,True
13237,deployment,True
13238,deployment,True
13239,deployment,True
13240,deployment,True
13241,deployment,True
13242,deployment,True
13243,deployment,False
13244,deployment,True
13245,deployment,True
13246,deployment,True
13247,deployment,True
13248,deployment,True
13249,deployment,False
13250,deployment,True
13251,deployment,True
13252,deployment,True
13253,deployment,False
13254,deployment,False
13255,deployment,False
13256,deployment,True
13257,deployment,False
13258,deployment,True
13259,deployment,False
13260,deployment,True
13261,protocol,True
13262,deployment,True
13263,deployment,False
13264,deployment,True
13265,deployment,True
13266,deployment,True
13267,deployment,True
13268,deployment,True
13269,deployment,True
13270,deployment,True
13271,deployment,True
13272,deployment,True
13273,deployment,True
13274,deployment,True
13275,deployment,True
13276,protocol,False
13277,protocol,False
13278,protocol,True
13279,protocol,True
13280,deployment,False
13281,deployment,True
13282,protocol,True
13283,protocol,True
13284,deployment,False
13285,deployment,True
13286,deployment,True
13287,deployment,True
13288,deployment,True
13289,deployment,False
13290,deployment,False
13291,deployment,False
13292,deployment,False
13293,deployment,False
13294,deployment,False
13295,deployment,False
13296,deployment,False
13297,deployment,False
13298,deployment,False
13299,deployment,False
13300,protocol,True
13301,protocol,True
13302,protocol,True
13303,protocol,True
13304,deployment,True
13305,deployment,True
13306,protocol,True
13307,protocol,True
13308,deployment,False
13309,protocol,True
13310,protocol,True
13311,deployment,False
13312,deployment,False
13313,deployment,False
13314,deployment,False
13315,deployment,False
13316,deployment,False
13317,deployment,False
13318,deployment,False
13319,deployment,False
13320,deployment,False
13321,deployment,False
13322,deployment,False
13323,deployment,False
13324,protocol,True
13325,protocol,True
13326,deployment,False
13327,deployment,False
13328,protocol,False
13329,protocol,False
13330,deployment,False
13331,protocol,False
13332,protocol,False
13333,protocol,False
13334,protocol,False
13335,deployment,False
13336,protocol,False
13337,protocol,False
13338,protocol,False
13339,protocol,False
13340,deployment,False
13341,deployment,False
13342,deployment,False
13343,deployment,False
13344,deployment,False
13345,deployment,False
13346,deployment,False
13347,deployment,False
13348,deployment,False
13349,deployment,False
13350,deployment,False
13351,protocol,False
13352,protocol,False
13353,protocol,False
13354,protocol,False
13355,protocol,False
13356,protocol,False
13357,deployment,False
13358,deployment,False
13359,deployment,False
13360,deployment,False
13361,protocol,False
13362,protocol,False
13363,protocol,False
13364,protocol,False
13365,protocol,False
13366,protocol,False
13367,protocol,False
13368,deployment,False
13369,protocol,False
13370,protocol,False
13371,protocol,False
13372,protocol,False
13373,protocol,False
13374,protocol,False
13375,protocol,False
13376,protocol,False
13377,protocol,False
13378,deployment,False
13379,deployment,False
13380,deployment,False
13381,deployment,False
13382,deployment,False
13383,protocol,False
13384,protocol,False
13385,protocol,False
13386,protocol,False
13387,deployment,False
13388,deployment,False
13389,deployment,False
13390,deployment,False
13391,deployment,False
13392,deployment,False
13393,protocol,False
13394,protocol,False
13395,protocol,False
13396,deployment,False
13397,deployment,False
13398,deployment,False
13399,deployment,False
13400,protocol,False
13401,deployment,False
13402,deployment,False
13403,protocol,False
13404,protocol,False
13405,deployment,False
13406,deployment,False
13407,deployment,False
13408,deployment,False
13409,deployment,False
13410,deployment,False
13411,deployment,False
13412,deployment,False
13413,deployment,False
13414,deployment,False
13415,deployment,False
13416,deployment,False
13417,deployment,False
13418,deployment,False
13419,deployment,False
13420,deployment,False
13421,deployment,False
13422,deployment,False
13423,deployment,False
13424,deployment,False
13425,deployment,False
13426,deployment,False
13427,deployment,False
13428,deployment,False
13429,protocol,True
13430,protocol,True
13431,protocol,False
13432,protocol,False
13433,protocol,False
13434,protocol,False
13435,protocol,False
13436,deployment,False
13437,deployment,False
13438,deployment,False
13439,deployment,False
13440,deployment,False
13441,deployment,False
13442,deployment,False
13443,deployment,False
13444,deployment,False
13445,deployment,False
13446,deployment,False
13447,deployment,False
13448,deployment,False
13449,deployment,False
13450,deployment,False
13451,deployment,False
13452,deployment,False
13453,deployment,False
13454,deployment,False
13455,deployment,False
13456,deployment,False
13457,deployment,False
13458,deployment,False
13459,deployment,False
13460,deployment,False
13461,deployment,False
13462,deployment,False
13463,deployment,False
13464,deployment,False
13465,deployment,False
13466,deployment,False
13467,deployment,False
13468,deployment,False
13469,deployment,False
13470,deployment,False
13471,deployment,False
13472,deployment,False
13473,deployment,False
13474,deployment,False
13475,deployment,False
13476,deployment,False
13477,deployment,False
13478,deployment,False
13479,deployment,False
13480,deployment,False
13481,deployment,False
13482,deployment,False
13483,deployment,False
13484,deployment,False
13485,deployment,False
13486,deployment,False
13487,deployment,False
13488,deployment,False
13489,deployment,False
13490,deployment,False
13491,deployment,False
13492,deployment,False
13493,deployment,False
13494,deployment,False
13495,deployment,False
13496,deployment,False
13497,deployment,False
13498,deployment,False
13499,deployment,False
13500,deployment,False
13501,deployment,False
13502,deployment,False
13503,deployment,False
13504,deployment,False
13505,deployment,False
13506,deployment,False
13507,deployment,False
13508,deployment,False
13509,deployment,False
13510,deployment,False
13511,deployment,False
13512,deployment,False
13513,deployment,False
13514,deployment,False
13515,deployment,False
13516,deployment,False
13517,deployment,False
13518,deployment,True
13519,deployment,True
13520,deployment,True
13521,deployment,True
13522,deployment,True
13523,deployment,True
13524,deployment,True
13525,deployment,True
13526,deployment,True
13527,deployment,True
13528,deployment,True
13529,deployment,True
13530,deployment,True
13531,deployment,True
13532,deployment,True
13533,deployment,True
13534,deployment,True
13535,deployment,True
13536,deployment,True
13537,deployment,True
13538,deployment,True
13539,deployment,True
13540,deployment,True
13541,protocol,True
13542,deployment,True
13543,deployment,False
13544,deployment,True
13545,deployment,True
13546,deployment,True
13547,deployment,True
13548,deployment,True
13549,deployment,True
13550,deployment,True
13551,deployment,True
13552,deployment,True
13553,deployment,True
13554,deployment,True
13555,deployment,True
13556,deployment,True
13557,deployment,True
13558,deployment,True
13559,deployment,True
13560,deployment,True
13561,deployment,True
13562,deployment,True
13563,deployment,True
13564,deployment,True
13565,deployment,True
13566,deployment,True
13567,deployment,True
13568,deployment,True
13569,deployment,True
13570,deployment,True
13571,deployment,True
13572,deployment,True
13573,deployment,True
13574,deployment,True
13575,deployment,True
13576,deployment,True
13577,deployment,True
13578,deployment,True
13579,deployment,True
13580,deployment,True
13581,deployment,True
13582,deployment,True
13583,deployment,True
13584,deployment,True
13585,deployment,True
13586,deployment,True
13587,deployment,True
13588,deployment,True
13589,deployment,True
13590,deployment,True
13591,deployment,True
13592,deployment,True
13593,deployment,True
13594,deployment,True
13595,deployment,True
13596,deployment,True
13597,deployment,True
13598,deployment,True
13599,deployment,True
13600,deployment,True
13601,deployment,True
13602,deployment,False
13603,deployment,False
13604,deployment,True
13605,deployment,True
13606,deployment,False
13607,deployment,True
13608,deployment,True
13609,deployment,True
13610,deployment,True
13611,protocol,True
13612,deployment,True
13613,deployment,True
13614,deployment,True
13615,deployment,True
13616,deployment,True
13617,deployment,True
13618,protocol,True
13619,protocol,True
13620,deployment,True
13621,deployment,True
13622,deployment,True
13623,deployment,True
13624,deployment,True
13625,deployment,False
13626,protocol,False
13627,protocol,False
13628,deployment,False
13629,deployment,False
13630,deployment,False
13631,protocol,False
13632,protocol,False
13633,protocol,False
13634,protocol,False
13635,protocol,False
13636,protocol,False
13637,deployment,False
13638,deployment,False
13639,deployment,False
13640,deployment,False
13641,protocol,False
13642,protocol,False
13643,deployment,False
13644,deployment,False
13645,protocol,False
13646,protocol,False
13647,protocol,False
13648,protocol,False
13649,deployment,False
13650,protocol,False
13651,protocol,False
13652,deployment,False
13653,protocol,False
13654,protocol,False
13655,protocol,False
13656,deployment,False
13657,protocol,False
13658,protocol,False
13659,protocol,False
13660,deployment,False
13661,deployment,False
13662,deployment,False
13663,deployment,False
13664,deployment,False
13665,deployment,False
13666,deployment,False
13667,deployment,False
13668,deployment,False
13669,deployment,False
13670,deployment,False
13671,deployment,False
13672,deployment,False
13673,deployment,False
13674,deployment,False
13675,deployment,False
13676,deployment,False
13677,deployment,False
13678,deployment,False
13679,deployment,False
13680,deployment,False
13681,deployment,False
13682,deployment,False
13683,deployment,False
13684,deployment,False
13685,deployment,False
13686,deployment,False
13687,deployment,False
13688,deployment,False
13689,deployment,False
13690,deployment,False
13691,deployment,False
13692,deployment,False
13693,deployment,False
13694,deployment,False
13695,deployment,False
13696,deployment,False
13697,deployment,False
13698,deployment,False
13699,deployment,False
13700,deployment,False
13701,deployment,False
13702,deployment,False
13703,deployment,False
13704,deployment,False
13705,deployment,False
13706,deployment,False
13707,deployment,False
13708,deployment,False
13709,deployment,False
13710,deployment,False
13711,deployment,False
13712,deployment,False
13713,deployment,False
13714,deployment,False
13715,deployment,False
13716,deployment,False
13717,deployment,False
13718,deployment,False
13719,protocol,False
13720,deployment,False
13721,deployment,False
13722,deployment,False
13723,protocol,False
13724,deployment,False
13725,deployment,False
13726,deployment,False
13727,deployment,False
13728,deployment,False
13729,deployment,False
13730,deployment,False
13731,deployment,False
13732,deployment,False
13733,deployment,False
13734,deployment,False
13735,deployment,False
13736,deployment,False
13737,deployment,False
13738,deployment,False
13739,deployment,False
13740,deployment,False
13741,deployment,False
13742,deployment,False
13743,deployment,False
13744,deployment,False
13745,deployment,False
13746,deployment,False
13747,deployment,False
13748,deployment,False
13749,deployment,False
13750,deployment,False
13751,deployment,False
13752,deployment,False
13753,deployment,False
13754,deployment,False
13755,deployment,False
13756,deployment,False
13757,deployment,False
13758,deployment,False
13759,deployment,False
13760,deployment,False
13761,deployment,False
13762,deployment,False
13763,deployment,False
13764,deployment,False
13765,deployment,False
13766,deployment,False
13767,deployment,False
13768,deployment,False
13769,deployment,False
13770,deployment,False
13771,deployment,False
13772,deployment,False
13773,deployment,False
13774,deployment,False
13775,deployment,False
13776,deployment,False
13777,deployment,False
13778,deployment,False
13779,deployment,False
13780,deployment,False
13781,deployment,False
13782,deployment,False
13783,deployment,False
13784,deployment,False
13785,deployment,False
13786,deployment,False
13787,deployment,False
13788,deployment,False
13789,deployment,False
13790,deployment,False
13791,deployment,False
13792,deployment,False
13793,deployment,False
13794,deployment,False
13795,deployment,False
13796,deployment,False
13797,deployment,False
13798,deployment,False
13799,deployment,False
13800,deployment,False
13801,deployment,False
13802,deployment,False
13803,deployment,False
13804,deployment,False
13805,deployment,False
13806,deployment,False
13807,deployment,False
13808,deployment,False
13809,deployment,False
13810,protocol,True
13811,protocol,True
13812,protocol,True
13813,protocol,True
13814,protocol,True
13815,protocol,True
13816,deployment,True
13817,deployment,True
13818,deployment,False
13819,deployment,False
13820,deployment,False
13821,protocol,True
13822,deployment,False
13823,deployment,False
13824,deployment,False
13825,deployment,False
13826,deployment,False
13827,deployment,False
13828,deployment,False
13829,deployment,False
13830,deployment,False
13831,protocol,True
13832,deployment,False
13833,deployment,False
13834,deployment,False
13835,deployment,False
13836,deployment,False
13837,deployment,True
13838,deployment,True
13839,deployment,True
13840,deployment,True
13841,protocol,True
13842,protocol,True
13843,deployment,False
13844,deployment,False
13845,deployment,False
13846,protocol,True
13847,deployment,True
13848,deployment,False
13849,protocol,True
13850,protocol,True
13851,protocol,True
13852,protocol,True
13853,deployment,True
13854,deployment,False
13855,deployment,False
13856,deployment,True
13857,deployment,False
13858,deployment,True
13859,deployment,False
13860,deployment,True
13861,deployment,False
13862,deployment,False
13863,deployment,False
13864,deployment,True
13865,deployment,False
13866,protocol,True
13867,deployment,True
13868,deployment,True
13869,deployment,False
13870,deployment,False
13871,deployment,False
13872,deployment,False
13873,deployment,True
13874,deployment,True
13875,protocol,True
13876,deployment,False
13877,protocol,True
13878,deployment,True
13879,deployment,True
13880,deployment,True
13881,protocol,True
13882,protocol,True
13883,deployment,False
13884,deployment,False
13885,deployment,True
13886,protocol,True
13887,deployment,True
13888,deployment,True
13889,deployment,True
13890,deployment,True
13891,deployment,False
13892,deployment,False
13893,deployment,True
13894,deployment,False
13895,deployment,False
13896,deployment,True
13897,deployment,True
13898,protocol,True
13899,deployment,True
13900,deployment,True
13901,deployment,False
13902,deployment,False
13903,deployment,True
13904,deployment,False
13905,deployment,False
13906,deployment,False
13907,deployment,False
13908,deployment,False
13909,deployment,False
13910,deployment,True
13911,deployment,False
13912,deployment,False
13913,protocol,True
13914,deployment,True
13915,protocol,True
13916,deployment,True
13917,deployment,True
13918,deployment,False
13919,deployment,False
13920,deployment,False
13921,deployment,False
13922,deployment,True
13923,deployment,True
13924,deployment,False
13925,deployment,False
13926,deployment,True
13927,protocol,True
13928,deployment,False
13929,protocol,True
13930,protocol,True
13931,deployment,False
13932,protocol,True
13933,deployment,False
13934,deployment,True
13935,protocol,True
13936,deployment,False
13937,deployment,False
13938,deployment,True
13939,protocol,True
13940,protocol,True
13941,deployment,True
13942,deployment,False
13943,deployment,False
13944,deployment,False
13945,deployment,True
13946,protocol,True
13947,deployment,True
13948,protocol,True
13949,deployment,False
13950,deployment,False
13951,deployment,True
13952,deployment,True
13953,deployment,True
13954,protocol,True
13955,protocol,True
13956,protocol,True
13957,deployment,False
13958,deployment,False
13959,protocol,True
13960,deployment,True
13961,protocol,True
13962,deployment,False
13963,deployment,False
13964,deployment,False
13965,deployment,False
13966,deployment,False
13967,deployment,True
13968,deployment,True
13969,deployment,False
13970,deployment,True
13971,protocol,True
13972,deployment,False
13973,deployment,False
13974,deployment,False
13975,deployment,False
13976,deployment,True
13977,protocol,True
13978,deployment,True
13979,deployment,False
13980,deployment,False
13981,deployment,True
13982,protocol,True
13983,deployment,True
13984,protocol,True
13985,deployment,False
13986,deployment,False
13987,protocol,True
13988,deployment,False
13989,deployment,True
13990,deployment,True
13991,deployment,False
13992,deployment,False
13993,deployment,False
13994,deployment,False
13995,deployment,False
13996,deployment,False
13997,deployment,False
13998,deployment,False
13999,deployment,False
14000,deployment,False
14001,deployment,False
14002,deployment,False
14003,deployment,False
14004,deployment,False
14005,deployment,False
14006,deployment,True
14007,deployment,True
14008,deployment,False
14009,deployment,True
14010,deployment,True
14011,deployment,True
14012,deployment,False
14013,deployment,True
14014,deployment,False
14015,protocol,True
14016,deployment,True
14017,deployment,True
14018,deployment,False
14019,protocol,True
14020,deployment,False
14021,deployment,False
14022,deployment,False
14023,deployment,True
14024,deployment,False
14025,deployment,False
14026,deployment,True
14027,deployment,True
14028,deployment,True
14029,deployment,True
14030,protocol,True
14031,deployment,False
14032,deployment,True
14033,deployment,False
14034,deployment,True
14035,protocol,True
14036,deployment,False
14037,deployment,False
14038,deployment,False
14039,deployment,False
14040,deployment,False
14041,deployment,True
14042,deployment,True
14043,deployment,False
14044,deployment,False
14045,deployment,False
14046,deployment,False
14047,deployment,False
14048,deployment,False
14049,deployment,True
14050,deployment,True
14051,deployment,True
14052,protocol,True
14053,deployment,True
14054,deployment,False
14055,deployment,True
14056,protocol,True
14057,deployment,True
14058,protocol,True
14059,deployment,False
14060,deployment,False
14061,deployment,False
14062,deployment,False
14063,deployment,False
14064,deployment,True
14065,deployment,True
14066,deployment,True
14067,deployment,True
14068,deployment,True
14069,deployment,True
14070,deployment,False
14071,deployment,True
14072,deployment,True
14073,deployment,True
14074,deployment,True
14075,deployment,False
14076,deployment,False
14077,deployment,True
14078,deployment,True
14079,deployment,True
14080,deployment,True
14081,deployment,True
14082,deployment,True
14083,deployment,True
14084,deployment,True
14085,deployment,True
14086,deployment,True
14087,deployment,True
14088,deployment,True
14089,deployment,True
14090,deployment,False
14091,deployment,True
14092,deployment,True
14093,deployment,True
14094,deployment,True
14095,deployment,False
14096,deployment,True
14097,deployment,True
14098,deployment,True
14099,deployment,False
14100,deployment,False
14101,deployment,False
14102,deployment,False
14103,deployment,False
14104,deployment,True
14105,deployment,True
14106,deployment,True
14107,deployment,True
14108,deployment,True
14109,deployment,True
14110,deployment,False
14111,deployment,True
14112,deployment,True
14113,deployment,True
14114,deployment,True
14115,deployment,True
14116,deployment,True
14117,deployment,True
14118,deployment,True
14119,deployment,True
14120,deployment,False
14121,deployment,True
14122,deployment,True
14123,deployment,True
14124,deployment,False
14125,deployment,False
14126,deployment,False
14127,deployment,False
14128,deployment,False
14129,deployment,True
14130,deployment,True
14131,deployment,True
14132,deployment,True
14133,deployment,False
14134,deployment,False
14135,deployment,False
14136,deployment,False
14137,deployment,True
14138,deployment,True
14139,deployment,True
14140,deployment,True
14141,deployment,False
14142,deployment,False
14143,deployment,False
14144,deployment,True
14145,deployment,True
14146,deployment,True
14147,deployment,True
14148,deployment,True
14149,deployment,True
14150,deployment,True
14151,deployment,True
14152,deployment,True
14153,deployment,True
14154,deployment,True
14155,deployment,True
14156,deployment,True
14157,deployment,True
14158,deployment,True
14159,deployment,True
14160,deployment,True
14161,deployment,True
14162,deployment,True
14163,deployment,True
14164,deployment,True
14165,deployment,True
14166,deployment,True
14167,deployment,True
14168,deployment,True
14169,deployment,True
14170,deployment,True
14171,deployment,True
14172,deployment,True
14173,deployment,True
14174,deployment,True
14175,deployment,True
14176,deployment,True
14177,deployment,True
14178,deployment,False
14179,deployment,False
14180,deployment,False
14181,deployment,False
14182,deployment,False
14183,deployment,False
14184,deployment,False
14185,deployment,False
14186,deployment,False
14187,deployment,False
14188,deployment,False
14189,deployment,False
14190,deployment,False
14191,deployment,False
14192,deployment,False
14193,deployment,False
14194,deployment,False
14195,deployment,False
14196,deployment,False
14197,deployment,False
14198,deployment,False
14199,deployment,False
14200,deployment,False
14201,deployment,False
14202,deployment,False
14203,deployment,False
14204,deployment,False
14205,deployment,False
14206,deployment,False
14207,deployment,False
14208,deployment,False
14209,deployment,False
14210,deployment,False
14211,deployment,False
14212,deployment,False
14213,deployment,False
14214,deployment,False
14215,deployment,False
14216,deployment,False
14217,deployment,False
14218,deployment,False
14219,deployment,False
14220,deployment,False
14221,deployment,False
14222,deployment,True
14223,deployment,True
14224,protocol,True
14225,deployment,True
14226,protocol,True
14227,deployment,True
14228,deployment,True
14229,deployment,True
14230,protocol,True
14231,protocol,True
14232,deployment,True
14233,deployment,True
14234,protocol,True
14235,protocol,True
14236,protocol,True
14237,protocol,True
14238,deployment,True
14239,protocol,True
14240,protocol,True
14241,deployment,True
14242,deployment,True
14243,protocol,True
14244,protocol,True
14245,deployment,True
14246,deployment,True
14247,deployment,True
14248,deployment,True
14249,deployment,True
14250,deployment,True
14251,protocol,True
14252,deployment,True
14253,deployment,True
14254,protocol,True
14255,protocol,True
14256,deployment,True
14257,protocol,True
14258,deployment,True
14259,deployment,True
14260,deployment,True
14261,deployment,True
14262,protocol,True
14263,deployment,True
14264,deployment,True
14265,deployment,True
14266,deployment,True
14267,deployment,True
14268,protocol,True
14269,protocol,True
14270,protocol,True
14271,protocol,True
14272,deployment,True
14273,deployment,True
14274,deployment,True
14275,deployment,True
14276,protocol,True
14277,protocol,True
14278,deployment,True
14279,protocol,True
14280,protocol,True
14281,protocol,True
14282,protocol,True
14283,protocol,True
14284,protocol,True
14285,deployment,True
14286,deployment,True
14287,protocol,True
14288,protocol,True
14289,protocol,True
14290,protocol,True
14291,deployment,True
14292,protocol,True
14293,deployment,True
14294,deployment,True
14295,deployment,True
14296,deployment,True
14297,deployment,True
14298,deployment,True
14299,deployment,True
14300,deployment,True
14301,deployment,True
14302,deployment,True
14303,protocol,True
14304,protocol,True
14305,deployment,True
14306,deployment,True
14307,deployment,True
14308,deployment,True
14309,deployment,True
14310,protocol,True
14311,deployment,True
14312,deployment,True
14313,deployment,True
14314,deployment,True
14315,deployment,True
14316,deployment,True
14317,deployment,True
14318,deployment,True
14319,deployment,False
14320,deployment,False
14321,deployment,True
14322,deployment,True
14323,deployment,True
14324,deployment,True
14325,deployment,True
14326,deployment,False
14327,deployment,True
14328,deployment,True
14329,deployment,True
14330,deployment,True
14331,deployment,True
14332,deployment,True
14333,deployment,True
14334,deployment,True
14335,deployment,True
14336,deployment,True
14337,deployment,True
14338,deployment,True
14339,deployment,True
14340,deployment,True
14341,deployment,True
14342,deployment,False
14343,deployment,True
14344,deployment,True
14345,deployment,True
14346,deployment,True
14347,deployment,True
14348,deployment,True
14349,deployment,True
14350,deployment,True
14351,deployment,True
14352,deployment,True
14353,deployment,True
14354,deployment,True
14355,deployment,True
14356,deployment,True
14357,deployment,False
14358,deployment,True
14359,deployment,True
14360,deployment,True
14361,deployment,True
14362,deployment,True
14363,protocol,True
14364,protocol,True
14365,protocol,True
14366,protocol,True
14367,protocol,True
14368,protocol,True
14369,protocol,True
14370,protocol,True
14371,protocol,True
14372,protocol,True
14373,protocol,True
14374,protocol,True
14375,protocol,True
14376,protocol,True
14377,protocol,True
14378,protocol,True
14379,protocol,True
14380,protocol,True
14381,protocol,True
14382,deployment,True
14383,deployment,True
14384,deployment,True
14385,deployment,True
14386,deployment,True
14387,deployment,True
14388,deployment,False
14389,deployment,False
14390,deployment,False
14391,deployment,False
14392,deployment,False
14393,deployment,False
14394,deployment,False
14395,deployment,False
14396,deployment,False
14397,deployment,False
14398,protocol,False
14399,deployment,False
14400,deployment,False
14401,deployment,False
14402,deployment,False
14403,deployment,False
14404,deployment,False
14405,deployment,False
14406,protocol,False
14407,deployment,False
14408,deployment,False
14409,protocol,False
14410,deployment,False
14411,protocol,False
14412,deployment,False
14413,deployment,False
14414,deployment,False
14415,deployment,False
14416,deployment,False
14417,deployment,False
14418,deployment,False
14419,deployment,False
14420,deployment,False
14421,deployment,False
14422,deployment,False
14423,deployment,False
14424,deployment,False
14425,protocol,False
14426,protocol,False
14427,deployment,False
14428,deployment,False
14429,deployment,False
14430,deployment,False
14431,deployment,False
14432,deployment,False
14433,deployment,False
14434,deployment,False
14435,deployment,False
14436,deployment,False
14437,protocol,False
14438,deployment,False
14439,deployment,False
14440,deployment,False
14441,deployment,False
14442,deployment,False
14443,deployment,False
14444,deployment,False
14445,deployment,False
14446,deployment,False
14447,deployment,False
14448,deployment,False
14449,protocol,False
14450,protocol,False
14451,deployment,False
14452,deployment,False
14453,protocol,False
14454,deployment,False
14455,deployment,False
14456,protocol,False
14457,protocol,False
14458,protocol,False
14459,protocol,False
14460,protocol,False
14461,deployment,False
14462,deployment,False
14463,deployment,False
14464,deployment,False
14465,deployment,False
14466,deployment,False
14467,deployment,False
14468,protocol,False
14469,protocol,False
14470,protocol,False
14471,deployment,False
14472,deployment,False
14473,deployment,False
14474,protocol,False
14475,protocol,False
14476,protocol,False
14477,protocol,False
14478,protocol,False
14479,protocol,False
14480,protocol,False
14481,protocol,False
14482,protocol,False
14483,protocol,False
14484,protocol,False
14485,protocol,False
14486,deployment,False
14487,deployment,False
14488,protocol,False
14489,protocol,False
14490,protocol,False
14491,deployment,False
14492,protocol,False
14493,protocol,False
14494,protocol,False
14495,deployment,False
14496,deployment,False
14497,protocol,False
14498,deployment,False
14499,protocol,False
14500,deployment,False
14501,protocol,False
14502,protocol,False
14503,protocol,False
14504,protocol,False
14505,protocol,False
14506,protocol,False
14507,protocol,False
14508,deployment,False
14509,protocol,False
14510,protocol,False
14511,protocol,False
14512,protocol,False
14513,protocol,False
14514,protocol,False
14515,protocol,False
14516,protocol,False
14517,protocol,False
14518,protocol,False
14519,protocol,False
14520,protocol,False
14521,protocol,False
14522,protocol,False
14523,protocol,False
14524,protocol,False
14525,protocol,False
14526,protocol,False
14527,protocol,False
14528,protocol,False
14529,protocol,False
14530,protocol,False
14531,protocol,False
14532,protocol,False
14533,protocol,False
14534,protocol,False
14535,protocol,False
14536,protocol,False
14537,protocol,False
14538,protocol,False
14539,protocol,False
14540,protocol,False
14541,protocol,False
14542,protocol,False
14543,protocol,False
14544,protocol,False
14545,protocol,False
14546,deployment,True
14547,deployment,True
14548,deployment,True
14549,deployment,True
14550,deployment,False
14551,deployment,False
14552,deployment,True
14553,deployment,False
14554,deployment,False
14555,deployment,False
14556,deployment,False
14557,deployment,False
14558,deployment,False
14559,protocol,True
14560,deployment,True
14561,deployment,True
14562,deployment,True
14563,deployment,False
14564,deployment,True
14565,deployment,False
14566,protocol,True
14567,deployment,False
14568,deployment,False
14569,protocol,True
14570,protocol,False
14571,deployment,False
14572,deployment,False
14573,deployment,False
14574,deployment,False
14575,deployment,False
14576,deployment,False
14577,deployment,False
14578,deployment,True
14579,deployment,True
14580,deployment,True
14581,protocol,True
14582,protocol,True
14583,protocol,True
14584,protocol,True
14585,deployment,False
14586,protocol,True
14587,deployment,True
14588,protocol,True
14589,protocol,True
14590,deployment,True
14591,protocol,True
14592,protocol,True
14593,protocol,True
14594,protocol,True
14595,protocol,True
14596,deployment,False
14597,deployment,False
14598,deployment,False
14599,deployment,False
14600,protocol,True
14601,protocol,True
14602,protocol,True
14603,deployment,False
14604,protocol,True
14605,protocol,True
14606,protocol,True
14607,protocol,True
14608,protocol,True
14609,protocol,True
14610,protocol,True
14611,protocol,True
14612,deployment,False
14613,deployment,False
14614,deployment,False
14615,deployment,False
14616,protocol,True
14617,protocol,True
14618,protocol,True
14619,protocol,True
14620,deployment,False
14621,deployment,False
14622,deployment,False
14623,deployment,False
14624,protocol,True
14625,protocol,True
14626,protocol,True
14627,protocol,True
14628,protocol,True
14629,protocol,True
14630,protocol,True
14631,protocol,True
14632,protocol,True
14633,protocol,True
14634,protocol,True
14635,protocol,True
14636,deployment,False
14637,deployment,False
14638,deployment,False
14639,deployment,False
14640,deployment,True
14641,deployment,True
14642,deployment,False
14643,deployment,False
14644,protocol,False
14645,protocol,False
14646,deployment,False
14647,deployment,False
14648,deployment,False
14649,protocol,False
14650,protocol,False
14651,protocol,False
14652,protocol,False
14653,protocol,False
14654,deployment,True
14655,deployment,True
14656,deployment,True
14657,deployment,True
14658,protocol,False
14659,protocol,False
14660,protocol,False
14661,protocol,False
14662,deployment,True
14663,deployment,True
14664,deployment,True
14665,deployment,True
14666,deployment,False
14667,deployment,True
14668,deployment,False
14669,deployment,False
14670,deployment,False
14671,deployment,False
14672,deployment,False
14673,deployment,True
14674,deployment,False
14675,deployment,False
14676,deployment,False
14677,deployment,False
14678,deployment,False
14679,deployment,False
14680,deployment,False
14681,deployment,True
14682,deployment,False
14683,protocol,False
14684,protocol,False
14685,deployment,True
14686,protocol,False
14687,protocol,False
14688,deployment,True
14689,protocol,False
14690,protocol,False
14691,deployment,False
14692,deployment,True
14693,deployment,False
14694,deployment,True
14695,deployment,True
14696,deployment,True
14697,deployment,False
14698,deployment,True
14699,deployment,False
14700,deployment,True
14701,deployment,True
14702,protocol,False
14703,protocol,False
14704,protocol,False
14705,deployment,False
14706,deployment,False
14707,protocol,False
14708,deployment,False
14709,deployment,True
14710,deployment,True
14711,deployment,False
14712,deployment,True
14713,deployment,True
14714,deployment,True
14715,deployment,True
14716,deployment,True
14717,deployment,False
14718,deployment,False
14719,deployment,True
14720,deployment,True
14721,deployment,True
14722,deployment,True
14723,deployment,True
14724,deployment,True
14725,deployment,True
14726,protocol,False
14727,deployment,False
14728,deployment,False
14729,deployment,False
14730,deployment,False
14731,deployment,False
14732,deployment,False
14733,deployment,False
14734,deployment,False
14735,deployment,False
14736,deployment,False
14737,deployment,False
14738,deployment,False
14739,deployment,False
14740,deployment,False
14741,deployment,False
14742,deployment,False
14743,deployment,False
14744,deployment,False
14745,deployment,False
14746,deployment,False
14747,deployment,False
14748,deployment,False
14749,deployment,False
14750,deployment,False
14751,deployment,False
14752,deployment,False
14753,deployment,False
14754,deployment,False
14755,deployment,False
14756,deployment,False
14757,deployment,False
14758,deployment,False
14759,deployment,False
14760,deployment,False
14761,deployment,False
14762,deployment,False
14763,deployment,False
14764,deployment,False
14765,deployment,False
14766,deployment,False
14767,deployment,False
14768,deployment,False
14769,deployment,False
14770,deployment,False
14771,deployment,False
14772,deployment,False
14773,deployment,False
14774,deployment,False
14775,deployment,False
14776,deployment,False
14777,deployment,False
14778,deployment,False
14779,deployment,False
14780,deployment,False
14781,deployment,False
14782,deployment,False
14783,deployment,False
14784,deployment,False
14785,deployment,False
14786,deployment,False
14787,deployment,False
14788,deployment,False
14789,deployment,False
14790,deployment,False
14791,deployment,False
14792,deployment,False
14793,deployment,False
14794,deployment,False
14795,deployment,False
14796,deployment,False
14797,deployment,False
14798,deployment,False
14799,deployment,False
14800,deployment,False
14801,protocol,False
14802,protocol,False
14803,deployment,False
14804,deployment,False
14805,deployment,False
14806,deployment,False
14807,protocol,False
14808,deployment,False
14809,deployment,False
14810,deployment,False
14811,deployment,False
14812,protocol,False
14813,deployment,False
14814,deployment,False
14815,deployment,False
14816,principle,True
14817,deployment,False
14818,principle,True
14819,deployment,False
14820,deployment,False
14821,deployment,False
14822,principle,True
14823,deployment,False
14824,principle,True
14825,deployment,False
14826,deployment,False
14827,principle,True
14828,deployment,False
14829,deployment,False
14830,deployment,False
14831,principle,True
14832,deployment,False
14833,deployment,False
14834,deployment,False
14835,deployment,False
14836,deployment,False
14837,deployment,False
14838,deployment,False
14839,protocol,False
14840,deployment,False
14841,deployment,False
14842,deployment,False
14843,deployment,False
14844,deployment,False
14845,deployment,False
14846,protocol,False
14847,deployment,False
14848,deployment,False
14849,deployment,False
14850,deployment,False
14851,deployment,False
14852,protocol,False
14853,protocol,False
14854,deployment,False
14855,protocol,False
14856,protocol,False
14857,protocol,False
14858,protocol,False
14859,protocol,False
14860,protocol,False
14861,protocol,False
14862,protocol,False
14863,deployment,False
14864,deployment,False
14865,deployment,False
14866,deployment,False
14867,deployment,False
14868,deployment,True
14869,deployment,True
14870,deployment,False
14871,deployment,False
14872,deployment,False
14873,deployment,False
14874,deployment,False
14875,deployment,False
14876,deployment,False
14877,deployment,False
14878,deployment,False
14879,deployment,False
14880,deployment,False
14881,deployment,True
14882,deployment,True
14883,deployment,True
14884,deployment,True
14885,deployment,True
14886,deployment,True
14887,deployment,True
14888,deployment,False
14889,deployment,False
14890,deployment,True
14891,deployment,True
14892,deployment,True
14893,deployment,True
14894,deployment,True
14895,deployment,True
14896,deployment,False
14897,deployment,False
14898,deployment,False
14899,deployment,False
14900,deployment,True
14901,deployment,False
14902,protocol,True
14903,deployment,True
14904,deployment,True
14905,deployment,True
14906,deployment,True
14907,deployment,False
14908,deployment,False
14909,protocol,True
14910,protocol,True
14911,deployment,False
14912,deployment,False
14913,deployment,False
14914,deployment,True
14915,deployment,True
14916,deployment,True
14917,deployment,True
14918,deployment,False
14919,deployment,True
14920,deployment,True
14921,deployment,True
14922,protocol,True
14923,protocol,True
14924,protocol,True
14925,protocol,True
14926,protocol,True
14927,protocol,False
14928,protocol,False
14929,protocol,True
14930,protocol,True
14931,protocol,True
14932,protocol,False
14933,protocol,False
14934,protocol,False
14935,protocol,False
14936,protocol,False
14937,protocol,False
14938,protocol,False
14939,protocol,False
14940,protocol,False
14941,protocol,False
14942,protocol,False
14943,protocol,False
14944,protocol,False
14945,protocol,False
14946,protocol,False
14947,deployment,False
14948,deployment,False
14949,deployment,False
14950,deployment,False
14951,deployment,False
14952,deployment,False
14953,deployment,False
14954,deployment,False
14955,deployment,False
14956,deployment,False
14957,deployment,False
14958,deployment,False
14959,deployment,False
14960,deployment,False
14961,deployment,False
14962,deployment,False
14963,deployment,False
14964,deployment,False
14965,deployment,False
14966,deployment,False
14967,protocol,False
14968,deployment,False
14969,deployment,False
14970,deployment,False
14971,deployment,False
14972,protocol,False
14973,protocol,False
14974,deployment,False
14975,deployment,False
14976,protocol,False
14977,deployment,False
14978,deployment,False
14979,deployment,False
14980,protocol,False
14981,protocol,False
14982,deployment,False
14983,deployment,False
14984,deployment,False
14985,deployment,False
14986,deployment,False
14987,deployment,False
14988,deployment,False
14989,deployment,False
14990,deployment,False
14991,deployment,False
14992,deployment,False
14993,deployment,False
14994,deployment,False
14995,protocol,False
14996,deployment,False
14997,deployment,False
14998,deployment,False
14999,deployment,False
15000,deployment,False
15001,deployment,False
15002,protocol,False
15003,protocol,False
15004,deployment,False
15005,protocol,False
15006,deployment,False
15007,deployment,False
15008,deployment,False
15009,protocol,False
15010,protocol,False
15011,deployment,False
15012,deployment,False
15013,deployment,False
15014,deployment,False
15015,deployment,False
15016,deployment,False
15017,deployment,False
15018,deployment,False
15019,deployment,False
15020,deployment,False
15021,deployment,False
15022,deployment,False
15023,deployment,False
15024,deployment,False
15025,deployment,False
15026,deployment,False
15027,deployment,False
15028,deployment,False
15029,deployment,False
15030,deployment,False
15031,deployment,False
15032,protocol,True
15033,deployment,True
15034,protocol,True
15035,protocol,True
15036,protocol,True
15037,deployment,True
15038,deployment,False
15039,deployment,True
15040,protocol,True
15041,protocol,True
15042,protocol,True
15043,deployment,True
15044,deployment,True
15045,deployment,False
15046,deployment,True
15047,protocol,True
15048,protocol,True
15049,protocol,True
15050,protocol,True
15051,deployment,True
15052,protocol,True
15053,protocol,True
15054,deployment,True
15055,deployment,False
15056,protocol,False
15057,protocol,True
15058,protocol,True
15059,protocol,True
15060,protocol,True
15061,protocol,True
15062,protocol,True
15063,deployment,True
15064,protocol,False
15065,protocol,False
15066,protocol,False
15067,protocol,False
15068,protocol,True
15069,protocol,True
15070,protocol,True
15071,protocol,False
15072,protocol,True
15073,deployment,True
15074,deployment,True
15075,protocol,True
15076,protocol,True
15077,deployment,True
15078,protocol,True
15079,deployment,False
15080,protocol,False
15081,deployment,False
15082,protocol,False
15083,deployment,False
15084,deployment,False
15085,protocol,False
15086,deployment,False
15087,deployment,False
15088,protocol,False
15089,protocol,False
15090,protocol,False
15091,protocol,False
15092,deployment,False
15093,protocol,False
15094,deployment,True
15095,protocol,True
15096,protocol,True
15097,protocol,True
15098,deployment,False
15099,protocol,True
15100,deployment,False
15101,deployment,False
15102,deployment,True
15103,protocol,True
15104,protocol,True
15105,deployment,False
15106,deployment,True
15107,deployment,True
15108,deployment,True
15109,deployment,True
15110,deployment,True
15111,deployment,True
15112,deployment,True
15113,deployment,True
15114,deployment,True
15115,deployment,False
15116,deployment,True
15117,deployment,False
15118,deployment,True
15119,deployment,True
15120,deployment,False
15121,deployment,False
15122,deployment,False
15123,deployment,True
15124,deployment,True
15125,deployment,True
15126,deployment,False
15127,deployment,False
15128,deployment,False
15129,deployment,False
15130,deployment,False
15131,deployment,False
15132,deployment,False
15133,protocol,False
15134,protocol,True
15135,deployment,True
15136,deployment,False
15137,deployment,False
15138,deployment,True
15139,deployment,True
15140,deployment,True
15141,deployment,True
15142,deployment,True
15143,deployment,True
15144,deployment,False
15145,deployment,False
15146,deployment,False
15147,deployment,False
15148,deployment,False
15149,deployment,False
15150,deployment,False
15151,deployment,False
15152,deployment,True
15153,deployment,True
15154,deployment,True
15155,deployment,True
15156,deployment,True
15157,protocol,False
15158,deployment,True
15159,deployment,True
15160,deployment,False
15161,deployment,False
15162,deployment,True
15163,deployment,True
15164,deployment,True
15165,deployment,True
15166,deployment,True
15167,deployment,True
15168,deployment,True
15169,deployment,True
15170,deployment,False
15171,deployment,False
15172,deployment,True
15173,deployment,True
15174,deployment,True
15175,deployment,True
15176,deployment,True
15177,deployment,False
15178,deployment,False
15179,deployment,True
15180,deployment,True
15181,deployment,True
15182,deployment,False
15183,deployment,False
15184,deployment,False
15185,deployment,False
15186,deployment,False
15187,deployment,False
15188,deployment,False
15189,deployment,False
15190,deployment,False
15191,deployment,False
15192,protocol,False
15193,protocol,False
15194,protocol,False
15195,deployment,False
15196,deployment,False
15197,deployment,False
15198,deployment,False
15199,deployment,False
15200,deployment,False
15201,deployment,False
15202,deployment,False
15203,deployment,False
15204,deployment,False
15205,deployment,False
15206,deployment,False
15207,deployment,False
15208,deployment,False
15209,deployment,False
15210,deployment,False
15211,deployment,False
15212,deployment,False
15213,deployment,False
15214,deployment,False
15215,deployment,False
15216,deployment,False
15217,deployment,False
15218,deployment,False
15219,deployment,False
15220,deployment,False
15221,deployment,False
15222,deployment,False
15223,deployment,False
15224,deployment,False
15225,deployment,False
15226,deployment,False
15227,deployment,False
15228,protocol,False
15229,protocol,False
15230,protocol,False
15231,protocol,False
15232,deployment,False
15233,deployment,False
15234,deployment,False
15235,deployment,False
15236,deployment,False
15237,deployment,False
15238,deployment,False
15239,deployment,False
15240,deployment,False
15241,deployment,False
15242,deployment,False
15243,deployment,False
15244,deployment,False
15245,deployment,False
15246,deployment,False
15247,deployment,False
15248,deployment,False
15249,deployment,False
15250,deployment,False
15251,deployment,False
15252,deployment,False
15253,deployment,False
15254,deployment,False
15255,deployment,False
15256,deployment,False
15257,deployment,False
15258,deployment,False
15259,deployment,True
15260,deployment,True
15261,deployment,True
15262,deployment,True
15263,protocol,True
15264,protocol,True
15265,deployment,True
15266,deployment,False
15267,protocol,False
15268,deployment,True
15269,deployment,True
15270,deployment,True
15271,deployment,True
15272,deployment,True
15273,deployment,True
15274,deployment,True
15275,deployment,True
15276,deployment,True
15277,deployment,True
15278,protocol,True
15279,deployment,True
15280,protocol,True
15281,deployment,False
15282,deployment,False
15283,deployment,True
15284,deployment,True
15285,deployment,True
15286,deployment,True
15287,deployment,False
15288,protocol,False
15289,deployment,True
15290,deployment,True
15291,deployment,True
15292,deployment,False
15293,deployment,True
15294,protocol,True
15295,deployment,True
15296,deployment,True
15297,deployment,True
15298,deployment,False
15299,deployment,False
15300,protocol,False
15301,deployment,False
15302,deployment,False
15303,deployment,False
15304,protocol,False
15305,deployment,False
15306,deployment,False
15307,deployment,False
15308,protocol,False
15309,deployment,False
15310,deployment,False
15311,deployment,True
15312,deployment,False
15313,deployment,False
15314,deployment,True
15315,protocol,True
15316,deployment,False
15317,deployment,True
15318,deployment,True
15319,deployment,False
15320,deployment,False
15321,deployment,False
15322,deployment,True
15323,deployment,True
15324,deployment,False
15325,protocol,False
15326,deployment,False
15327,deployment,False
15328,protocol,True
15329,protocol,False
15330,protocol,True
15331,protocol,True
15332,deployment,False
15333,deployment,False
15334,deployment,False
15335,deployment,False
15336,deployment,False
15337,deployment,False
15338,deployment,False
15339,deployment,False
15340,deployment,False
15341,deployment,False
15342,deployment,False
15343,deployment,False
15344,deployment,False
15345,deployment,False
15346,deployment,False
15347,deployment,False
15348,deployment,False
15349,deployment,False
15350,deployment,False
15351,deployment,False
15352,deployment,False
15353,deployment,False
15354,deployment,False
15355,deployment,False
15356,deployment,False
15357,protocol,True
15358,protocol,True
15359,protocol,True
15360,protocol,True
15361,protocol,True
15362,protocol,True
15363,protocol,True
15364,protocol,True
15365,protocol,True
15366,protocol,True
15367,deployment,False
15368,deployment,False
15369,protocol,True
15370,protocol,True
15371,deployment,False
15372,deployment,False
15373,deployment,False
15374,deployment,False
15375,deployment,False
15376,deployment,False
15377,deployment,False
15378,deployment,False
15379,deployment,False
15380,deployment,False
15381,deployment,False
15382,deployment,False
15383,deployment,False
15384,deployment,False
15385,deployment,False
15386,deployment,False
15387,deployment,False
15388,deployment,False
15389,deployment,False
15390,deployment,False
15391,deployment,False
15392,deployment,False
15393,deployment,False
15394,deployment,False
15395,deployment,False
15396,deployment,False
15397,deployment,False
15398,deployment,False
15399,deployment,False
15400,deployment,False
15401,deployment,False
15402,deployment,False
15403,deployment,False
15404,deployment,False
15405,deployment,False
15406,deployment,False
15407,deployment,False
15408,deployment,False
15409,deployment,False
15410,deployment,False
15411,deployment,False
15412,deployment,False
15413,deployment,False
15414,deployment,False
15415,deployment,False
15416,deployment,False
15417,deployment,False
15418,deployment,False
15419,deployment,False
15420,deployment,False
15421,deployment,False
15422,deployment,False
15423,deployment,False
15424,deployment,False
15425,deployment,False
15426,deployment,False
15427,deployment,False
15428,deployment,False
15429,deployment,False
15430,deployment,False
15431,deployment,False
15432,deployment,False
15433,deployment,False
15434,deployment,False
15435,deployment,False
15436,deployment,False
15437,deployment,False
15438,deployment,False
15439,deployment,False
15440,deployment,False
15441,deployment,False
15442,deployment,False
15443,deployment,False
15444,deployment,False
15445,deployment,False
15446,deployment,False
15447,deployment,False
15448,deployment,False
15449,deployment,False
15450,deployment,False
15451,deployment,False
15452,deployment,False
15453,deployment,False
15454,protocol,True
15455,deployment,False
15456,deployment,False
15457,deployment,False
15458,deployment,False
15459,deployment,False
15460,deployment,False
15461,deployment,False
15462,protocol,True
15463,protocol,True
15464,deployment,False
15465,deployment,False
15466,deployment,False
15467,deployment,False
15468,deployment,False
15469,deployment,False
15470,deployment,False
15471,protocol,True
15472,deployment,False
15473,deployment,False
15474,deployment,False
15475,deployment,False
15476,deployment,False
15477,deployment,False
15478,deployment,False
15479,deployment,False
15480,protocol,True
15481,deployment,False
15482,deployment,False
15483,deployment,False
15484,deployment,False
15485,deployment,False
15486,deployment,False
15487,deployment,False
15488,deployment,False
15489,deployment,False
15490,deployment,False
15491,deployment,False
15492,deployment,False
15493,deployment,False
15494,deployment,False
15495,deployment,False
15496,deployment,False
15497,deployment,False
15498,deployment,False
15499,deployment,False
15500,deployment,False
15501,deployment,False
15502,deployment,False
15503,deployment,False
15504,protocol,False
15505,protocol,False
15506,protocol,False
15507,protocol,False
15508,deployment,False
15509,deployment,True
15510,deployment,False
15511,deployment,True
15512,deployment,True
15513,deployment,True
15514,deployment,False
15515,deployment,False
15516,deployment,False
15517,deployment,False
15518,deployment,False
15519,protocol,False
15520,deployment,False
15521,deployment,False
15522,deployment,False
15523,deployment,False
15524,protocol,False
15525,protocol,False
15526,protocol,False
15527,protocol,False
15528,protocol,False
15529,deployment,False
15530,deployment,False
15531,deployment,True
15532,deployment,True
15533,deployment,True
15534,deployment,True
15535,deployment,False
15536,deployment,False
15537,deployment,False
15538,deployment,False
15539,deployment,False
15540,deployment,False
15541,deployment,False
15542,deployment,True
15543,deployment,True
15544,deployment,True
15545,deployment,True
15546,deployment,True
15547,deployment,False
15548,protocol,False
15549,deployment,False
15550,deployment,False
15551,deployment,True
15552,deployment,True
15553,deployment,True
15554,deployment,True
15555,protocol,False
15556,deployment,True
15557,deployment,True
15558,deployment,False
15559,deployment,True
15560,deployment,True
15561,deployment,True
15562,deployment,False
15563,protocol,False
15564,protocol,False
15565,protocol,False
15566,protocol,False
15567,protocol,False
15568,deployment,True
15569,deployment,True
15570,deployment,True
15571,protocol,False
15572,protocol,False
15573,protocol,False
15574,deployment,True
15575,deployment,True
15576,deployment,True
15577,deployment,True
15578,protocol,False
15579,protocol,False
15580,protocol,False
15581,protocol,False
15582,protocol,False
15583,protocol,True
15584,protocol,False
15585,protocol,True
15586,protocol,True
15587,protocol,True
15588,protocol,True
15589,protocol,True
15590,protocol,False
15591,protocol,False
15592,protocol,True
15593,protocol,False
15594,protocol,True
15595,protocol,True
15596,protocol,False
15597,protocol,False
15598,protocol,False
15599,protocol,False
15600,protocol,True
15601,protocol,False
15602,protocol,False
15603,protocol,True
15604,protocol,True
15605,protocol,True
15606,protocol,True
15607,protocol,True
15608,protocol,True
15609,protocol,True
15610,protocol,True
15611,protocol,True
15612,protocol,False
15613,protocol,True
15614,protocol,False
15615,protocol,False
15616,protocol,False
15617,protocol,True
15618,protocol,True
15619,protocol,True
15620,protocol,False
15621,protocol,True
15622,protocol,True
15623,protocol,True
15624,protocol,True
15625,protocol,True
15626,protocol,True
15627,protocol,True
15628,protocol,True
15629,protocol,True
15630,protocol,True
15631,protocol,True
15632,protocol,True
15633,protocol,True
15634,protocol,True
15635,protocol,True
15636,protocol,True
15637,protocol,True
15638,protocol,True
15639,protocol,True
15640,protocol,True
15641,protocol,True
15642,protocol,True
15643,protocol,True
15644,protocol,False
15645,protocol,True
15646,protocol,True
15647,protocol,True
15648,protocol,True
15649,protocol,True
15650,protocol,False
15651,protocol,True
15652,protocol,True
15653,protocol,True
15654,protocol,True
15655,protocol,True
15656,protocol,True
15657,protocol,True
15658,protocol,True
15659,protocol,True
15660,protocol,True
15661,protocol,True
15662,protocol,True
15663,protocol,True
15664,protocol,False
15665,protocol,False
15666,protocol,False
15667,protocol,False
15668,protocol,True
15669,protocol,True
15670,protocol,True
15671,protocol,True
15672,protocol,True
15673,protocol,True
15674,deployment,False
15675,deployment,False
15676,deployment,False
15677,deployment,False
15678,deployment,False
15679,deployment,False
15680,deployment,False
15681,deployment,False
15682,deployment,False
15683,deployment,False
15684,deployment,False
15685,deployment,False
15686,deployment,False
15687,deployment,False
15688,deployment,False
15689,deployment,False
15690,deployment,False
15691,deployment,False
15692,deployment,False
15693,deployment,False
15694,deployment,False
15695,deployment,False
15696,deployment,False
15697,deployment,False
15698,deployment,False
15699,deployment,False
15700,deployment,False
15701,deployment,False
15702,deployment,False
15703,deployment,False
15704,deployment,False
15705,deployment,False
15706,deployment,False
15707,deployment,False
15708,deployment,False
15709,deployment,False
15710,deployment,False
15711,deployment,False
15712,deployment,False
15713,deployment,False
15714,deployment,False
15715,deployment,False
15716,deployment,False
15717,deployment,False
15718,deployment,False
15719,deployment,False
15720,deployment,False
15721,deployment,False
15722,deployment,False
15723,deployment,False
15724,deployment,False
15725,deployment,False
15726,deployment,False
15727,deployment,False
15728,deployment,False
15729,deployment,False
15730,deployment,False
15731,deployment,False
15732,deployment,False
15733,deployment,False
15734,deployment,False
15735,deployment,False
15736,deployment,False
15737,deployment,False
15738,deployment,False
15739,deployment,False
15740,deployment,False
15741,deployment,False
15742,deployment,False
15743,deployment,False
15744,deployment,False
15745,deployment,False
15746,deployment,False
15747,deployment,False
15748,deployment,False
15749,deployment,False
15750,deployment,False
15751,deployment,False
15752,deployment,False
15753,deployment,False
15754,deployment,False
15755,deployment,False
15756,deployment,False
15757,deployment,False
15758,deployment,False
15759,deployment,False
15760,deployment,False
15761,deployment,False
15762,deployment,False
15763,deployment,False
15764,deployment,False
15765,deployment,False
15766,deployment,False
15767,deployment,False
15768,deployment,False
15769,deployment,False
15770,deployment,True
15771,deployment,True
15772,deployment,True
15773,deployment,True
15774,deployment,True
15775,deployment,False
15776,deployment,True
15777,deployment,True
15778,deployment,True
15779,deployment,False
15780,deployment,True
15781,deployment,True
15782,protocol,True
15783,deployment,True
15784,deployment,False
15785,protocol,True
15786,deployment,False
15787,deployment,False
15788,deployment,False
15789,deployment,True
15790,protocol,True
15791,protocol,True
15792,deployment,True
15793,deployment,True
15794,deployment,True
15795,protocol,True
15796,protocol,True
15797,deployment,False
15798,deployment,False
15799,deployment,False
15800,protocol,False
15801,protocol,False
15802,protocol,False
15803,protocol,True
15804,protocol,True
15805,protocol,False
15806,protocol,False
15807,deployment,True
15808,deployment,True
15809,protocol,True
15810,protocol,True
15811,deployment,True
15812,deployment,True
15813,deployment,True
15814,deployment,True
15815,deployment,False
15816,deployment,False
15817,deployment,False
15818,deployment,False
15819,deployment,False
15820,deployment,False
15821,deployment,False
15822,deployment,False
15823,deployment,False
15824,deployment,False
15825,deployment,False
15826,deployment,False
15827,deployment,False
15828,deployment,False
15829,deployment,False
15830,deployment,False
15831,deployment,False
15832,deployment,False
15833,deployment,False
15834,deployment,False
15835,deployment,False
15836,deployment,False
15837,deployment,False
15838,deployment,False
15839,deployment,False
15840,deployment,False
15841,deployment,False
15842,deployment,False
15843,deployment,True
15844,deployment,True
15845,deployment,False
15846,deployment,False
15847,deployment,False
15848,deployment,False
15849,deployment,False
15850,deployment,False
15851,deployment,False
15852,deployment,False
15853,deployment,True
15854,deployment,True
15855,deployment,True
15856,deployment,True
15857,deployment,True
15858,deployment,True
15859,deployment,True
15860,deployment,True
15861,deployment,False
15862,deployment,False
15863,deployment,False
15864,deployment,False
15865,deployment,False
15866,protocol,False
15867,deployment,False
15868,deployment,True
15869,deployment,True
15870,deployment,False
15871,deployment,False
15872,deployment,False
15873,deployment,False
15874,deployment,False
15875,protocol,False
15876,protocol,False
15877,protocol,False
15878,deployment,True
15879,deployment,True
15880,deployment,False
15881,deployment,False
15882,protocol,False
15883,protocol,False
15884,protocol,False
15885,protocol,False
15886,protocol,False
15887,protocol,False
15888,protocol,False
15889,protocol,False
15890,protocol,False
15891,protocol,False
15892,protocol,False
15893,protocol,False
15894,protocol,False
15895,protocol,False
15896,protocol,False
15897,protocol,False
15898,protocol,False
15899,protocol,False
15900,protocol,False
15901,protocol,False
15902,protocol,False
15903,protocol,False
15904,protocol,False
15905,protocol,False
15906,protocol,False
15907,protocol,False
15908,protocol,False
15909,protocol,False
15910,protocol,False
15911,protocol,True
15912,protocol,False
15913,protocol,False
15914,protocol,False
15915,protocol,False
15916,protocol,False
15917,protocol,False
15918,deployment,True
15919,deployment,True
15920,deployment,True
15921,deployment,True
15922,deployment,True
15923,deployment,True
15924,deployment,True
15925,deployment,True
15926,deployment,True
15927,deployment,True
15928,deployment,False
15929,deployment,True
15930,protocol,True
15931,deployment,False
15932,deployment,False
15933,deployment,False
15934,deployment,False
15935,deployment,False
15936,deployment,False
15937,deployment,False
15938,deployment,False
15939,deployment,False
15940,deployment,False
15941,deployment,False
15942,deployment,False
15943,deployment,False
15944,deployment,False
15945,deployment,False
15946,deployment,False
15947,protocol,True
15948,deployment,False
15949,deployment,False
15950,deployment,False
15951,deployment,False
15952,protocol,True
15953,deployment,True
15954,deployment,False
15955,deployment,False
15956,deployment,False
15957,deployment,False
15958,deployment,False
15959,deployment,False
15960,deployment,False
15961,deployment,False
15962,deployment,False
15963,deployment,False
15964,deployment,False
15965,deployment,False
15966,deployment,False
15967,deployment,False
15968,protocol,True
15969,protocol,True
15970,deployment,False
15971,deployment,False
15972,deployment,False
15973,deployment,True
15974,deployment,True
15975,deployment,True
15976,deployment,True
15977,deployment,True
15978,deployment,True
15979,protocol,False
15980,protocol,False
15981,protocol,False
15982,protocol,False
15983,protocol,False
15984,protocol,False
15985,protocol,False
15986,protocol,False
15987,protocol,False
15988,protocol,False
15989,protocol,False
15990,protocol,False
15991,protocol,False
15992,protocol,False
15993,protocol,False
15994,protocol,False
15995,protocol,False
15996,protocol,False
15997,protocol,False
15998,protocol,False
15999,protocol,False
16000,protocol,False
16001,protocol,False
16002,protocol,False
16003,protocol,False
16004,protocol,False
16005,protocol,False
16006,protocol,False
16007,protocol,False
16008,protocol,False
16009,protocol,False
16010,protocol,False
16011,protocol,False
16012,protocol,False
16013,protocol,False
16014,protocol,False
16015,protocol,False
16016,protocol,False
16017,protocol,False
16018,protocol,False
16019,protocol,False
16020,protocol,False
16021,protocol,False
16022,protocol,False
16023,protocol,False
16024,protocol,False
16025,protocol,False
16026,protocol,False
16027,protocol,False
16028,protocol,False
16029,protocol,False
16030,protocol,False
16031,protocol,False
16032,protocol,False
16033,protocol,False
16034,protocol,False
16035,protocol,False
16036,protocol,False
16037,protocol,False
16038,protocol,False
16039,protocol,False
16040,deployment,True
16041,protocol,True
16042,deployment,True
16043,deployment,True
16044,deployment,False
16045,deployment,False
16046,deployment,False
16047,deployment,False
16048,protocol,False
16049,protocol,True
16050,protocol,True
16051,deployment,True
16052,deployment,True
16053,deployment,False
16054,deployment,False
16055,deployment,False
16056,deployment,False
16057,deployment,False
16058,deployment,False
16059,protocol,False
16060,protocol,False
16061,protocol,False
16062,protocol,False
16063,deployment,False
16064,deployment,False
16065,deployment,False
16066,deployment,False
16067,protocol,False
16068,protocol,False
16069,principle,False
16070,deployment,True
16071,deployment,True
16072,deployment,True
16073,deployment,True
16074,deployment,True
16075,deployment,True
16076,deployment,False
16077,deployment,False
16078,deployment,False
16079,deployment,False
16080,deployment,True
16081,deployment,True
16082,deployment,False
16083,deployment,False
16084,deployment,False
16085,deployment,False
16086,protocol,False
16087,protocol,False
16088,deployment,False
16089,deployment,False
16090,protocol,False
16091,principle,False
16092,deployment,True
16093,deployment,False
16094,protocol,False
16095,deployment,False
16096,protocol,True
16097,deployment,False
16098,deployment,True
16099,deployment,True
16100,deployment,False
16101,deployment,True
16102,deployment,True
16103,deployment,False
16104,protocol,False
16105,deployment,False
16106,deployment,False
16107,deployment,False
16108,deployment,False
16109,deployment,False
16110,deployment,False
16111,deployment,False
16112,deployment,False
16113,deployment,False
16114,protocol,False
16115,protocol,False
16116,protocol,False
16117,protocol,False
16118,deployment,False
16119,deployment,False
16120,deployment,False
16121,deployment,False
16122,deployment,False
16123,deployment,False
16124,deployment,False
16125,deployment,False
16126,deployment,False
16127,deployment,False
16128,protocol,False
16129,protocol,False
16130,protocol,False
16131,protocol,False
16132,deployment,False
16133,deployment,False
16134,deployment,False
16135,protocol,False
16136,deployment,False
16137,protocol,False
16138,deployment,False
16139,deployment,False
16140,protocol,False
16141,protocol,False
16142,deployment,False
16143,deployment,False
16144,deployment,False
16145,deployment,False
16146,deployment,False
16147,deployment,False
16148,deployment,False
16149,deployment,False
16150,deployment,False
16151,deployment,False
16152,deployment,False
16153,deployment,False
16154,protocol,False
16155,deployment,False
16156,protocol,False
16157,deployment,False
16158,protocol,False
16159,protocol,False
16160,deployment,False
16161,protocol,False
16162,deployment,False
16163,deployment,False
16164,deployment,False
16165,deployment,False
16166,deployment,False
16167,deployment,False
16168,protocol,False
16169,protocol,False
16170,protocol,False
16171,protocol,False
16172,deployment,False
16173,deployment,False
16174,deployment,False
16175,protocol,False
16176,protocol,False
16177,protocol,False
16178,protocol,False
16179,protocol,False
16180,protocol,False
16181,protocol,False
16182,protocol,False
16183,deployment,False
16184,deployment,False
16185,deployment,False
16186,deployment,False
16187,deployment,False
16188,deployment,False
16189,deployment,False
16190,deployment,False
16191,deployment,False
16192,deployment,False
16193,deployment,False
16194,deployment,False
16195,deployment,True
16196,protocol,True
16197,deployment,False
16198,deployment,False
16199,deployment,False
16200,deployment,True
16201,protocol,True
16202,deployment,False
16203,deployment,False
16204,deployment,False
16205,deployment,False
16206,protocol,False
16207,deployment,False
16208,deployment,False
16209,protocol,False
16210,deployment,False
16211,deployment,False
16212,deployment,False
16213,deployment,False
16214,protocol,False
16215,protocol,False
16216,deployment,False
16217,deployment,False
16218,deployment,False
16219,deployment,False
16220,deployment,True
16221,protocol,True
16222,deployment,False
16223,deployment,False
16224,deployment,True
16225,protocol,True
16226,deployment,False
16227,protocol,True
16228,protocol,False
16229,protocol,False
16230,protocol,False
16231,protocol,False
16232,protocol,False
16233,protocol,False
16234,protocol,False
16235,deployment,True
16236,protocol,True
16237,protocol,False
16238,deployment,False
16239,deployment,True
16240,protocol,True
16241,deployment,False
16242,deployment,True
16243,protocol,True
16244,deployment,False
16245,deployment,False
16246,deployment,False
16247,deployment,False
16248,protocol,False
16249,deployment,False
16250,protocol,False
16251,deployment,False
16252,protocol,False
16253,deployment,False
16254,protocol,False
16255,deployment,False
16256,protocol,False
16257,deployment,False
16258,deployment,False
16259,deployment,False
16260,deployment,False
16261,protocol,False
16262,deployment,False
16263,protocol,False
16264,deployment,False
16265,protocol,False
16266,protocol,False
16267,protocol,False
16268,deployment,False
16269,protocol,False
16270,protocol,False
16271,protocol,False
16272,protocol,False
16273,protocol,False
16274,protocol,False
16275,protocol,False
16276,deployment,False
16277,deployment,False
16278,deployment,False
16279,deployment,False
16280,deployment,False
16281,deployment,False
16282,deployment,False
16283,deployment,False
16284,deployment,False
16285,deployment,False
16286,deployment,False
16287,deployment,False
16288,deployment,False
16289,deployment,False
16290,protocol,False
16291,protocol,False
16292,deployment,False
16293,deployment,False
16294,deployment,False
16295,deployment,False
16296,deployment,False
16297,deployment,False
16298,deployment,False
16299,deployment,False
16300,protocol,False
16301,deployment,False
16302,deployment,False
16303,deployment,False
16304,deployment,False
16305,deployment,False
16306,deployment,True
16307,deployment,True
16308,deployment,True
16309,deployment,True
16310,deployment,False
16311,deployment,False
16312,deployment,True
16313,deployment,True
16314,deployment,True
16315,deployment,True
16316,deployment,False
16317,deployment,False
16318,deployment,False
16319,deployment,True
16320,deployment,True
16321,deployment,True
16322,deployment,True
16323,deployment,True
16324,deployment,True
16325,deployment,True
16326,deployment,True
16327,deployment,True
16328,protocol,True
16329,deployment,True
16330,deployment,True
16331,deployment,True
16332,protocol,True
16333,deployment,True
16334,deployment,True
16335,deployment,True
16336,protocol,True
16337,deployment,True
16338,protocol,True
16339,deployment,True
16340,protocol,True
16341,deployment,True
16342,protocol,True
16343,deployment,True
16344,protocol,True
16345,deployment,True
16346,protocol,True
16347,deployment,True
16348,protocol,True
16349,deployment,True
16350,protocol,True
16351,deployment,True
16352,protocol,True
16353,deployment,True
16354,protocol,True
16355,deployment,True
16356,protocol,True
16357,deployment,True
16358,protocol,True
16359,deployment,True
16360,protocol,True
16361,deployment,True
16362,protocol,True
16363,deployment,True
16364,deployment,True
16365,protocol,True
16366,deployment,True
16367,protocol,True
16368,deployment,True
16369,protocol,True
16370,deployment,True
16371,deployment,False
16372,deployment,False
16373,deployment,False
16374,deployment,True
16375,deployment,True
16376,deployment,True
16377,protocol,True
16378,deployment,True
16379,protocol,False
16380,protocol,False
16381,protocol,False
16382,protocol,False
16383,protocol,False
16384,protocol,False
16385,protocol,False
16386,protocol,False
16387,protocol,False
16388,protocol,False
16389,protocol,False
16390,protocol,False
16391,protocol,False
16392,protocol,False
16393,protocol,False
16394,protocol,False
16395,protocol,False
16396,protocol,False
16397,protocol,False
16398,protocol,False
16399,protocol,False
16400,protocol,False
16401,protocol,False
16402,protocol,False
16403,protocol,False
16404,protocol,False
16405,protocol,False
16406,protocol,False
16407,protocol,False
16408,protocol,False
16409,protocol,False
16410,protocol,False
16411,protocol,False
16412,protocol,False
16413,protocol,False
16414,protocol,False
16415,protocol,False
16416,protocol,False
16417,protocol,False
16418,protocol,False
16419,protocol,False
16420,protocol,False
16421,protocol,False
16422,protocol,False
16423,protocol,False
16424,protocol,False
16425,protocol,False
16426,protocol,False
16427,protocol,False
16428,protocol,False
16429,protocol,False
16430,protocol,False
16431,protocol,False
16432,protocol,False
16433,protocol,False
16434,protocol,False
16435,protocol,False
16436,protocol,False
16437,protocol,False
16438,protocol,False
16439,protocol,False
16440,protocol,False
16441,protocol,False
16442,protocol,False
16443,protocol,False
16444,protocol,False
16445,protocol,False
16446,protocol,False
16447,protocol,False
16448,protocol,False
16449,protocol,False
16450,protocol,False
16451,protocol,False
16452,protocol,False
16453,protocol,False
16454,protocol,True
16455,protocol,True
16456,deployment,True
16457,deployment,True
16458,deployment,False
16459,deployment,True
16460,protocol,True
16461,deployment,True
16462,protocol,True
16463,deployment,True
16464,deployment,True
16465,deployment,True
16466,deployment,False
16467,protocol,True
16468,protocol,True
16469,deployment,False
16470,deployment,False
16471,protocol,True
16472,protocol,True
16473,deployment,False
16474,protocol,True
16475,deployment,False
16476,protocol,True
16477,deployment,False
16478,protocol,True
16479,deployment,False
16480,protocol,True
16481,protocol,True
16482,deployment,False
16483,deployment,True
16484,deployment,True
16485,deployment,True
16486,deployment,True
16487,deployment,False
16488,protocol,True
16489,deployment,False
16490,protocol,True
16491,deployment,True
16492,deployment,True
16493,protocol,True
16494,deployment,True
16495,deployment,True
16496,deployment,True
16497,deployment,True
16498,deployment,True
16499,deployment,True
16500,deployment,False
16501,protocol,True
16502,deployment,True
16503,protocol,True
16504,deployment,True
16505,deployment,False
16506,deployment,False
16507,deployment,False
16508,protocol,True
16509,deployment,True
16510,deployment,True
16511,deployment,True
16512,protocol,True
16513,protocol,True
16514,deployment,True
16515,protocol,True
16516,deployment,False
16517,protocol,True
16518,deployment,True
16519,deployment,False
16520,deployment,False
16521,deployment,True
16522,protocol,True
16523,protocol,True
16524,protocol,True
16525,protocol,True
16526,deployment,True
16527,deployment,False
16528,deployment,True
16529,protocol,False
16530,deployment,True
16531,deployment,True
16532,deployment,True
16533,protocol,False
16534,protocol,True
16535,protocol,False
16536,protocol,False
16537,protocol,True
16538,protocol,True
16539,principle,False
16540,protocol,False
16541,protocol,False
16542,protocol,True
16543,deployment,True
16544,deployment,True
16545,protocol,True
16546,deployment,False
16547,deployment,False
16548,protocol,True
16549,deployment,False
16550,protocol,False
16551,deployment,False
16552,protocol,False
16553,deployment,False
16554,protocol,True
16555,protocol,True
16556,protocol,True
16557,protocol,True
16558,protocol,True
16559,protocol,True
16560,protocol,True
16561,protocol,True
16562,protocol,True
16563,protocol,True
16564,protocol,True
16565,protocol,True
16566,protocol,True
16567,protocol,True
16568,protocol,True
16569,protocol,True
16570,deployment,False
16571,protocol,False
16572,protocol,False
16573,protocol,True
16574,deployment,False
16575,protocol,False
16576,protocol,True
16577,deployment,True
16578,deployment,True
16579,deployment,True
16580,protocol,False
16581,protocol,True
16582,deployment,True
16583,protocol,True
16584,deployment,False
16585,deployment,True
16586,protocol,False
16587,protocol,False
16588,deployment,True
16589,deployment,False
16590,protocol,False
16591,protocol,False
16592,protocol,False
16593,protocol,False
16594,protocol,False
16595,protocol,False
16596,deployment,False
16597,deployment,False
16598,deployment,False
16599,deployment,False
16600,deployment,False
16601,deployment,False
16602,deployment,False
16603,deployment,False
16604,deployment,False
16605,deployment,False
16606,deployment,False
16607,deployment,False
16608,deployment,False
16609,deployment,False
16610,deployment,False
16611,deployment,False
16612,deployment,False
16613,deployment,False
16614,deployment,False
16615,deployment,False
16616,deployment,False
16617,deployment,False
16618,deployment,False
16619,deployment,False
16620,deployment,False
16621,deployment,False
16622,deployment,False
16623,deployment,False
16624,deployment,False
16625,deployment,False
16626,deployment,False
16627,deployment,False
16628,deployment,False
16629,deployment,False
16630,deployment,False
16631,deployment,False
16632,deployment,False
16633,deployment,False
16634,deployment,False
16635,deployment,False
16636,deployment,False
16637,deployment,False
16638,deployment,False
16639,deployment,False
16640,deployment,False
16641,deployment,False
16642,deployment,False
16643,deployment,False
16644,deployment,False
16645,deployment,False
16646,deployment,False
16647,deployment,False
16648,deployment,False
16649,deployment,False
16650,deployment,False
16651,deployment,False
16652,deployment,False
16653,deployment,False
16654,deployment,False
16655,deployment,False
16656,deployment,False
16657,deployment,False
16658,deployment,False
16659,deployment,False
16660,deployment,False
16661,deployment,False
16662,deployment,False
16663,deployment,False
16664,deployment,False
16665,deployment,False
16666,deployment,False
16667,deployment,False
16668,deployment,False
16669,deployment,False
16670,deployment,True
16671,protocol,True
16672,deployment,True
16673,deployment,False
16674,deployment,True
16675,deployment,True
16676,deployment,False
16677,deployment,False
16678,deployment,True
16679,deployment,False
16680,deployment,True
16681,protocol,True
16682,deployment,True
16683,deployment,False
16684,protocol,False
16685,deployment,False
16686,deployment,True
16687,protocol,True
16688,deployment,True
16689,deployment,False
16690,deployment,True
16691,protocol,True
16692,deployment,True
16693,deployment,True
16694,deployment,True
16695,protocol,True
16696,deployment,True
16697,protocol,True
16698,deployment,True
16699,deployment,True
16700,protocol,True
16701,deployment,True
16702,deployment,True
16703,deployment,True
16704,protocol,True
16705,deployment,True
16706,deployment,False
16707,deployment,False
16708,deployment,True
16709,protocol,False
16710,protocol,False
16711,deployment,True
16712,deployment,True
16713,deployment,True
16714,deployment,True
16715,protocol,True
16716,deployment,True
16717,deployment,True
16718,deployment,False
16719,deployment,False
16720,deployment,True
16721,deployment,True
16722,deployment,True
16723,deployment,True
16724,deployment,True
16725,protocol,True
16726,deployment,False
16727,deployment,True
16728,deployment,True
16729,deployment,True
16730,deployment,True
16731,deployment,True
16732,deployment,True
16733,deployment,True
16734,protocol,True
16735,deployment,False
16736,deployment,True
16737,deployment,True
16738,deployment,False
16739,deployment,True
16740,deployment,True
16741,deployment,True
16742,deployment,True
16743,protocol,True
16744,deployment,False
16745,deployment,True
16746,protocol,True
16747,deployment,True
16748,deployment,False
16749,protocol,False
16750,deployment,False
16751,deployment,False
16752,deployment,False
16753,deployment,False
16754,deployment,False
16755,protocol,False
16756,protocol,False
16757,protocol,False
16758,protocol,False
16759,protocol,False
16760,protocol,False
16761,protocol,False
16762,protocol,False
16763,deployment,False
16764,deployment,False
16765,deployment,False
16766,protocol,False
16767,protocol,False
16768,protocol,False
16769,deployment,False
16770,deployment,False
16771,deployment,False
16772,deployment,False
16773,protocol,False
16774,deployment,False
16775,deployment,False
16776,deployment,False
16777,deployment,False
16778,deployment,False
16779,deployment,False
16780,deployment,False
16781,protocol,False
16782,deployment,False
16783,deployment,False
16784,protocol,False
16785,deployment,False
16786,deployment,False
16787,deployment,False
16788,deployment,False
16789,deployment,False
16790,deployment,False
16791,deployment,False
16792,deployment,False
16793,deployment,False
16794,deployment,False
16795,deployment,False
16796,deployment,False
16797,deployment,False
16798,protocol,False
16799,deployment,False
16800,deployment,False
16801,deployment,False
16802,deployment,False
16803,protocol,False
16804,deployment,False
16805,protocol,False
16806,protocol,False
16807,protocol,False
16808,deployment,False
16809,deployment,False
16810,deployment,False
16811,deployment,False
16812,protocol,False
16813,protocol,False
16814,protocol,False
16815,deployment,False
16816,deployment,False
16817,deployment,False
16818,deployment,False
16819,deployment,False
16820,protocol,False
16821,protocol,False
16822,protocol,False
16823,protocol,False
16824,deployment,False
16825,protocol,False
16826,deployment,True
16827,protocol,True
16828,protocol,True
16829,protocol,True
16830,protocol,True
16831,deployment,True
16832,deployment,True
16833,deployment,True
16834,deployment,True
16835,deployment,False
16836,deployment,False
16837,deployment,False
16838,deployment,False
16839,deployment,False
16840,deployment,True
16841,deployment,False
16842,deployment,True
16843,deployment,False
16844,deployment,False
16845,deployment,True
16846,deployment,True
16847,deployment,True
16848,deployment,True
16849,protocol,False
16850,deployment,False
16851,protocol,True
16852,deployment,True
16853,deployment,True
16854,deployment,True
16855,deployment,True
16856,deployment,True
16857,deployment,False
16858,deployment,True
16859,deployment,False
16860,deployment,False
16861,deployment,True
16862,deployment,False
16863,deployment,False
16864,deployment,True
16865,deployment,False
16866,deployment,False
16867,deployment,False
16868,deployment,False
16869,deployment,False
16870,deployment,True
16871,deployment,False
16872,deployment,True
16873,deployment,True
16874,deployment,True
16875,deployment,True
16876,deployment,True
16877,deployment,True
16878,deployment,True
16879,deployment,True
16880,deployment,True
16881,protocol,True
16882,protocol,True
16883,protocol,True
16884,protocol,True
16885,protocol,True
16886,protocol,True
16887,deployment,True
16888,deployment,False
16889,deployment,False
16890,deployment,False
16891,deployment,False
16892,deployment,False
16893,deployment,False
16894,deployment,True
16895,deployment,False
16896,deployment,False
16897,deployment,True
16898,deployment,True
16899,deployment,True
16900,protocol,False
16901,protocol,False
16902,protocol,False
16903,protocol,False
16904,protocol,False
16905,protocol,False
16906,protocol,False
16907,deployment,True
16908,deployment,True
16909,deployment,True
16910,deployment,True
16911,deployment,True
16912,deployment,True
16913,deployment,True
16914,deployment,True
16915,deployment,True
16916,deployment,True
16917,deployment,True
16918,deployment,True
16919,deployment,True
16920,deployment,True
16921,deployment,True
16922,deployment,True
16923,deployment,True
16924,deployment,True
16925,deployment,True
16926,deployment,True
16927,deployment,True
16928,deployment,True
16929,deployment,True
16930,deployment,True
16931,deployment,True
16932,deployment,True
16933,deployment,True
16934,deployment,True
16935,deployment,True
16936,deployment,True
16937,deployment,True
16938,deployment,True
16939,deployment,True
16940,deployment,True
16941,deployment,True
16942,deployment,True
16943,deployment,True
16944,deployment,True
16945,deployment,True
16946,deployment,True
16947,deployment,True
16948,deployment,True
16949,deployment,True
16950,deployment,True
16951,deployment,True
16952,deployment,True
16953,deployment,True
16954,deployment,True
16955,deployment,True
16956,deployment,True
16957,deployment,True
16958,deployment,True
16959,deployment,True
16960,deployment,True
16961,deployment,True
16962,deployment,True
16963,deployment,True
16964,deployment,True
16965,deployment,True
16966,deployment,True
16967,deployment,True
16968,deployment,True
16969,deployment,True
16970,deployment,True
16971,deployment,True
16972,deployment,True
16973,deployment,True
16974,deployment,True
16975,deployment,True
16976,deployment,True
16977,deployment,True
16978,deployment,True
16979,deployment,True
16980,deployment,True
16981,deployment,True
16982,deployment,True
16983,deployment,True
16984,deployment,True
16985,deployment,True
16986,deployment,True
16987,deployment,True
16988,deployment,True
16989,deployment,True
16990,deployment,True
16991,deployment,True
16992,deployment,True
16993,deployment,True
16994,deployment,True
16995,deployment,True
16996,deployment,True
16997,deployment,True
16998,deployment,True
16999,deployment,True
17000,deployment,True
17001,protocol,True
17002,protocol,True
17003,deployment,True
17004,protocol,True
17005,protocol,True
17006,protocol,True
17007,protocol,True
17008,protocol,True
17009,protocol,True
17010,protocol,True
17011,protocol,True
17012,protocol,True
17013,deployment,False
17014,deployment,False
17015,deployment,False
17016,deployment,False
17017,protocol,True
17018,protocol,True
17019,protocol,True
17020,protocol,True
17021,protocol,True
17022,protocol,True
17023,protocol,True
17024,protocol,True
17025,protocol,True
17026,protocol,True
17027,protocol,True
17028,protocol,True
17029,protocol,True
17030,protocol,True
17031,protocol,True
17032,protocol,True
17033,protocol,True
17034,protocol,True
17035,protocol,True
17036,protocol,True
17037,deployment,True
17038,deployment,True
17039,deployment,True
17040,deployment,True
17041,deployment,True
17042,deployment,True
17043,deployment,True
17044,deployment,True
17045,deployment,True
17046,deployment,True
17047,deployment,True
17048,deployment,True
17049,deployment,True
17050,deployment,False
17051,deployment,False
17052,deployment,False
17053,deployment,False
17054,deployment,True
17055,deployment,False
17056,deployment,False
17057,deployment,False
17058,deployment,False
17059,deployment,True
17060,deployment,True
17061,deployment,True
17062,deployment,False
17063,deployment,True
17064,deployment,True
17065,deployment,True
17066,deployment,True
17067,deployment,True
17068,deployment,True
17069,deployment,False
17070,deployment,False
17071,deployment,False
17072,deployment,True
17073,deployment,False
17074,deployment,False
17075,deployment,True
17076,deployment,True
17077,deployment,False
17078,deployment,False
17079,deployment,False
17080,deployment,False
17081,deployment,False
17082,deployment,False
17083,deployment,False
17084,deployment,False
17085,deployment,False
17086,deployment,False
17087,protocol,False
17088,protocol,False
17089,protocol,False
17090,protocol,False
17091,protocol,False
17092,protocol,False
17093,protocol,False
17094,deployment,False
17095,deployment,False
17096,deployment,False
17097,deployment,False
17098,deployment,False
17099,deployment,False
17100,deployment,False
17101,deployment,False
17102,deployment,False
17103,deployment,False
17104,deployment,False
17105,deployment,False
17106,deployment,False
17107,deployment,False
17108,deployment,False
17109,protocol,False
17110,protocol,False
17111,deployment,False
17112,deployment,False
17113,deployment,False
17114,deployment,False
17115,deployment,False
17116,deployment,False
17117,deployment,False
17118,deployment,False
17119,deployment,False
17120,protocol,False
17121,protocol,False
17122,deployment,False
17123,deployment,False
17124,protocol,False
17125,protocol,False
17126,protocol,False
17127,protocol,False
17128,protocol,False
17129,deployment,False
17130,deployment,False
17131,deployment,False
17132,deployment,False
17133,deployment,False
17134,deployment,False
17135,deployment,False
17136,deployment,False
17137,deployment,False
17138,deployment,False
17139,deployment,False
17140,deployment,False
17141,deployment,False
17142,deployment,False
17143,deployment,False
17144,deployment,False
17145,protocol,False
17146,protocol,False
17147,protocol,False
17148,protocol,False
17149,deployment,False
17150,deployment,False
17151,deployment,True
17152,deployment,False
17153,deployment,False
17154,deployment,False
17155,deployment,True
17156,deployment,True
17157,protocol,True
17158,deployment,False
17159,deployment,False
17160,deployment,False
17161,deployment,False
17162,deployment,False
17163,deployment,False
17164,deployment,False
17165,deployment,False
17166,deployment,False
17167,deployment,False
17168,deployment,False
17169,deployment,False
17170,deployment,False
17171,deployment,False
17172,deployment,False
17173,deployment,False
17174,deployment,False
17175,deployment,False
17176,deployment,False
17177,deployment,False
17178,deployment,False
17179,deployment,False
17180,deployment,False
17181,deployment,False
17182,deployment,False
17183,deployment,False
17184,deployment,False
17185,deployment,False
17186,protocol,True
17187,protocol,True
17188,deployment,False
17189,deployment,False
17190,deployment,False
17191,protocol,True
17192,deployment,False
17193,deployment,False
17194,deployment,False
17195,deployment,False
17196,deployment,False
17197,protocol,True
17198,deployment,False
17199,deployment,False
17200,protocol,True
17201,deployment,False
17202,deployment,False
17203,deployment,False
17204,deployment,False
17205,deployment,False
17206,deployment,False
17207,deployment,False
17208,deployment,False
17209,deployment,False
17210,protocol,True
17211,protocol,True
17212,deployment,False
17213,deployment,False
17214,deployment,False
17215,deployment,False
17216,deployment,False
17217,protocol,True
17218,deployment,False
17219,deployment,False
17220,deployment,False
17221,deployment,False
17222,deployment,False
17223,deployment,False
17224,deployment,False
17225,deployment,False
17226,deployment,False
17227,deployment,True
17228,deployment,False
17229,deployment,False
17230,deployment,False
17231,deployment,True
17232,deployment,False
17233,deployment,False
17234,deployment,False
17235,deployment,False
17236,deployment,False
17237,deployment,False
17238,deployment,False
17239,deployment,True
17240,deployment,False
17241,deployment,False
17242,deployment,True
17243,deployment,False
17244,deployment,True
17245,deployment,True
17246,deployment,False
17247,deployment,True
17248,deployment,True
17249,deployment,True
17250,deployment,False
17251,deployment,False
17252,deployment,True
17253,deployment,True
17254,deployment,False
17255,deployment,False
17256,deployment,False
17257,deployment,False
17258,deployment,True
17259,protocol,True
17260,protocol,True
17261,deployment,True
17262,deployment,True
17263,deployment,True
17264,deployment,True
17265,deployment,False
17266,deployment,False
17267,deployment,True
17268,deployment,False
17269,deployment,False
17270,deployment,False
17271,deployment,False
17272,deployment,False
17273,deployment,False
17274,deployment,False
17275,deployment,False
17276,deployment,True
17277,deployment,True
17278,deployment,True
17279,deployment,False
17280,deployment,True
17281,deployment,False
17282,deployment,True
17283,deployment,False
17284,deployment,True
17285,deployment,False
17286,deployment,False
17287,deployment,False
17288,deployment,False
17289,deployment,False
17290,deployment,False
17291,deployment,False
17292,deployment,True
17293,deployment,True
17294,deployment,True
17295,deployment,True
17296,deployment,True
17297,deployment,True
17298,protocol,True
17299,protocol,True
17300,protocol,False
17301,protocol,False
17302,protocol,False
17303,protocol,True
17304,protocol,False
17305,protocol,True
17306,deployment,False
17307,deployment,False
17308,deployment,False
17309,deployment,False
17310,deployment,False
17311,deployment,False
17312,deployment,False
17313,deployment,False
17314,deployment,False
17315,deployment,False
17316,deployment,False
17317,deployment,False
17318,deployment,False
17319,deployment,False
17320,deployment,False
17321,deployment,False
17322,deployment,False
17323,deployment,False
17324,deployment,False
17325,deployment,False
17326,protocol,False
17327,protocol,False
17328,protocol,True
17329,deployment,False
17330,deployment,False
17331,deployment,False
17332,deployment,False
17333,deployment,False
17334,deployment,False
17335,deployment,False
17336,deployment,False
17337,deployment,False
17338,deployment,False
17339,deployment,False
17340,deployment,False
17341,deployment,False
17342,deployment,False
17343,deployment,False
17344,deployment,False
17345,deployment,False
17346,deployment,False
17347,deployment,False
17348,deployment,False
17349,deployment,False
17350,deployment,False
17351,deployment,False
17352,deployment,False
17353,deployment,False
17354,deployment,False
17355,deployment,False
17356,deployment,False
17357,deployment,False
17358,deployment,False
17359,deployment,False
17360,deployment,False
17361,deployment,False
17362,deployment,False
17363,deployment,False
17364,deployment,False
17365,deployment,False
17366,deployment,False
17367,deployment,False
17368,deployment,False
17369,deployment,False
17370,deployment,False
17371,deployment,False
17372,deployment,False
17373,deployment,False
17374,deployment,False
17375,protocol,False
17376,deployment,False
17377,deployment,False
17378,deployment,False
17379,protocol,False
17380,deployment,False
17381,deployment,False
17382,deployment,False
17383,deployment,False
17384,protocol,False
17385,deployment,False
17386,protocol,False
17387,protocol,False
17388,protocol,False
17389,deployment,False
17390,protocol,False
17391,deployment,False
17392,protocol,False
17393,deployment,False
17394,protocol,False
17395,deployment,False
17396,protocol,False
17397,deployment,False
17398,deployment,False
17399,deployment,False
17400,deployment,False
17401,deployment,False
17402,deployment,False
17403,deployment,False
17404,deployment,False
17405,deployment,False
17406,deployment,False
17407,deployment,False
17408,deployment,False
17409,protocol,False
17410,protocol,False
17411,deployment,False
17412,deployment,False
17413,deployment,False
17414,deployment,False
17415,deployment,False
17416,deployment,False
17417,deployment,False
17418,protocol,False
17419,deployment,False
17420,deployment,False
17421,deployment,False
17422,deployment,False
17423,protocol,False
17424,protocol,False
17425,protocol,False
17426,deployment,False
17427,deployment,False
17428,protocol,False
17429,protocol,False
17430,deployment,False
17431,protocol,False
17432,protocol,False
17433,protocol,False
17434,protocol,False
17435,protocol,False
17436,protocol,False
17437,protocol,False
17438,protocol,False
17439,protocol,False
17440,protocol,False
17441,protocol,False
17442,protocol,False
17443,protocol,False
17444,protocol,False
17445,protocol,True
17446,deployment,False
17447,deployment,False
17448,deployment,False
17449,protocol,False
17450,protocol,True
17451,protocol,False
17452,protocol,False
17453,protocol,False
17454,protocol,False
17455,protocol,False
17456,protocol,False
17457,deployment,False
17458,deployment,False
17459,deployment,True
17460,deployment,True
17461,deployment,False
17462,deployment,False
17463,protocol,False
17464,protocol,False
17465,protocol,False
17466,protocol,False
17467,deployment,True
17468,protocol,False
17469,deployment,True
17470,deployment,True
17471,protocol,False
17472,protocol,False
17473,protocol,True
17474,protocol,False
17475,protocol,True
17476,protocol,False
17477,deployment,True
17478,protocol,False
17479,deployment,False
17480,protocol,False
17481,protocol,True
17482,protocol,True
17483,protocol,False
17484,deployment,True
17485,deployment,False
17486,protocol,False
17487,deployment,True
17488,protocol,False
17489,protocol,False
17490,protocol,False
17491,protocol,False
17492,deployment,True
17493,protocol,False
17494,protocol,False
17495,protocol,False
17496,protocol,False
17497,deployment,True
17498,protocol,False
17499,deployment,False
17500,deployment,False
17501,deployment,False
17502,deployment,False
17503,deployment,False
17504,deployment,False
17505,protocol,False
17506,protocol,False
17507,protocol,False
17508,deployment,False
17509,deployment,False
17510,deployment,False
17511,protocol,False
17512,deployment,False
17513,protocol,False
17514,protocol,False
17515,protocol,False
17516,protocol,False
17517,protocol,False
17518,protocol,False
17519,protocol,False
17520,protocol,False
17521,protocol,False
17522,deployment,False
17523,deployment,True
17524,deployment,False
17525,deployment,False
17526,deployment,True
17527,deployment,False
17528,deployment,False
17529,deployment,False
17530,deployment,True
17531,deployment,True
17532,deployment,False
17533,deployment,False
17534,deployment,False
17535,deployment,True
17536,deployment,False
17537,deployment,False
17538,deployment,False
17539,deployment,False
17540,deployment,True
17541,deployment,False
17542,deployment,False
17543,deployment,True
17544,deployment,True
17545,deployment,True
17546,deployment,False
17547,deployment,False
17548,deployment,False
17549,deployment,False
17550,deployment,False
17551,deployment,False
17552,deployment,False
17553,deployment,False
17554,deployment,False
17555,deployment,True
17556,deployment,True
17557,deployment,False
17558,deployment,True
17559,deployment,False
17560,deployment,False
17561,deployment,False
17562,deployment,False
17563,deployment,True
17564,deployment,True
17565,deployment,False
17566,deployment,False
17567,deployment,False
17568,deployment,False
17569,deployment,False
17570,deployment,False
17571,deployment,False
17572,deployment,False
17573,deployment,False
17574,deployment,False
17575,deployment,True
17576,deployment,True
17577,deployment,False
17578,deployment,True
17579,deployment,True
17580,deployment,True
17581,deployment,True
17582,deployment,True
17583,deployment,True
17584,deployment,True
17585,deployment,False
17586,protocol,False
17587,protocol,True
17588,protocol,True
17589,protocol,False
17590,protocol,True
17591,protocol,True
17592,protocol,True
17593,deployment,True
17594,deployment,True
17595,deployment,True
17596,protocol,True
17597,deployment,True
17598,deployment,True
17599,deployment,True
17600,deployment,True
17601,deployment,True
17602,deployment,True
17603,deployment,True
17604,deployment,True
17605,deployment,True
17606,deployment,True
17607,deployment,True
17608,deployment,True
17609,deployment,True
17610,protocol,True
17611,protocol,True
17612,deployment,True
17613,protocol,True
17614,protocol,True
17615,deployment,True
17616,deployment,True
17617,deployment,True
17618,protocol,True
17619,protocol,True
17620,deployment,True
17621,protocol,True
17622,protocol,True
17623,protocol,True
17624,protocol,True
17625,deployment,True
17626,protocol,True
17627,protocol,True
17628,deployment,True
17629,protocol,True
17630,protocol,True
17631,protocol,True
17632,protocol,True
17633,protocol,True
17634,protocol,True
17635,protocol,True
17636,protocol,True
17637,protocol,True
17638,protocol,True
17639,protocol,True
17640,protocol,True
17641,protocol,True
17642,protocol,True
17643,protocol,True
17644,protocol,True
17645,protocol,True
17646,protocol,True
17647,protocol,True
17648,protocol,True
17649,protocol,True
17650,protocol,True
17651,protocol,True
17652,deployment,True
17653,deployment,True
17654,deployment,True
17655,protocol,True
17656,deployment,True
17657,deployment,True
17658,deployment,True
17659,deployment,True
17660,deployment,True
17661,deployment,True
17662,protocol,True
17663,protocol,True
17664,deployment,True
17665,protocol,True
17666,protocol,True
17667,deployment,True
17668,deployment,True
17669,protocol,True
17670,deployment,True
17671,deployment,True
17672,deployment,False
17673,deployment,False
17674,deployment,False
17675,deployment,False
17676,deployment,False
17677,deployment,False
17678,deployment,False
17679,deployment,False
17680,deployment,False
17681,deployment,False
17682,deployment,False
17683,deployment,False
17684,deployment,False
17685,protocol,False
17686,protocol,False
17687,deployment,False
17688,deployment,False
17689,deployment,False
17690,deployment,False
17691,deployment,False
17692,deployment,False
17693,protocol,False
17694,protocol,False
17695,deployment,False
17696,deployment,False
17697,deployment,False
17698,deployment,False
17699,deployment,False
17700,deployment,False
17701,deployment,False
17702,protocol,False
17703,deployment,False
17704,protocol,False
17705,protocol,False
17706,deployment,False
17707,protocol,False
17708,deployment,False
17709,deployment,False
17710,deployment,False
17711,protocol,False
17712,deployment,False
17713,protocol,False
17714,deployment,False
17715,deployment,False
17716,deployment,False
17717,deployment,False
17718,deployment,False
17719,protocol,False
17720,protocol,False
17721,deployment,False
17722,deployment,False
17723,deployment,False
17724,deployment,False
17725,deployment,False
17726,deployment,False
17727,deployment,False
17728,deployment,False
17729,protocol,False
17730,deployment,False
17731,deployment,False
17732,deployment,False
17733,protocol,False
17734,deployment,False
17735,protocol,False
17736,protocol,False
17737,deployment,False
17738,deployment,False
17739,deployment,False
17740,deployment,False
17741,deployment,False
17742,deployment,False
17743,deployment,False
17744,deployment,False
17745,deployment,False
17746,protocol,False
17747,protocol,False
17748,protocol,False
17749,protocol,False
17750,protocol,False
17751,protocol,False
17752,protocol,False
17753,protocol,False
17754,protocol,False
17755,protocol,False
17756,protocol,False
17757,protocol,False
17758,protocol,False
17759,protocol,False
17760,protocol,False
17761,protocol,False
17762,protocol,False
17763,protocol,False
17764,protocol,False
17765,protocol,False
17766,protocol,False
17767,protocol,False
17768,protocol,False
17769,protocol,False
17770,protocol,False
17771,protocol,False
17772,protocol,False
17773,protocol,False
17774,protocol,False
17775,protocol,False
17776,protocol,False
17777,protocol,False
17778,protocol,False
17779,protocol,False
17780,protocol,False
17781,protocol,False
17782,protocol,False
17783,protocol,False
17784,protocol,False
17785,protocol,False
17786,protocol,False
17787,protocol,False
17788,protocol,False
17789,protocol,False
17790,protocol,False
17791,protocol,False
17792,protocol,False
17793,protocol,False
17794,protocol,False
17795,protocol,False
17796,protocol,False
17797,protocol,False
17798,protocol,False
17799,protocol,False
17800,protocol,False
17801,protocol,False
17802,protocol,False
17803,protocol,False
17804,protocol,False
17805,protocol,False
17806,protocol,False
17807,protocol,False
17808,protocol,False
17809,protocol,False
17810,protocol,False
17811,protocol,False
17812,protocol,False
17813,protocol,False
17814,protocol,False
17815,protocol,False
17816,protocol,False
17817,protocol,False
17818,protocol,False
17819,protocol,False
17820,protocol,False
17821,protocol,False
17822,protocol,False
17823,protocol,False
17824,protocol,False
17825,protocol,False
17826,protocol,False
17827,protocol,False
17828,protocol,False
17829,protocol,False
17830,protocol,False
17831,protocol,False
17832,deployment,False
17833,deployment,False
17834,deployment,False
17835,deployment,False
17836,deployment,False
17837,deployment,False
17838,deployment,False
17839,deployment,False
17840,deployment,False
17841,deployment,False
17842,deployment,False
17843,deployment,False
17844,deployment,False
17845,deployment,False
17846,deployment,False
17847,deployment,False
17848,deployment,False
17849,deployment,False
17850,deployment,False
17851,deployment,False
17852,deployment,False
17853,deployment,False
17854,deployment,False
17855,deployment,False
17856,deployment,False
17857,deployment,False
17858,deployment,True
17859,deployment,True
17860,deployment,True
17861,deployment,True
17862,deployment,True
17863,deployment,True
17864,deployment,True
17865,deployment,True
17866,deployment,True
17867,deployment,True
17868,deployment,False
17869,deployment,True
17870,deployment,True
17871,deployment,True
17872,deployment,True
17873,deployment,True
17874,deployment,True
17875,deployment,True
17876,deployment,True
17877,deployment,False
17878,deployment,False
17879,deployment,True
17880,deployment,True
17881,deployment,False
17882,deployment,False
17883,deployment,True
17884,deployment,True
17885,protocol,True
17886,protocol,True
17887,protocol,True
17888,protocol,True
17889,protocol,True
17890,protocol,True
17891,protocol,True
17892,protocol,True
17893,protocol,True
17894,protocol,True
17895,protocol,True
17896,protocol,True
17897,deployment,True
17898,deployment,True
17899,deployment,True
17900,deployment,True
17901,deployment,True
17902,deployment,True
17903,deployment,True
17904,deployment,True
17905,deployment,True
17906,deployment,True
17907,deployment,True
17908,deployment,True
17909,deployment,True
17910,deployment,True
17911,deployment,True
17912,deployment,True
17913,deployment,True
17914,deployment,True
17915,deployment,True
17916,deployment,True
17917,deployment,True
17918,deployment,True
17919,deployment,True
17920,deployment,True
17921,deployment,True
17922,protocol,True
17923,protocol,False
17924,protocol,False
17925,protocol,True
17926,protocol,True
17927,protocol,True
17928,deployment,True
17929,deployment,True
17930,deployment,False
17931,deployment,False
17932,deployment,False
17933,deployment,False
17934,deployment,False
17935,deployment,False
17936,deployment,False
17937,deployment,False
17938,deployment,False
17939,deployment,False
17940,deployment,False
17941,deployment,False
17942,deployment,False
17943,deployment,False
17944,deployment,False
17945,deployment,False
17946,protocol,True
17947,deployment,False
17948,deployment,False
17949,deployment,False
17950,deployment,False
17951,deployment,False
17952,deployment,False
17953,protocol,True
17954,protocol,True
17955,deployment,False
17956,protocol,True
17957,deployment,False
17958,deployment,False
17959,protocol,True
17960,deployment,False
17961,protocol,True
17962,deployment,False
17963,deployment,False
17964,deployment,False
17965,deployment,False
17966,deployment,False
17967,deployment,False
17968,protocol,False
17969,deployment,False
17970,protocol,False
17971,deployment,False
17972,protocol,True
17973,deployment,False
17974,deployment,False
17975,deployment,False
17976,protocol,True
17977,protocol,False
17978,protocol,False
17979,protocol,False
17980,protocol,False
17981,protocol,False
17982,protocol,False
17983,protocol,False
17984,protocol,False
17985,protocol,False
17986,protocol,False
17987,protocol,False
17988,protocol,False
17989,protocol,False
17990,protocol,False
17991,protocol,False
17992,protocol,False
17993,protocol,False
17994,protocol,False
17995,protocol,False
17996,protocol,False
17997,protocol,False
17998,protocol,False
17999,protocol,False
18000,protocol,False
18001,protocol,False
18002,protocol,False
18003,protocol,False
18004,protocol,False
18005,protocol,False
18006,protocol,False
18007,protocol,False
18008,protocol,False
18009,protocol,False
18010,protocol,False
18011,protocol,False
18012,protocol,False
18013,protocol,False
18014,protocol,False
18015,protocol,False
18016,protocol,False
18017,protocol,False
18018,protocol,False
18019,protocol,False
18020,protocol,False
18021,protocol,False
18022,protocol,False
18023,protocol,False
18024,protocol,False
18025,protocol,False
18026,protocol,False
18027,protocol,False
18028,protocol,False
18029,protocol,False
18030,protocol,False
18031,protocol,False
18032,protocol,False
18033,protocol,False
18034,protocol,False
18035,protocol,False
18036,protocol,False
18037,protocol,False
18038,protocol,False
18039,protocol,False
18040,protocol,False
18041,protocol,False
18042,protocol,False
18043,protocol,False
18044,protocol,False
18045,protocol,False
18046,deployment,False
18047,protocol,True
18048,deployment,False
18049,deployment,False
18050,deployment,False
18051,deployment,False
18052,deployment,False
18053,protocol,True
18054,deployment,False
18055,protocol,True
18056,deployment,True
18057,deployment,True
18058,deployment,False
18059,deployment,False
18060,deployment,True
18061,protocol,True
18062,deployment,False
18063,protocol,True
18064,deployment,False
18065,deployment,False
18066,deployment,True
18067,deployment,True
18068,protocol,True
18069,deployment,True
18070,protocol,True
18071,deployment,False
18072,protocol,True
18073,deployment,True
18074,deployment,True
18075,deployment,True
18076,protocol,True
18077,deployment,False
18078,protocol,True
18079,deployment,True
18080,protocol,True
18081,deployment,True
18082,deployment,False
18083,protocol,True
18084,deployment,True
18085,deployment,True
18086,deployment,True
18087,deployment,True
18088,deployment,True
18089,deployment,True
18090,protocol,True
18091,deployment,True
18092,deployment,True
18093,protocol,True
18094,deployment,True
18095,deployment,True
18096,deployment,True
18097,deployment,False
18098,deployment,True
18099,deployment,True
18100,deployment,True
18101,deployment,True
18102,protocol,True
18103,deployment,True
18104,protocol,True
18105,deployment,True
18106,deployment,True
18107,protocol,True
18108,deployment,True
18109,protocol,True
18110,protocol,True
18111,deployment,True
18112,deployment,True
18113,protocol,True
18114,protocol,True
18115,deployment,True
18116,deployment,True
18117,deployment,True
18118,deployment,True
18119,deployment,True
18120,deployment,True
18121,deployment,True
18122,deployment,True
18123,deployment,True
18124,deployment,True
18125,deployment,True
18126,deployment,True
18127,deployment,True
18128,deployment,True
18129,deployment,True
18130,deployment,False
18131,deployment,False
18132,deployment,False
18133,deployment,False
18134,deployment,False
18135,deployment,False
18136,deployment,False
18137,deployment,True
18138,deployment,False
18139,deployment,False
18140,deployment,False
18141,deployment,False
18142,deployment,False
18143,deployment,False
18144,deployment,False
18145,deployment,False
18146,deployment,False
18147,deployment,False
18148,deployment,False
18149,deployment,False
18150,deployment,False
18151,deployment,False
18152,deployment,False
18153,deployment,False
18154,deployment,True
18155,deployment,True
18156,deployment,False
18157,deployment,False
18158,deployment,False
18159,deployment,False
18160,deployment,False
18161,deployment,False
18162,deployment,False
18163,deployment,True
18164,deployment,True
18165,deployment,False
18166,deployment,False
18167,deployment,True
18168,deployment,True
18169,deployment,True
18170,deployment,True
18171,deployment,True
18172,deployment,True
18173,deployment,True
18174,deployment,True
18175,deployment,True
18176,deployment,True
18177,deployment,True
18178,deployment,True
18179,deployment,True
18180,deployment,True
18181,deployment,True
18182,deployment,True
18183,deployment,True
18184,deployment,True
18185,deployment,True
18186,deployment,False
18187,deployment,False
18188,deployment,True
18189,deployment,True
18190,deployment,True
18191,deployment,True
18192,deployment,True
18193,deployment,True
18194,deployment,False
18195,deployment,True
18196,protocol,False
18197,protocol,True
18198,protocol,False
18199,protocol,False
18200,protocol,False
18201,protocol,True
18202,protocol,True
18203,protocol,False
18204,protocol,False
18205,protocol,True
18206,protocol,True
18207,protocol,True
18208,protocol,True
18209,protocol,False
18210,protocol,False
18211,deployment,True
18212,deployment,True
18213,deployment,True
18214,protocol,False
18215,deployment,True
18216,protocol,False
18217,deployment,False
18218,protocol,False
18219,protocol,True
18220,deployment,True
18221,protocol,True
18222,protocol,False
18223,protocol,True
18224,deployment,True
18225,protocol,True
18226,deployment,True
18227,deployment,False
18228,deployment,False
18229,deployment,False
18230,deployment,False
18231,deployment,False
18232,deployment,False
18233,deployment,False
18234,protocol,False
18235,deployment,False
18236,deployment,False
18237,deployment,False
18238,deployment,False
18239,deployment,False
18240,protocol,False
18241,protocol,False
18242,protocol,False
18243,deployment,True
18244,deployment,True
18245,protocol,True
18246,deployment,True
18247,deployment,True
18248,deployment,True
18249,deployment,True
18250,deployment,True
18251,deployment,True
18252,deployment,True
18253,protocol,True
18254,protocol,True
18255,protocol,True
18256,protocol,True
18257,protocol,True
18258,protocol,True
18259,deployment,True
18260,protocol,True
18261,protocol,True
18262,protocol,True
18263,protocol,True
18264,protocol,True
18265,deployment,False
18266,protocol,True
18267,protocol,True
18268,protocol,False
18269,protocol,False
18270,protocol,True
18271,protocol,True
18272,protocol,False
18273,protocol,True
18274,deployment,True
18275,deployment,True
18276,deployment,True
18277,protocol,True
18278,deployment,True
18279,deployment,True
18280,deployment,True
18281,protocol,True
18282,deployment,True
18283,deployment,False
18284,deployment,False
18285,deployment,False
18286,deployment,False
18287,deployment,False
18288,deployment,True
18289,deployment,True
18290,deployment,False
18291,deployment,False
18292,deployment,False
18293,deployment,False
18294,deployment,False
18295,deployment,True
18296,deployment,False
18297,deployment,False
18298,deployment,False
18299,deployment,False
18300,deployment,False
18301,deployment,True
18302,deployment,False
18303,deployment,False
18304,deployment,True
18305,deployment,True
18306,deployment,False
18307,deployment,False
18308,deployment,True
18309,deployment,False
18310,deployment,False
18311,deployment,True
18312,deployment,False
18313,deployment,False
18314,deployment,False
18315,deployment,False
18316,deployment,False
18317,deployment,False
18318,deployment,False
18319,deployment,False
18320,deployment,False
18321,deployment,False
18322,deployment,True
18323,deployment,False
18324,deployment,False
18325,deployment,True
18326,deployment,True
18327,deployment,False
18328,deployment,False
18329,deployment,False
18330,deployment,True
18331,deployment,True
18332,deployment,False
18333,deployment,False
18334,deployment,False
18335,deployment,True
18336,deployment,True
18337,deployment,False
18338,deployment,False
18339,deployment,True
18340,deployment,True
18341,deployment,False
18342,deployment,False
18343,deployment,True
18344,deployment,True
18345,deployment,True
18346,deployment,True
18347,deployment,True
18348,deployment,True
18349,deployment,True
18350,deployment,True
18351,deployment,True
18352,deployment,True
18353,deployment,True
18354,deployment,True
18355,deployment,True
18356,deployment,True
18357,deployment,True
18358,deployment,True
18359,deployment,True
18360,deployment,True
18361,deployment,True
18362,deployment,True
18363,deployment,True
18364,deployment,True
18365,deployment,True
18366,deployment,True
18367,deployment,True
18368,deployment,True
18369,deployment,True
18370,deployment,True
18371,deployment,True
18372,deployment,True
18373,deployment,True
18374,deployment,True
18375,deployment,True
18376,deployment,True
18377,deployment,True
18378,deployment,True
18379,deployment,True
18380,deployment,True
18381,deployment,True
18382,deployment,True
18383,deployment,True
18384,deployment,True
18385,deployment,True
18386,deployment,True
18387,deployment,True
18388,deployment,True
18389,deployment,True
18390,deployment,True
18391,deployment,True
18392,deployment,True
18393,deployment,True
18394,deployment,True
18395,deployment,True
18396,deployment,True
18397,deployment,True
18398,deployment,True
18399,deployment,True
18400,deployment,True
18401,deployment,True
18402,deployment,True
18403,deployment,True
18404,deployment,True
18405,deployment,True
18406,deployment,True
18407,deployment,True
18408,deployment,True
18409,deployment,True
18410,deployment,True
18411,deployment,True
18412,deployment,True
18413,deployment,True
18414,deployment,True
18415,deployment,True
18416,protocol,True
18417,deployment,True
18418,deployment,True
18419,deployment,True
18420,deployment,True
18421,deployment,True
18422,deployment,False
18423,deployment,False
18424,deployment,True
18425,deployment,True
18426,deployment,True
18427,deployment,True
18428,deployment,True
18429,deployment,True
18430,deployment,True
18431,protocol,True
18432,deployment,True
18433,deployment,True
18434,deployment,True
18435,protocol,True
18436,deployment,True
18437,protocol,True
18438,deployment,True
18439,deployment,True
18440,deployment,True
18441,deployment,False
18442,deployment,False
18443,deployment,True
18444,deployment,True
18445,deployment,True
18446,deployment,True
18447,deployment,True
18448,deployment,False
18449,deployment,True
18450,deployment,True
18451,deployment,True
18452,deployment,False
18453,deployment,False
18454,deployment,False
18455,deployment,False
18456,deployment,True
18457,deployment,True
18458,deployment,False
18459,deployment,False
18460,deployment,True
18461,deployment,True
18462,deployment,True
18463,deployment,True
18464,deployment,True
18465,deployment,True
18466,deployment,True
18467,deployment,True
18468,deployment,True
18469,deployment,True
18470,deployment,True
18471,deployment,True
18472,deployment,True
18473,deployment,True
18474,deployment,True
18475,deployment,True
18476,deployment,True
18477,deployment,True
18478,deployment,True
18479,deployment,True
18480,deployment,True
18481,deployment,True
18482,deployment,True
18483,deployment,True
18484,deployment,True
18485,deployment,True
18486,deployment,True
18487,deployment,True
18488,deployment,True
18489,deployment,True
18490,deployment,True
18491,deployment,True
18492,deployment,True
18493,deployment,True
18494,deployment,True
18495,deployment,True
18496,deployment,True
18497,deployment,True
18498,deployment,True
18499,deployment,True
18500,deployment,True
18501,deployment,True
18502,deployment,True
18503,deployment,True
18504,deployment,True
18505,deployment,True
18506,deployment,True
18507,deployment,True
18508,deployment,True
18509,deployment,True
18510,deployment,True
18511,deployment,True
18512,deployment,True
18513,deployment,True
18514,deployment,True
18515,deployment,False
18516,deployment,False
18517,deployment,True
18518,deployment,True
18519,deployment,True
18520,deployment,True
18521,deployment,True
18522,deployment,False
18523,deployment,False
18524,deployment,False
18525,deployment,False
18526,protocol,True
18527,deployment,False
18528,protocol,True
18529,deployment,True
18530,deployment,False
18531,deployment,True
18532,protocol,False
18533,protocol,False
18534,protocol,True
18535,deployment,True
18536,protocol,True
18537,protocol,True
18538,protocol,True
18539,protocol,True
18540,protocol,True
18541,protocol,True
18542,deployment,True
18543,deployment,True
18544,deployment,True
18545,deployment,True
18546,deployment,False
18547,deployment,True
18548,deployment,True
18549,deployment,True
18550,deployment,True
18551,deployment,False
18552,deployment,True
18553,deployment,True
18554,deployment,True
18555,deployment,True
18556,deployment,True
18557,deployment,True
18558,deployment,True
18559,deployment,True
18560,deployment,True
18561,deployment,True
18562,deployment,True
18563,deployment,True
18564,deployment,True
18565,deployment,True
18566,deployment,False
18567,deployment,False
18568,deployment,True
18569,deployment,True
18570,deployment,True
18571,deployment,True
18572,deployment,False
18573,deployment,True
18574,deployment,True
18575,deployment,False
18576,deployment,False
18577,deployment,True
18578,deployment,False
18579,deployment,True
18580,protocol,True
18581,deployment,True
18582,deployment,True
18583,deployment,True
18584,deployment,True
18585,deployment,True
18586,deployment,False
18587,protocol,True
18588,deployment,True
18589,protocol,True
18590,protocol,True
18591,protocol,True
18592,deployment,True
18593,deployment,False
18594,deployment,False
18595,deployment,False
18596,deployment,False
18597,deployment,False
18598,deployment,False
18599,deployment,False
18600,deployment,False
18601,deployment,False
18602,deployment,False
18603,protocol,True
18604,deployment,False
18605,protocol,True
18606,protocol,True
18607,deployment,False
18608,protocol,True
18609,deployment,False
18610,deployment,False
18611,deployment,False
18612,deployment,False
18613,deployment,False
18614,deployment,False
18615,protocol,True
18616,protocol,True
18617,deployment,False
18618,deployment,False
18619,deployment,False
18620,deployment,False
18621,deployment,False
18622,protocol,True
18623,protocol,True
18624,protocol,True
18625,deployment,False
18626,deployment,False
18627,protocol,True
18628,protocol,True
18629,deployment,False
18630,protocol,True
18631,deployment,False
18632,deployment,False
18633,deployment,False
18634,deployment,False
18635,deployment,False
18636,protocol,True
18637,deployment,False
18638,deployment,False
18639,protocol,True
18640,protocol,True
18641,deployment,False
18642,deployment,False
18643,deployment,False
18644,protocol,True
18645,protocol,True
18646,deployment,False
18647,protocol,True
18648,deployment,False
18649,deployment,False
18650,deployment,False
18651,deployment,False
18652,deployment,False
18653,deployment,False
18654,deployment,False
18655,deployment,False
18656,deployment,False
18657,protocol,True
18658,deployment,False
18659,deployment,False
18660,protocol,True
18661,deployment,False
18662,deployment,False
18663,protocol,True
18664,deployment,False
18665,deployment,False
18666,deployment,False
18667,protocol,True
18668,deployment,False
18669,deployment,False
18670,deployment,False
18671,deployment,False
18672,deployment,False
18673,deployment,False
18674,deployment,False
18675,deployment,False
18676,deployment,False
18677,deployment,False
18678,deployment,False
18679,deployment,False
18680,deployment,False
18681,deployment,False
18682,deployment,False
18683,deployment,False
18684,deployment,False
18685,protocol,True
18686,deployment,False
18687,deployment,False
18688,deployment,False
18689,protocol,True
18690,deployment,False
18691,deployment,False
18692,protocol,True
18693,protocol,True
18694,deployment,False
18695,deployment,False
18696,protocol,True
18697,protocol,True
18698,deployment,False
18699,deployment,False
18700,deployment,False
18701,deployment,False
18702,deployment,False
18703,deployment,False
18704,protocol,True
18705,protocol,True
18706,deployment,False
18707,deployment,False
18708,deployment,False
18709,protocol,True
18710,protocol,True
18711,deployment,False
18712,protocol,True
18713,protocol,True
18714,deployment,False
18715,protocol,True
18716,protocol,True
18717,deployment,False
18718,deployment,False
18719,deployment,False
18720,deployment,False
18721,deployment,False
18722,deployment,False
18723,deployment,False
18724,deployment,False
18725,deployment,False
18726,protocol,True
18727,protocol,True
18728,protocol,True
18729,deployment,False
18730,deployment,False
18731,deployment,False
18732,deployment,False
18733,protocol,True
18734,deployment,False
18735,protocol,True
18736,deployment,False
18737,deployment,False
18738,deployment,False
18739,protocol,True
18740,protocol,True
18741,deployment,False
18742,protocol,True
18743,deployment,False
18744,deployment,False
18745,deployment,False
18746,protocol,True
18747,protocol,True
18748,deployment,False
18749,deployment,False
18750,deployment,False
18751,deployment,False
18752,deployment,False
18753,protocol,True
18754,protocol,True
18755,deployment,False
18756,protocol,True
18757,protocol,True
18758,deployment,False
18759,deployment,False
18760,deployment,False
18761,deployment,False
18762,deployment,False
18763,deployment,False
18764,protocol,True
18765,protocol,True
18766,deployment,False
18767,deployment,False
18768,deployment,False
18769,deployment,False
18770,deployment,False
18771,deployment,False
18772,protocol,True
18773,deployment,False
18774,deployment,False
18775,deployment,False
18776,deployment,False
18777,deployment,False
18778,deployment,False
18779,deployment,False
18780,deployment,False
18781,deployment,False
18782,deployment,False
18783,deployment,False
18784,deployment,False
18785,deployment,False
18786,deployment,False
18787,deployment,False
18788,deployment,False
18789,deployment,False
18790,deployment,False
18791,deployment,False
18792,deployment,False
18793,deployment,True
18794,deployment,True
18795,deployment,True
18796,deployment,True
18797,deployment,True
18798,deployment,True
18799,deployment,True
18800,protocol,True
18801,protocol,True
18802,deployment,True
18803,protocol,True
18804,protocol,True
18805,protocol,True
18806,protocol,True
18807,deployment,True
18808,protocol,True
18809,protocol,True
18810,deployment,True
18811,protocol,True
18812,protocol,True
18813,protocol,False
18814,protocol,False
18815,deployment,True
18816,protocol,False
18817,protocol,False
18818,deployment,False
18819,deployment,True
18820,deployment,True
18821,deployment,False
18822,deployment,False
18823,deployment,True
18824,deployment,True
18825,deployment,False
18826,deployment,True
18827,deployment,True
18828,deployment,False
18829,deployment,True
18830,deployment,True
18831,deployment,True
18832,deployment,True
18833,deployment,True
18834,protocol,True
18835,protocol,True
18836,deployment,True
18837,protocol,True
18838,protocol,True
18839,deployment,True
18840,protocol,False
18841,protocol,False
18842,deployment,True
18843,deployment,True
18844,deployment,True
18845,protocol,True
18846,protocol,True
18847,deployment,True
18848,protocol,True
18849,protocol,True
18850,deployment,True
18851,protocol,True
18852,protocol,True
18853,deployment,True
18854,protocol,True
18855,protocol,True
18856,protocol,True
18857,deployment,True
18858,deployment,True
18859,protocol,True
18860,protocol,True
18861,protocol,True
18862,deployment,True
18863,deployment,True
18864,deployment,True
18865,protocol,True
18866,protocol,True
18867,deployment,True
18868,deployment,True
18869,deployment,True
18870,deployment,False
18871,deployment,True
18872,protocol,True
18873,deployment,True
18874,protocol,True
18875,deployment,True
18876,protocol,False
18877,protocol,True
18878,protocol,True
18879,protocol,True
18880,protocol,True
18881,protocol,False
18882,deployment,True
18883,deployment,True
18884,deployment,True
18885,deployment,True
18886,deployment,True
18887,deployment,False
18888,deployment,False
18889,deployment,False
18890,deployment,False
18891,deployment,False
18892,deployment,False
18893,deployment,False
18894,deployment,False
18895,deployment,False
18896,deployment,False
18897,deployment,False
18898,deployment,False
18899,deployment,True
18900,deployment,True
18901,deployment,False
18902,protocol,False
18903,protocol,True
18904,deployment,False
18905,deployment,False
18906,deployment,True
18907,deployment,True
18908,deployment,True
18909,deployment,True
18910,deployment,True
18911,deployment,True
18912,deployment,True
18913,deployment,True
18914,deployment,True
18915,deployment,True
18916,deployment,True
18917,deployment,True
18918,deployment,True
18919,deployment,True
18920,deployment,True
18921,deployment,True
18922,deployment,True
18923,deployment,True
18924,deployment,True
18925,deployment,True
18926,deployment,True
18927,deployment,True
18928,deployment,True
18929,deployment,True
18930,deployment,True
18931,deployment,True
18932,deployment,True
18933,deployment,False
18934,deployment,False
18935,deployment,True
18936,deployment,True
18937,deployment,True
18938,deployment,True
18939,deployment,True
18940,deployment,True
18941,deployment,True
18942,deployment,True
18943,deployment,True
18944,deployment,True
18945,deployment,True
18946,deployment,True
18947,deployment,True
18948,deployment,True
18949,deployment,False
18950,deployment,False
18951,deployment,False
18952,deployment,False
18953,deployment,True
18954,deployment,True
18955,deployment,True
18956,deployment,True
18957,deployment,True
18958,deployment,True
18959,deployment,True
18960,deployment,True
18961,deployment,True
18962,deployment,True
18963,deployment,True
18964,deployment,True
18965,deployment,True
18966,deployment,True
18967,deployment,True
18968,deployment,True
18969,deployment,True
18970,deployment,True
18971,deployment,True
18972,deployment,True
18973,deployment,True
18974,deployment,True
18975,deployment,True
18976,deployment,True
18977,deployment,True
18978,deployment,True
18979,deployment,False
18980,deployment,False
18981,deployment,False
18982,deployment,False
18983,deployment,False
18984,deployment,False
18985,deployment,False
18986,deployment,False
18987,deployment,False
18988,protocol,False
18989,protocol,False
18990,protocol,False
18991,deployment,False
18992,deployment,False
18993,deployment,False
18994,deployment,False
18995,deployment,False
18996,protocol,False
18997,deployment,False
18998,deployment,False
18999,deployment,False
19000,deployment,False
19001,deployment,False
19002,protocol,False
19003,protocol,False
19004,protocol,False
19005,protocol,False
19006,deployment,False
19007,deployment,False
19008,deployment,False
19009,deployment,False
19010,deployment,False
19011,deployment,False
19012,protocol,False
19013,protocol,False
19014,protocol,False
19015,protocol,False
19016,deployment,False
19017,deployment,False
19018,protocol,False
19019,deployment,False
19020,deployment,False
19021,deployment,False
19022,deployment,False
19023,deployment,False
19024,deployment,False
19025,deployment,False
19026,deployment,False
19027,deployment,False
19028,deployment,False
19029,deployment,False
19030,deployment,False
19031,deployment,False
19032,deployment,False
19033,deployment,False
19034,deployment,False
19035,deployment,False
19036,deployment,False
19037,deployment,False
19038,deployment,False
19039,deployment,False
19040,deployment,False
19041,protocol,False
19042,protocol,False
19043,protocol,False
19044,protocol,False
19045,deployment,False
19046,deployment,False
19047,deployment,False
19048,deployment,False
19049,deployment,False
19050,deployment,False
19051,deployment,False
19052,deployment,False
19053,deployment,False
19054,deployment,False
19055,deployment,False
19056,deployment,False
19057,deployment,False
19058,deployment,False
19059,deployment,False
19060,deployment,False
19061,deployment,False
19062,deployment,False
19063,deployment,False
19064,deployment,False
19065,deployment,False
19066,deployment,False
19067,deployment,False
19068,deployment,False
19069,deployment,False
19070,deployment,False
19071,deployment,False
19072,deployment,False
19073,deployment,False
19074,deployment,False
19075,deployment,False
19076,deployment,False
19077,deployment,False
19078,deployment,False
19079,deployment,False
19080,deployment,False
19081,deployment,False
19082,deployment,False
19083,deployment,False
19084,deployment,False
19085,deployment,False
19086,deployment,False
19087,deployment,False
19088,deployment,False
19089,deployment,False
19090,deployment,False
19091,deployment,False
19092,deployment,False
19093,deployment,False
19094,deployment,False
19095,deployment,False
19096,deployment,False
19097,deployment,False
19098,deployment,False
19099,deployment,False
19100,deployment,False
19101,deployment,False
19102,deployment,False
19103,deployment,False
19104,deployment,False
19105,protocol,False
19106,deployment,False
19107,protocol,True
19108,deployment,False
19109,deployment,False
19110,deployment,False
19111,deployment,False
19112,protocol,False
19113,protocol,False
19114,deployment,False
19115,deployment,False
19116,protocol,False
19117,deployment,False
19118,protocol,False
19119,deployment,False
19120,deployment,False
19121,protocol,False
19122,deployment,False
19123,protocol,False
19124,protocol,False
19125,protocol,False
19126,protocol,False
19127,protocol,False
19128,deployment,False
19129,protocol,False
19130,deployment,False
19131,deployment,False
19132,deployment,False
19133,deployment,False
19134,deployment,False
19135,deployment,False
19136,deployment,False
19137,deployment,False
19138,deployment,False
19139,deployment,False
19140,deployment,False
19141,deployment,False
19142,deployment,False
19143,deployment,False
19144,deployment,False
19145,deployment,False
19146,deployment,False
19147,deployment,False
19148,deployment,False
19149,deployment,False
19150,deployment,False
19151,deployment,False
19152,protocol,False
19153,protocol,False
19154,protocol,False
19155,protocol,False
19156,protocol,False
19157,protocol,False
19158,deployment,False
19159,deployment,False
19160,protocol,False
19161,protocol,False
19162,protocol,False
19163,protocol,False
19164,protocol,False
19165,protocol,False
19166,protocol,False
19167,protocol,False
19168,protocol,False
19169,protocol,False
19170,protocol,False
19171,protocol,True
19172,protocol,True
19173,protocol,False
19174,protocol,True
19175,protocol,False
19176,protocol,True
19177,protocol,True
19178,protocol,False
19179,protocol,False
19180,protocol,True
19181,protocol,False
19182,protocol,False
19183,protocol,True
19184,protocol,False
19185,protocol,False
19186,protocol,True
19187,protocol,False
19188,deployment,True
19189,protocol,True
19190,protocol,False
19191,protocol,True
19192,protocol,False
19193,protocol,True
19194,protocol,False
19195,protocol,True
19196,protocol,False
19197,protocol,True
19198,protocol,False
19199,protocol,False
19200,protocol,True
19201,protocol,True
19202,protocol,False
19203,protocol,False
19204,protocol,True
19205,protocol,True
19206,protocol,False
19207,protocol,True
19208,protocol,True
19209,protocol,False
19210,protocol,True
19211,protocol,False
19212,protocol,True
19213,protocol,False
19214,protocol,True
19215,protocol,False
19216,protocol,False
19217,protocol,True
19218,protocol,False
19219,protocol,True
19220,protocol,False
19221,protocol,True
19222,protocol,False
19223,protocol,False
19224,protocol,True
19225,deployment,True
19226,deployment,True
19227,deployment,True
19228,deployment,True
19229,deployment,True
19230,deployment,True
19231,deployment,True
19232,deployment,True
19233,deployment,True
19234,deployment,True
19235,deployment,True
19236,deployment,True
19237,deployment,True
19238,deployment,True
19239,deployment,True
19240,deployment,True
19241,deployment,True
19242,deployment,True
19243,deployment,True
19244,deployment,True
19245,deployment,True
19246,deployment,True
19247,deployment,True
19248,deployment,True
19249,deployment,False
19250,deployment,False
19251,deployment,False
19252,deployment,False
19253,deployment,False
19254,deployment,False
19255,deployment,False
19256,deployment,False
19257,protocol,False
19258,protocol,False
19259,protocol,False
19260,deployment,False
19261,deployment,False
19262,deployment,False
19263,deployment,False
19264,deployment,False
19265,deployment,False
19266,deployment,False
19267,deployment,False
19268,deployment,False
19269,protocol,False
19270,protocol,False
19271,protocol,False
19272,protocol,False
19273,deployment,False
19274,deployment,False
19275,deployment,False
19276,deployment,False
19277,deployment,False
19278,deployment,False
19279,deployment,False
19280,deployment,False
19281,deployment,False
19282,deployment,False
19283,deployment,False
19284,deployment,False
19285,deployment,False
19286,deployment,False
19287,deployment,False
19288,deployment,False
19289,deployment,False
19290,deployment,False
19291,deployment,False
19292,deployment,False
19293,deployment,False
19294,deployment,False
19295,deployment,False
19296,deployment,False
19297,deployment,False
19298,deployment,False
19299,deployment,False
19300,deployment,False
19301,protocol,False
19302,deployment,False
19303,deployment,False
19304,deployment,False
19305,deployment,False
19306,protocol,False
19307,deployment,False
19308,deployment,False
19309,deployment,False
19310,protocol,False
19311,deployment,False
19312,deployment,False
19313,deployment,False
19314,deployment,False
19315,protocol,False
19316,deployment,False
19317,protocol,False
19318,protocol,False
19319,deployment,False
19320,deployment,False
19321,protocol,False
19322,deployment,False
19323,deployment,False
19324,protocol,False
19325,deployment,False
19326,deployment,False
19327,deployment,False
19328,deployment,False
19329,deployment,False
19330,deployment,False
19331,protocol,False
19332,deployment,False
19333,deployment,False
19334,deployment,False
19335,deployment,False
19336,deployment,False
19337,deployment,False
19338,deployment,False
19339,protocol,False
19340,deployment,False
19341,deployment,False
19342,deployment,False
19343,deployment,False
19344,deployment,False
19345,deployment,False
19346,protocol,False
19347,deployment,False
19348,deployment,True
19349,deployment,True
19350,deployment,False
19351,deployment,False
19352,deployment,False
19353,deployment,False
19354,deployment,True
19355,deployment,True
19356,deployment,True
19357,deployment,True
19358,deployment,True
19359,deployment,True
19360,deployment,True
19361,deployment,True
19362,deployment,True
19363,deployment,True
19364,deployment,True
19365,deployment,True
19366,deployment,True
19367,deployment,True
19368,deployment,False
19369,deployment,True
19370,deployment,True
19371,deployment,True
19372,deployment,True
19373,deployment,True
19374,deployment,True
19375,deployment,False
19376,deployment,True
19377,deployment,True
19378,deployment,True
19379,deployment,False
19380,deployment,True
19381,deployment,True
19382,deployment,True
19383,deployment,False
19384,deployment,True
19385,deployment,True
19386,deployment,True
19387,deployment,True
19388,deployment,True
19389,deployment,True
19390,deployment,True
19391,deployment,True
19392,deployment,True
19393,deployment,True
19394,deployment,True
19395,deployment,True
19396,deployment,True
19397,deployment,True
19398,deployment,True
19399,deployment,True
19400,deployment,True
19401,deployment,True
19402,deployment,True
19403,deployment,False
19404,deployment,True
19405,deployment,True
19406,deployment,True
19407,deployment,True
19408,deployment,True
19409,deployment,True
19410,deployment,True
19411,deployment,True
19412,deployment,True
19413,deployment,True
19414,deployment,True
19415,deployment,True
19416,deployment,True
19417,deployment,True
19418,deployment,True
19419,deployment,True
19420,deployment,False
19421,deployment,True
19422,deployment,True
19423,deployment,True
19424,deployment,True
19425,deployment,True
19426,deployment,True
19427,deployment,True
19428,deployment,True
19429,deployment,True
19430,deployment,True
19431,deployment,True
19432,deployment,True
19433,deployment,True
19434,deployment,True
19435,deployment,True
19436,deployment,True
19437,deployment,True
19438,deployment,True
19439,deployment,True
19440,deployment,True
19441,deployment,True
19442,deployment,True
19443,deployment,True
19444,deployment,True
19445,deployment,True
19446,deployment,True
19447,deployment,True
19448,deployment,True
19449,deployment,True
19450,deployment,True
19451,deployment,True
19452,deployment,True
19453,deployment,True
19454,deployment,True
19455,deployment,True
19456,deployment,True
19457,deployment,True
19458,deployment,True
19459,deployment,True
19460,deployment,True
19461,deployment,False
19462,deployment,False
19463,deployment,False
19464,deployment,False
19465,deployment,False
19466,deployment,False
19467,deployment,False
19468,deployment,False
19469,deployment,False
19470,deployment,False
19471,deployment,False
19472,deployment,False
19473,deployment,False
19474,deployment,False
19475,deployment,False
19476,deployment,False
19477,protocol,False
19478,deployment,False
19479,deployment,False
19480,deployment,False
19481,deployment,False
19482,protocol,False
19483,deployment,False
19484,protocol,False
19485,deployment,False
19486,deployment,False
19487,deployment,False
19488,protocol,False
19489,deployment,False
19490,deployment,False
19491,deployment,False
19492,deployment,False
19493,protocol,False
19494,protocol,False
19495,deployment,False
19496,deployment,False
19497,deployment,False
19498,protocol,False
19499,deployment,False
19500,deployment,False
19501,protocol,False
19502,deployment,False
19503,deployment,False
19504,protocol,False
19505,deployment,False
19506,deployment,False
19507,protocol,False
19508,protocol,False
19509,protocol,False
19510,deployment,False
19511,deployment,False
19512,deployment,False
19513,deployment,False
19514,deployment,False
19515,deployment,False
19516,protocol,False
19517,protocol,False
19518,protocol,False
19519,deployment,False
19520,deployment,False
19521,protocol,False
19522,deployment,False
19523,deployment,False
19524,deployment,False
19525,deployment,False
19526,deployment,False
19527,protocol,False
19528,protocol,False
19529,deployment,False
19530,deployment,False
19531,deployment,False
19532,deployment,False
19533,protocol,False
19534,deployment,False
19535,deployment,False
19536,deployment,False
19537,protocol,False
19538,deployment,False
19539,deployment,False
19540,deployment,False
19541,protocol,False
19542,protocol,False
19543,deployment,False
19544,deployment,False
19545,protocol,True
19546,deployment,True
19547,deployment,True
19548,deployment,True
19549,deployment,True
19550,deployment,True
19551,deployment,False
19552,deployment,True
19553,deployment,False
19554,deployment,False
19555,protocol,False
19556,protocol,False
19557,protocol,True
19558,protocol,True
19559,deployment,False
19560,deployment,False
19561,deployment,False
19562,deployment,False
19563,deployment,False
19564,protocol,False
19565,protocol,False
19566,protocol,True
19567,protocol,True
19568,deployment,True
19569,deployment,False
19570,deployment,True
19571,protocol,False
19572,protocol,False
19573,protocol,True
19574,protocol,True
19575,deployment,True
19576,deployment,True
19577,deployment,True
19578,deployment,False
19579,deployment,True
19580,deployment,True
19581,deployment,False
19582,protocol,False
19583,protocol,True
19584,protocol,False
19585,protocol,True
19586,protocol,False
19587,protocol,False
19588,protocol,True
19589,protocol,False
19590,protocol,True
19591,protocol,False
19592,deployment,True
19593,protocol,True
19594,deployment,False
19595,deployment,False
19596,deployment,True
19597,deployment,True
19598,deployment,True
19599,deployment,False
19600,deployment,False
19601,deployment,False
19602,deployment,False
19603,protocol,False
19604,protocol,False
19605,protocol,True
19606,protocol,True
19607,deployment,True
19608,deployment,True
19609,deployment,False
19610,deployment,False
19611,deployment,True
19612,deployment,True
19613,deployment,True
19614,deployment,True
19615,deployment,True
19616,deployment,True
19617,deployment,True
19618,deployment,True
19619,deployment,True
19620,deployment,True
19621,deployment,True
19622,deployment,True
19623,deployment,True
19624,deployment,True
19625,deployment,True
19626,deployment,True
19627,deployment,True
19628,deployment,True
19629,deployment,False
19630,deployment,False
19631,deployment,False
19632,deployment,False
19633,deployment,True
19634,deployment,True
19635,deployment,True
19636,deployment,True
19637,protocol,True
19638,protocol,True
19639,protocol,True
19640,protocol,True
19641,protocol,True
19642,protocol,False
19643,protocol,False
19644,protocol,False
19645,protocol,False
19646,deployment,False
19647,deployment,False
19648,deployment,False
19649,deployment,False
19650,deployment,False
19651,deployment,False
19652,protocol,True
19653,protocol,False
19654,protocol,False
19655,protocol,False
19656,protocol,False
19657,protocol,False
19658,deployment,False
19659,deployment,False
19660,deployment,False
19661,deployment,False
19662,deployment,False
19663,deployment,False
19664,deployment,False
19665,deployment,False
19666,deployment,False
19667,deployment,False
19668,protocol,False
19669,deployment,False
19670,deployment,False
19671,deployment,False
19672,deployment,False
19673,protocol,False
19674,protocol,False
19675,protocol,False
19676,protocol,False
19677,protocol,False
19678,protocol,False
19679,deployment,False
19680,protocol,False
19681,deployment,False
19682,deployment,False
19683,deployment,False
19684,deployment,False
19685,deployment,False
19686,deployment,False
19687,deployment,False
19688,deployment,False
19689,deployment,False
19690,deployment,False
19691,deployment,False
19692,deployment,False
19693,deployment,False
19694,deployment,False
19695,deployment,False
19696,deployment,False
19697,deployment,False
19698,deployment,False
19699,deployment,False
19700,deployment,False
19701,deployment,False
19702,deployment,False
19703,deployment,False
19704,protocol,False
19705,protocol,False
19706,protocol,False
19707,protocol,False
19708,protocol,False
19709,protocol,False
19710,protocol,False
19711,protocol,False
19712,protocol,False
19713,protocol,False
19714,protocol,False
19715,protocol,False
19716,deployment,False
19717,deployment,False
19718,deployment,False
19719,deployment,False
19720,deployment,False
19721,deployment,False
19722,deployment,False
19723,deployment,False
19724,deployment,False
19725,deployment,False
19726,deployment,False
19727,deployment,False
19728,deployment,False
19729,deployment,False
19730,deployment,False
19731,deployment,False
19732,deployment,False
19733,deployment,False
19734,deployment,False
19735,protocol,False
19736,protocol,False
19737,protocol,False
19738,protocol,False
19739,protocol,True
19740,protocol,False
19741,protocol,False
19742,protocol,False
19743,protocol,False
19744,protocol,True
19745,deployment,False
19746,protocol,False
19747,deployment,False
19748,deployment,False
19749,deployment,False
19750,protocol,False
19751,protocol,True
19752,deployment,False
19753,deployment,False
19754,deployment,False
19755,deployment,False
19756,deployment,False
19757,deployment,False
19758,deployment,False
19759,deployment,False
19760,protocol,False
19761,protocol,True
19762,deployment,False
19763,deployment,False
19764,deployment,False
19765,deployment,False
19766,deployment,False
19767,protocol,True
19768,deployment,False
19769,deployment,False
19770,deployment,False
19771,deployment,False
19772,protocol,False
19773,protocol,False
19774,deployment,False
19775,protocol,False
19776,deployment,False
19777,deployment,False
19778,protocol,False
19779,protocol,False
19780,protocol,True
19781,protocol,False
19782,protocol,False
19783,protocol,False
19784,protocol,False
19785,protocol,False
19786,protocol,False
19787,protocol,False
19788,protocol,False
19789,protocol,False
19790,deployment,False
19791,protocol,False
19792,deployment,False
19793,deployment,False
19794,protocol,False
19795,protocol,False
19796,deployment,False
19797,protocol,False
19798,protocol,False
19799,deployment,False
19800,deployment,False
19801,deployment,False
19802,deployment,False
19803,deployment,False
19804,protocol,False
19805,protocol,False
19806,protocol,False
19807,protocol,False
19808,protocol,False
19809,protocol,False
19810,protocol,False
19811,deployment,False
19812,protocol,False
19813,deployment,False
19814,deployment,False
19815,protocol,False
19816,protocol,False
19817,deployment,False
19818,deployment,False
19819,deployment,False
19820,deployment,False
19821,deployment,False
19822,deployment,False
19823,deployment,False
19824,deployment,False
19825,deployment,False
19826,deployment,False
19827,deployment,False
19828,deployment,False
19829,deployment,False
19830,deployment,False
19831,deployment,False
19832,deployment,False
19833,deployment,False
19834,deployment,False
19835,deployment,False
19836,deployment,False
19837,deployment,False
19838,deployment,False
19839,deployment,False
19840,deployment,False
19841,deployment,False
19842,deployment,False
19843,deployment,False
19844,deployment,False
19845,deployment,False
19846,deployment,False
19847,deployment,False
19848,deployment,False
19849,deployment,False
19850,deployment,False
19851,deployment,False
19852,deployment,False
19853,deployment,False
19854,deployment,False
19855,deployment,False
19856,deployment,False
19857,protocol,False
19858,deployment,False
19859,deployment,False
19860,deployment,False
19861,deployment,False
19862,deployment,False
19863,deployment,False
19864,deployment,False
19865,deployment,False
19866,deployment,False
19867,deployment,False
19868,protocol,False
19869,deployment,False
19870,deployment,False
19871,deployment,False
19872,deployment,False
19873,protocol,False
19874,deployment,False
19875,deployment,False
19876,deployment,False
19877,deployment,False
19878,deployment,False
19879,deployment,False
19880,protocol,False
19881,deployment,False
19882,deployment,False
19883,protocol,False
19884,deployment,False
19885,deployment,False
19886,deployment,False
19887,deployment,False
19888,deployment,False
19889,protocol,False
19890,deployment,False
19891,protocol,False
19892,deployment,False
19893,deployment,False
19894,deployment,False
19895,deployment,False
19896,protocol,False
19897,deployment,False
19898,protocol,False
19899,deployment,False
19900,deployment,False
19901,deployment,False
19902,deployment,False
19903,deployment,False
19904,deployment,False
19905,deployment,False
19906,deployment,False
19907,deployment,False
19908,deployment,False
19909,deployment,False
19910,deployment,False
19911,deployment,False
19912,deployment,False
19913,deployment,False
19914,deployment,False
19915,deployment,False
19916,deployment,False
19917,deployment,False
19918,deployment,True
19919,deployment,True
19920,deployment,True
19921,deployment,False
19922,deployment,True
19923,deployment,False
19924,deployment,True
19925,deployment,True
19926,deployment,True
19927,deployment,True
19928,deployment,False
19929,deployment,True
19930,deployment,False
19931,deployment,True
19932,deployment,True
19933,deployment,False
19934,deployment,True
19935,deployment,False
19936,deployment,True
19937,protocol,False
19938,protocol,False
19939,deployment,False
19940,deployment,True
19941,deployment,True
19942,deployment,True
19943,deployment,True
19944,deployment,True
19945,deployment,True
19946,deployment,True
19947,deployment,True
19948,deployment,True
19949,deployment,True
19950,protocol,True
19951,protocol,True
19952,protocol,True
19953,deployment,True
19954,deployment,True
19955,protocol,True
19956,protocol,True
19957,protocol,True
19958,principle,True
19959,deployment,True
19960,deployment,True
19961,deployment,True
19962,protocol,True
19963,protocol,True
19964,deployment,True
19965,deployment,True
19966,deployment,True
19967,protocol,True
19968,protocol,True
19969,protocol,True
19970,protocol,True
19971,protocol,True
19972,protocol,True
19973,protocol,True
19974,protocol,True
19975,protocol,True
19976,protocol,True
19977,protocol,True
19978,protocol,True
19979,deployment,True
19980,deployment,True
19981,deployment,True
19982,deployment,True
19983,deployment,True
19984,deployment,True
19985,deployment,True
19986,deployment,True
19987,deployment,True
19988,deployment,True
19989,deployment,True
19990,deployment,True
19991,deployment,True
19992,deployment,True
19993,deployment,True
19994,deployment,True
19995,deployment,True
19996,deployment,True
19997,deployment,True
19998,deployment,True
19999,deployment,True
20000,deployment,True
20001,deployment,True
20002,deployment,True
20003,deployment,True
20004,deployment,True
20005,deployment,True
20006,deployment,True
20007,deployment,True
20008,protocol,True
20009,deployment,True
20010,deployment,True
20011,deployment,False
20012,deployment,False
20013,deployment,True
20014,deployment,False
20015,deployment,True
20016,protocol,True
20017,deployment,True
20018,deployment,False
20019,deployment,False
20020,deployment,False
20021,deployment,False
20022,deployment,True
20023,deployment,True
20024,deployment,True
20025,deployment,True
20026,deployment,True
20027,deployment,True
20028,deployment,True
20029,deployment,True
20030,deployment,True
20031,deployment,True
20032,deployment,True
20033,deployment,True
20034,deployment,True
20035,deployment,True
20036,deployment,True
20037,protocol,True
20038,deployment,True
20039,deployment,True
20040,protocol,True
20041,deployment,True
20042,deployment,True
20043,deployment,True
20044,deployment,True
20045,deployment,True
20046,deployment,True
20047,deployment,True
20048,deployment,True
20049,deployment,True
20050,protocol,True
20051,protocol,True
20052,protocol,True
20053,deployment,True
20054,deployment,True
20055,protocol,True
20056,protocol,True
20057,protocol,True
20058,protocol,True
20059,protocol,True
20060,protocol,True
20061,deployment,True
20062,deployment,True
20063,deployment,True
20064,deployment,True
20065,deployment,True
20066,protocol,True
20067,protocol,True
20068,protocol,True
20069,deployment,True
20070,deployment,True
20071,protocol,True
20072,protocol,True
20073,deployment,True
20074,protocol,True
20075,deployment,True
20076,deployment,True
20077,deployment,True
20078,deployment,True
20079,deployment,True
20080,deployment,True
20081,protocol,True
20082,protocol,True
20083,protocol,True
20084,deployment,True
20085,deployment,True
20086,protocol,True
20087,protocol,True
20088,protocol,True
20089,protocol,True
20090,protocol,True
20091,protocol,True
20092,deployment,True
20093,deployment,True
20094,protocol,True
20095,protocol,True
20096,deployment,True
20097,deployment,True
20098,protocol,True
20099,protocol,True
20100,protocol,True
20101,protocol,True
20102,protocol,True
20103,protocol,True
20104,deployment,True
20105,deployment,True
20106,protocol,True
20107,protocol,True
20108,protocol,False
20109,protocol,True
20110,protocol,False
20111,protocol,True
20112,protocol,False
20113,protocol,False
20114,protocol,False
20115,protocol,False
20116,protocol,False
20117,protocol,False
20118,protocol,False
20119,protocol,False
20120,protocol,False
20121,protocol,False
20122,protocol,False
20123,protocol,False
20124,protocol,False
20125,protocol,False
20126,protocol,False
20127,protocol,False
20128,protocol,False
20129,protocol,False
20130,protocol,False
20131,protocol,False
20132,protocol,False
20133,protocol,False
20134,protocol,False
20135,protocol,False
20136,protocol,False
20137,protocol,False
20138,protocol,False
20139,protocol,False
20140,protocol,False
20141,protocol,False
20142,protocol,False
20143,protocol,False
20144,protocol,False
20145,protocol,False
20146,protocol,False
20147,protocol,False
20148,protocol,False
20149,protocol,False
20150,protocol,False
20151,protocol,False
20152,protocol,False
20153,protocol,False
20154,protocol,False
20155,protocol,False
20156,protocol,False
20157,protocol,False
20158,protocol,False
20159,protocol,False
20160,protocol,False
20161,protocol,False
20162,protocol,False
20163,protocol,False
20164,protocol,False
20165,protocol,False
20166,protocol,False
20167,protocol,False
20168,protocol,False
20169,protocol,False
20170,protocol,False
20171,protocol,False
20172,protocol,False
20173,protocol,False
20174,protocol,False
20175,protocol,False
20176,protocol,False
20177,protocol,False
20178,protocol,False
20179,protocol,False
20180,protocol,False
20181,protocol,False
20182,protocol,False
20183,protocol,False
20184,protocol,False
20185,protocol,False
20186,protocol,False
20187,protocol,False
20188,protocol,False
20189,protocol,False
20190,protocol,False
20191,protocol,False
20192,protocol,False
20193,protocol,False
20194,protocol,False
20195,protocol,False
20196,deployment,True
20197,protocol,False
20198,protocol,True
20199,deployment,False
20200,deployment,True
20201,protocol,True
20202,deployment,True
20203,deployment,True
20204,deployment,True
20205,deployment,True
20206,deployment,True
20207,deployment,True
20208,deployment,False
20209,deployment,False
20210,deployment,True
20211,deployment,False
20212,protocol,False
20213,deployment,False
20214,deployment,False
20215,deployment,True
20216,deployment,False
20217,deployment,False
20218,deployment,False
20219,deployment,False
20220,deployment,False
20221,deployment,False
20222,deployment,False
20223,deployment,True
20224,deployment,True
20225,deployment,True
20226,protocol,True
20227,protocol,True
20228,deployment,True
20229,protocol,True
20230,deployment,True
20231,deployment,False
20232,protocol,True
20233,protocol,True
20234,deployment,True
20235,deployment,True
20236,deployment,True
20237,deployment,True
20238,deployment,True
20239,deployment,False
20240,protocol,False
20241,protocol,True
20242,protocol,True
20243,protocol,True
20244,protocol,False
20245,protocol,False
20246,deployment,False
20247,protocol,False
20248,deployment,True
20249,protocol,True
20250,protocol,True
20251,deployment,False
20252,deployment,True
20253,deployment,True
20254,deployment,True
20255,protocol,True
20256,protocol,True
20257,deployment,True
20258,deployment,True
20259,deployment,True
20260,deployment,True
20261,protocol,True
20262,deployment,True
20263,protocol,True
20264,deployment,True
20265,deployment,True
20266,protocol,True
20267,protocol,False
20268,deployment,False
20269,protocol,False
20270,deployment,True
20271,deployment,True
20272,deployment,True
20273,deployment,True
20274,protocol,True
20275,deployment,True
20276,protocol,True
20277,deployment,True
20278,protocol,True
20279,deployment,True
20280,deployment,True
20281,protocol,False
20282,deployment,True
20283,deployment,True
20284,deployment,False
20285,deployment,False
20286,protocol,False
20287,deployment,True
20288,protocol,True
20289,deployment,False
20290,deployment,True
20291,deployment,True
20292,deployment,True
20293,protocol,True
20294,deployment,False
20295,protocol,True
20296,deployment,True
20297,protocol,True
20298,protocol,True
20299,protocol,True
20300,deployment,False
20301,deployment,True
20302,protocol,True
20303,deployment,True
20304,deployment,True
20305,deployment,False
20306,deployment,False
20307,deployment,True
20308,deployment,True
20309,protocol,True
20310,protocol,True
20311,protocol,True
20312,deployment,True
20313,deployment,False
20314,deployment,False
20315,deployment,False
20316,deployment,True
20317,deployment,True
20318,deployment,False
20319,protocol,True
20320,deployment,False
20321,protocol,True
20322,protocol,True
20323,deployment,True
20324,deployment,True
20325,deployment,True
20326,deployment,False
20327,deployment,False
20328,deployment,True
20329,deployment,False
20330,protocol,True
20331,protocol,True
20332,deployment,True
20333,deployment,True
20334,deployment,False
20335,deployment,True
20336,deployment,True
20337,deployment,False
20338,deployment,False
20339,deployment,True
20340,deployment,False
20341,deployment,False
20342,deployment,False
20343,protocol,True
20344,protocol,True
20345,deployment,False
20346,deployment,False
20347,deployment,False
20348,protocol,True
20349,deployment,False
20350,deployment,False
20351,deployment,True
20352,deployment,True
20353,protocol,True
20354,protocol,True
20355,protocol,True
20356,deployment,True
20357,protocol,True
20358,protocol,True
20359,protocol,True
20360,protocol,False
20361,deployment,False
20362,deployment,False
20363,protocol,False
20364,deployment,False
20365,deployment,False
20366,deployment,False
20367,deployment,False
20368,deployment,False
20369,deployment,False
20370,deployment,False
20371,deployment,False
20372,deployment,False
20373,deployment,False
20374,deployment,False
20375,protocol,False
20376,protocol,False
20377,protocol,False
20378,protocol,False
20379,protocol,False
20380,protocol,False
20381,protocol,False
20382,protocol,False
20383,protocol,False
20384,protocol,False
20385,protocol,False
20386,protocol,False
20387,protocol,False
20388,protocol,False
20389,protocol,False
20390,protocol,False
20391,protocol,False
20392,deployment,False
20393,deployment,False
20394,deployment,False
20395,deployment,False
20396,protocol,False
20397,protocol,False
20398,protocol,False
20399,deployment,False
20400,deployment,False
20401,deployment,False
20402,deployment,False
20403,deployment,False
20404,deployment,False
20405,deployment,False
20406,deployment,False
20407,deployment,False
20408,protocol,False
20409,deployment,False
20410,deployment,False
20411,deployment,False
20412,deployment,False
20413,protocol,False
20414,deployment,False
20415,deployment,False
20416,deployment,False
20417,deployment,False
20418,protocol,False
20419,protocol,False
20420,deployment,False
20421,protocol,False
20422,deployment,False
20423,deployment,False
20424,deployment,False
20425,protocol,False
20426,protocol,False
20427,protocol,False
20428,protocol,False
20429,protocol,False
20430,deployment,False
20431,deployment,False
20432,deployment,False
20433,deployment,False
20434,deployment,False
20435,deployment,False
20436,protocol,False
20437,protocol,False
20438,deployment,False
20439,deployment,False
20440,deployment,False
20441,protocol,False
20442,protocol,False
20443,protocol,False
20444,deployment,False
20445,deployment,False
20446,deployment,False
20447,deployment,False
20448,deployment,False
20449,deployment,False
20450,deployment,False
20451,deployment,False
20452,deployment,False
20453,deployment,False
20454,protocol,False
20455,protocol,False
20456,protocol,False
20457,protocol,False
20458,protocol,False
20459,protocol,False
20460,protocol,False
20461,protocol,False
20462,protocol,False
20463,protocol,False
20464,deployment,False
20465,protocol,False
20466,protocol,False
20467,deployment,False
20468,deployment,False
20469,deployment,False
20470,deployment,False
20471,protocol,False
20472,protocol,False
20473,deployment,False
20474,deployment,False
20475,deployment,False
20476,deployment,False
20477,deployment,False
20478,deployment,False
20479,protocol,False
20480,deployment,False
20481,deployment,False
20482,deployment,False
20483,protocol,False
20484,deployment,False
20485,deployment,False
20486,protocol,False
20487,protocol,False
20488,deployment,False
20489,deployment,False
20490,protocol,False
20491,protocol,False
20492,protocol,False
20493,protocol,False
20494,protocol,False
20495,protocol,False
20496,protocol,False
20497,protocol,False
20498,protocol,False
20499,protocol,False
20500,deployment,False
20501,deployment,False
20502,deployment,False
20503,protocol,False
20504,protocol,False
20505,protocol,False
20506,deployment,False
20507,protocol,False
20508,deployment,False
20509,deployment,False
20510,protocol,False
20511,protocol,False
20512,deployment,False
20513,deployment,False
20514,protocol,False
20515,protocol,False
20516,deployment,False
20517,deployment,False
20518,deployment,False
20519,protocol,False
20520,protocol,False
20521,deployment,False
20522,protocol,False
20523,protocol,False
20524,protocol,False
20525,protocol,False
20526,deployment,False
20527,deployment,False
20528,protocol,False
20529,protocol,False
20530,protocol,False
20531,protocol,False
20532,deployment,False
20533,deployment,False
20534,deployment,False
20535,deployment,False
20536,deployment,False
20537,deployment,False
20538,deployment,False
20539,deployment,False
20540,deployment,False
20541,deployment,False
20542,deployment,False
20543,deployment,False
20544,deployment,False
20545,protocol,False
20546,deployment,False
20547,deployment,False
20548,deployment,False
20549,deployment,False
20550,deployment,False
20551,deployment,False
20552,deployment,False
20553,deployment,False
20554,deployment,False
20555,deployment,False
20556,deployment,False
20557,deployment,False
20558,deployment,False
20559,deployment,False
20560,deployment,False
20561,deployment,False
20562,deployment,False
20563,deployment,False
20564,deployment,False
20565,deployment,False
20566,deployment,False
20567,deployment,False
20568,protocol,False
20569,deployment,False
20570,deployment,False
20571,deployment,False
20572,deployment,False
20573,deployment,False
20574,deployment,False
20575,protocol,False
20576,deployment,False
20577,deployment,False
20578,deployment,False
20579,deployment,False
20580,deployment,False
20581,deployment,False
20582,deployment,False
20583,deployment,False
20584,deployment,False
20585,deployment,False
20586,deployment,False
20587,deployment,False
20588,deployment,False
20589,deployment,False
20590,deployment,False
20591,deployment,False
20592,protocol,False
20593,protocol,False
20594,protocol,False
20595,protocol,False
20596,protocol,False
20597,protocol,False
20598,protocol,False
20599,protocol,False
20600,protocol,False
20601,protocol,False
20602,deployment,False
20603,deployment,False
20604,deployment,False
20605,deployment,False
20606,deployment,False
20607,deployment,False
20608,deployment,False
20609,deployment,False
20610,deployment,False
20611,deployment,False
20612,deployment,False
20613,deployment,False
20614,deployment,False
20615,deployment,False
20616,deployment,False
20617,deployment,False
20618,deployment,True
20619,deployment,True
20620,deployment,True
20621,deployment,True
20622,deployment,True
20623,deployment,True
20624,deployment,True
20625,protocol,True
20626,protocol,True
20627,deployment,True
20628,deployment,True
20629,deployment,True
20630,protocol,True
20631,protocol,True
20632,protocol,True
20633,deployment,True
20634,deployment,True
20635,deployment,True
20636,protocol,True
20637,deployment,True
20638,deployment,True
20639,deployment,True
20640,deployment,True
20641,deployment,True
20642,deployment,True
20643,deployment,True
20644,deployment,True
20645,deployment,True
20646,deployment,True
20647,deployment,True
20648,deployment,True
20649,deployment,True
20650,protocol,True
20651,deployment,True
20652,deployment,True
20653,protocol,True
20654,deployment,True
20655,deployment,True
20656,deployment,True
20657,deployment,True
20658,protocol,True
20659,protocol,True
20660,deployment,True
20661,protocol,True
20662,deployment,True
20663,protocol,True
20664,deployment,True
20665,protocol,True
20666,protocol,True
20667,protocol,True
20668,protocol,True
20669,deployment,False
20670,deployment,False
20671,deployment,False
20672,deployment,False
20673,deployment,False
20674,deployment,False
20675,deployment,False
20676,deployment,False
20677,deployment,True
20678,protocol,True
20679,protocol,True
20680,deployment,True
20681,protocol,True
20682,deployment,True
20683,protocol,True
20684,deployment,True
20685,protocol,True
20686,deployment,True
20687,protocol,True
20688,protocol,True
20689,protocol,True
20690,protocol,True
20691,deployment,True
20692,protocol,True
20693,deployment,True
20694,protocol,True
20695,deployment,True
20696,deployment,True
20697,protocol,True
20698,protocol,True
20699,deployment,True
20700,protocol,True
20701,deployment,True
20702,protocol,True
20703,deployment,True
20704,protocol,True
20705,deployment,True
20706,protocol,True
20707,deployment,True
20708,protocol,True
20709,protocol,True
20710,protocol,True
20711,protocol,True
20712,protocol,True
20713,protocol,True
20714,deployment,False
20715,deployment,True
20716,deployment,True
20717,protocol,True
20718,deployment,True
20719,deployment,True
20720,deployment,True
20721,protocol,True
20722,deployment,True
20723,protocol,True
20724,protocol,True
20725,protocol,True
20726,protocol,True
20727,protocol,True
20728,protocol,True
20729,protocol,True
20730,protocol,True
20731,protocol,True
20732,deployment,True
20733,deployment,True
20734,deployment,False
20735,deployment,False
20736,deployment,False
20737,deployment,False
20738,deployment,False
20739,deployment,False
20740,deployment,False
20741,principle,True
20742,protocol,True
20743,deployment,False
20744,protocol,True
20745,deployment,False
20746,protocol,True
20747,deployment,False
20748,protocol,True
20749,deployment,False
20750,deployment,False
20751,protocol,True
20752,protocol,True
20753,protocol,True
20754,protocol,True
20755,deployment,False
20756,deployment,False
20757,deployment,False
20758,deployment,False
20759,deployment,False
20760,deployment,False
20761,deployment,False
20762,deployment,False
20763,deployment,False
20764,deployment,False
20765,deployment,False
20766,deployment,False
20767,deployment,False
20768,deployment,False
20769,deployment,False
20770,deployment,False
20771,deployment,False
20772,deployment,False
20773,deployment,False
20774,deployment,False
20775,deployment,False
20776,deployment,False
20777,deployment,False
20778,deployment,False
20779,deployment,False
20780,deployment,False
20781,protocol,True
20782,deployment,False
20783,deployment,False
20784,protocol,True
20785,deployment,False
20786,deployment,False
20787,protocol,True
20788,deployment,False
20789,deployment,False
20790,deployment,False
20791,protocol,True
20792,protocol,True
20793,deployment,False
20794,deployment,False
20795,deployment,False
20796,protocol,True
20797,deployment,False
20798,protocol,True
20799,protocol,True
20800,deployment,False
20801,deployment,False
20802,deployment,False
20803,deployment,False
20804,deployment,False
20805,deployment,False
20806,deployment,False
20807,protocol,True
20808,deployment,False
20809,deployment,False
20810,deployment,False
20811,deployment,False
20812,protocol,True
20813,protocol,True
20814,deployment,False
20815,deployment,False
20816,deployment,False
20817,deployment,False
20818,deployment,False
20819,protocol,True
20820,deployment,False
20821,protocol,True
20822,deployment,False
20823,deployment,False
20824,protocol,True
20825,deployment,False
20826,deployment,False
20827,protocol,True
20828,deployment,False
20829,deployment,False
20830,deployment,False
20831,deployment,False
20832,deployment,False
20833,protocol,True
20834,deployment,False
20835,deployment,False
20836,deployment,False
20837,deployment,False
20838,deployment,False
20839,deployment,False
20840,deployment,False
20841,deployment,False
20842,deployment,False
20843,deployment,False
20844,deployment,False
20845,deployment,False
20846,deployment,False
20847,deployment,False
20848,deployment,False
20849,deployment,False
20850,deployment,False
20851,deployment,False
20852,deployment,False
20853,deployment,False
20854,deployment,False
20855,deployment,False
20856,deployment,False
20857,deployment,False
20858,deployment,False
20859,deployment,False
20860,deployment,False
20861,deployment,False
20862,deployment,False
20863,deployment,False
20864,deployment,False
20865,deployment,False
20866,deployment,False
20867,deployment,False
20868,deployment,False
20869,deployment,False
20870,deployment,False
20871,deployment,False
20872,deployment,False
20873,deployment,False
20874,deployment,False
20875,deployment,False
20876,deployment,False
20877,deployment,False
20878,deployment,False
20879,deployment,False
20880,deployment,False
20881,deployment,False
20882,deployment,False
20883,deployment,False
20884,deployment,False
20885,deployment,False
20886,deployment,False
20887,deployment,False
20888,deployment,False
20889,deployment,False
20890,deployment,False
20891,deployment,False
20892,deployment,False
20893,deployment,False
20894,deployment,False
20895,deployment,False
20896,deployment,False
20897,deployment,False
20898,deployment,False
20899,deployment,False
20900,deployment,False
20901,deployment,False
20902,deployment,False
20903,deployment,False
20904,deployment,False
20905,deployment,False
20906,deployment,False
20907,deployment,False
20908,deployment,False
20909,deployment,False
20910,deployment,False
20911,protocol,False
20912,protocol,False
20913,protocol,False
20914,protocol,False
20915,protocol,False
20916,protocol,False
20917,deployment,False
20918,deployment,False
20919,deployment,False
20920,deployment,False
20921,deployment,False
20922,deployment,False
20923,deployment,False
20924,deployment,False
20925,deployment,False
20926,protocol,False
20927,deployment,False
20928,deployment,False
20929,protocol,False
20930,deployment,False
20931,deployment,False
20932,protocol,False
20933,deployment,False
20934,protocol,False
20935,deployment,False
20936,deployment,False
20937,deployment,False
20938,deployment,False
20939,deployment,False
20940,deployment,False
20941,deployment,False
20942,deployment,False
20943,deployment,False
20944,deployment,False
20945,deployment,False
20946,deployment,False
20947,deployment,False
20948,deployment,False
20949,deployment,False
20950,deployment,False
20951,deployment,False
20952,protocol,False
20953,protocol,False
20954,deployment,False
20955,deployment,False
20956,deployment,False
20957,deployment,False
20958,deployment,False
20959,deployment,False
20960,deployment,False
20961,deployment,False
20962,deployment,False
20963,deployment,False
20964,deployment,True
20965,deployment,True
20966,deployment,True
20967,protocol,True
20968,protocol,True
20969,deployment,True
20970,protocol,True
20971,protocol,True
20972,deployment,True
20973,deployment,True
20974,deployment,True
20975,deployment,True
20976,protocol,True
20977,deployment,True
20978,protocol,True
20979,protocol,True
20980,deployment,True
20981,protocol,True
20982,deployment,True
20983,protocol,True
20984,deployment,True
20985,deployment,False
20986,deployment,True
20987,deployment,False
20988,deployment,False
20989,protocol,True
20990,protocol,True
20991,protocol,True
20992,protocol,True
20993,protocol,True
20994,protocol,True
20995,protocol,True
20996,protocol,True
20997,deployment,True
20998,deployment,True
20999,deployment,True
21000,deployment,True
21001,deployment,False
21002,deployment,False
21003,deployment,False
21004,deployment,False
21005,deployment,False
21006,protocol,True
21007,protocol,False
21008,protocol,True
21009,protocol,True
21010,protocol,True
21011,protocol,True
21012,protocol,True
21013,deployment,False
21014,protocol,True
21015,deployment,True
21016,deployment,False
21017,deployment,False
21018,deployment,False
21019,deployment,True
21020,deployment,True
21021,deployment,True
21022,deployment,True
21023,deployment,True
21024,protocol,True
21025,protocol,True
21026,protocol,True
21027,protocol,True
21028,protocol,True
21029,protocol,True
21030,protocol,True
21031,protocol,True
21032,deployment,True
21033,deployment,True
21034,protocol,True
21035,protocol,True
21036,protocol,True
21037,protocol,False
21038,protocol,True
21039,protocol,True
21040,protocol,True
21041,protocol,True
21042,protocol,True
21043,protocol,False
21044,protocol,True
21045,protocol,True
21046,protocol,True
21047,protocol,True
21048,protocol,True
21049,protocol,True
21050,protocol,True
21051,protocol,True
21052,protocol,True
21053,protocol,True
21054,protocol,True
21055,protocol,True
21056,protocol,True
21057,protocol,True
21058,protocol,True
21059,protocol,True
21060,protocol,True
21061,principle,True
21062,protocol,True
21063,protocol,True
21064,protocol,True
21065,protocol,True
21066,protocol,True
21067,protocol,True
21068,protocol,True
21069,protocol,True
21070,protocol,True
21071,protocol,True
21072,protocol,True
21073,protocol,True
21074,protocol,True
21075,protocol,True
21076,protocol,True
21077,protocol,True
21078,protocol,True
21079,protocol,True
21080,protocol,True
21081,protocol,True
21082,protocol,True
21083,protocol,True
21084,protocol,True
21085,protocol,True
21086,protocol,True
21087,protocol,True
21088,protocol,True
21089,protocol,True
21090,protocol,True
21091,protocol,True
21092,protocol,True
21093,protocol,True
21094,protocol,True
21095,protocol,True
21096,protocol,True
21097,protocol,True
21098,protocol,True
21099,protocol,True
21100,protocol,True
21101,protocol,True
21102,protocol,True
21103,protocol,True
21104,protocol,True
21105,protocol,True
21106,protocol,True
21107,protocol,True
21108,protocol,True
21109,protocol,True
21110,protocol,True
21111,protocol,True
21112,protocol,False
21113,protocol,False
21114,protocol,True
21115,protocol,True
21116,protocol,False
21117,protocol,True
21118,deployment,True
21119,deployment,True
21120,deployment,True
21121,deployment,True
21122,protocol,True
21123,protocol,True
21124,protocol,True
21125,protocol,True
21126,protocol,True
21127,protocol,True
21128,protocol,True
21129,deployment,True
21130,deployment,True
21131,principle,True
21132,principle,True
21133,protocol,True
21134,protocol,True
21135,protocol,False
21136,protocol,True
21137,protocol,False
21138,protocol,False
21139,principle,True
21140,principle,True
21141,deployment,True
21142,deployment,True
21143,deployment,True
21144,deployment,True
21145,deployment,True
21146,deployment,True
21147,deployment,True
21148,protocol,False
21149,protocol,False
21150,deployment,True
21151,protocol,False
21152,protocol,False
21153,protocol,False
21154,protocol,False
21155,protocol,True
21156,protocol,True
21157,principle,True
21158,protocol,True
21159,protocol,True
21160,protocol,True
21161,protocol,True
21162,protocol,True
21163,protocol,True
21164,principle,True
21165,principle,True
21166,protocol,True
21167,deployment,True
21168,deployment,False
21169,protocol,False
21170,protocol,False
21171,principle,True
21172,protocol,False
21173,protocol,False
21174,protocol,False
21175,deployment,True
21176,principle,True
21177,protocol,False
21178,protocol,False
21179,protocol,False
21180,protocol,False
21181,deployment,True
21182,deployment,True
21183,deployment,False
21184,deployment,True
21185,deployment,False
21186,deployment,False
21187,deployment,False
21188,protocol,False
21189,deployment,True
21190,deployment,True
21191,deployment,False
21192,deployment,False
21193,deployment,False
21194,deployment,False
21195,deployment,True
21196,deployment,False
21197,deployment,False
21198,deployment,False
21199,deployment,True
21200,deployment,False
21201,deployment,True
21202,deployment,False
21203,deployment,True
21204,protocol,False
21205,protocol,False
21206,deployment,False
21207,deployment,False
21208,deployment,True
21209,deployment,True
21210,deployment,False
21211,deployment,False
21212,deployment,False
21213,deployment,False
21214,deployment,True
21215,deployment,True
21216,deployment,True
21217,deployment,True
21218,protocol,False
21219,protocol,False
21220,deployment,False
21221,deployment,False
21222,protocol,False
21223,protocol,False
21224,deployment,False
21225,protocol,False
21226,protocol,False
21227,protocol,True
21228,protocol,False
21229,deployment,False
21230,deployment,True
21231,deployment,True
21232,deployment,True
21233,deployment,True
21234,deployment,True
21235,deployment,True
21236,protocol,False
21237,protocol,True
21238,protocol,False
21239,protocol,False
21240,protocol,False
21241,protocol,False
21242,protocol,False
21243,deployment,False
21244,deployment,False
21245,protocol,False
21246,protocol,False
21247,protocol,False
21248,deployment,False
21249,protocol,False
21250,protocol,False
21251,protocol,False
21252,protocol,False
21253,deployment,False
21254,deployment,False
21255,protocol,False
21256,deployment,False
21257,protocol,False
21258,protocol,False
21259,protocol,False
21260,protocol,False
21261,deployment,False
21262,deployment,False
21263,protocol,False
21264,protocol,False
21265,protocol,False
21266,deployment,False
21267,deployment,False
21268,deployment,False
21269,protocol,False
21270,deployment,False
21271,deployment,False
21272,protocol,False
21273,protocol,False
21274,protocol,False
21275,protocol,False
21276,deployment,False
21277,deployment,False
21278,deployment,False
21279,deployment,False
21280,protocol,False
21281,protocol,False
21282,deployment,False
21283,deployment,False
21284,deployment,False
21285,protocol,False
21286,protocol,False
21287,protocol,False
21288,protocol,False
21289,protocol,False
21290,protocol,False
21291,deployment,False
21292,protocol,False
21293,protocol,True
21294,deployment,False
21295,protocol,False
21296,protocol,False
21297,deployment,False
21298,deployment,False
21299,deployment,False
21300,protocol,False
21301,protocol,False
21302,protocol,False
21303,protocol,False
21304,protocol,False
21305,protocol,False
21306,protocol,False
21307,protocol,False
21308,deployment,False
21309,deployment,False
21310,deployment,False
21311,deployment,True
21312,deployment,True
21313,deployment,True
21314,deployment,True
21315,deployment,True
21316,deployment,True
21317,protocol,True
21318,protocol,True
21319,protocol,False
21320,deployment,True
21321,deployment,True
21322,deployment,False
21323,deployment,False
21324,deployment,False
21325,deployment,True
21326,deployment,False
21327,deployment,True
21328,deployment,True
21329,deployment,False
21330,deployment,True
21331,deployment,True
21332,deployment,True
21333,deployment,False
21334,deployment,True
21335,deployment,True
21336,protocol,True
21337,protocol,True
21338,deployment,True
21339,deployment,True
21340,deployment,True
21341,protocol,True
21342,deployment,True
21343,deployment,True
21344,protocol,True
21345,protocol,True
21346,deployment,True
21347,deployment,True
21348,deployment,True
21349,protocol,True
21350,deployment,True
21351,deployment,False
21352,protocol,False
21353,deployment,False
21354,deployment,False
21355,deployment,False
21356,protocol,False
21357,deployment,False
21358,deployment,True
21359,protocol,True
21360,deployment,False
21361,deployment,True
21362,protocol,True
21363,deployment,True
21364,deployment,True
21365,deployment,True
21366,deployment,True
21367,protocol,True
21368,protocol,True
21369,deployment,True
21370,deployment,True
21371,deployment,True
21372,protocol,True
21373,deployment,True
21374,deployment,True
21375,deployment,True
21376,deployment,True
21377,deployment,False
21378,deployment,False
21379,deployment,False
21380,deployment,False
21381,deployment,True
21382,protocol,True
21383,protocol,False
21384,deployment,False
21385,deployment,False
21386,deployment,True
21387,deployment,False
21388,deployment,False
21389,deployment,False
21390,deployment,False
21391,deployment,False
21392,deployment,False
21393,deployment,False
21394,deployment,False
21395,deployment,False
21396,deployment,False
21397,deployment,False
21398,deployment,False
21399,deployment,False
21400,deployment,False
21401,deployment,False
21402,deployment,False
21403,deployment,False
21404,deployment,False
21405,deployment,True
21406,deployment,False
21407,deployment,False
21408,deployment,False
21409,deployment,False
21410,deployment,False
21411,deployment,False
21412,deployment,False
21413,deployment,False
21414,deployment,False
21415,deployment,False
21416,deployment,False
21417,deployment,False
21418,deployment,False
21419,deployment,False
21420,deployment,True
21421,deployment,False
21422,deployment,False
21423,deployment,False
21424,deployment,False
21425,deployment,False
21426,deployment,False
21427,deployment,False
21428,deployment,False
21429,deployment,False
21430,deployment,False
21431,deployment,False
21432,deployment,False
21433,deployment,False
21434,deployment,False
21435,deployment,False
21436,deployment,False
21437,deployment,False
21438,deployment,False
21439,deployment,False
21440,deployment,False
21441,deployment,True
21442,deployment,False
21443,deployment,False
21444,deployment,True
21445,deployment,True
21446,deployment,True
21447,deployment,False
21448,deployment,False
21449,deployment,True
21450,deployment,True
21451,deployment,True
21452,deployment,True
21453,deployment,True
21454,deployment,True
21455,deployment,True
21456,deployment,True
21457,deployment,True
21458,deployment,True
21459,deployment,True
21460,deployment,True
21461,deployment,True
21462,deployment,True
21463,deployment,True
21464,deployment,True
21465,deployment,False
21466,deployment,False
21467,deployment,False
21468,deployment,False
21469,deployment,False
21470,deployment,False
21471,deployment,False
21472,deployment,False
21473,deployment,False
21474,deployment,False
21475,deployment,False
21476,deployment,False
21477,deployment,False
21478,deployment,True
21479,deployment,True
21480,deployment,True
21481,protocol,True
21482,deployment,True
21483,protocol,True
21484,deployment,True
21485,deployment,True
21486,deployment,True
21487,deployment,True
21488,deployment,True
21489,deployment,True
21490,deployment,True
21491,deployment,True
21492,deployment,True
21493,deployment,True
21494,deployment,True
21495,deployment,True
21496,deployment,True
21497,deployment,True
21498,deployment,True
21499,deployment,True
21500,deployment,True
21501,deployment,True
21502,deployment,True
21503,deployment,True
21504,deployment,True
21505,deployment,True
21506,deployment,True
21507,protocol,True
21508,deployment,True
21509,deployment,True
21510,deployment,True
21511,deployment,True
21512,deployment,True
21513,deployment,True
21514,deployment,True
21515,deployment,True
21516,protocol,True
21517,protocol,True
21518,protocol,True
21519,protocol,True
21520,protocol,True
21521,deployment,True
21522,deployment,True
21523,deployment,True
21524,deployment,True
21525,deployment,True
21526,deployment,True
21527,deployment,True
21528,deployment,True
21529,deployment,True
21530,deployment,True
21531,deployment,True
21532,deployment,True
21533,deployment,True
21534,deployment,True
21535,deployment,True
21536,deployment,True
21537,deployment,True
21538,deployment,True
21539,deployment,True
21540,protocol,True
21541,deployment,True
21542,deployment,True
21543,deployment,True
21544,deployment,True
21545,deployment,True
21546,deployment,False
21547,deployment,False
21548,deployment,False
21549,protocol,False
21550,deployment,False
21551,deployment,False
21552,protocol,False
21553,deployment,False
21554,deployment,False
21555,protocol,False
21556,deployment,False
21557,deployment,False
21558,protocol,False
21559,protocol,False
21560,deployment,False
21561,deployment,False
21562,deployment,False
21563,deployment,False
21564,deployment,False
21565,deployment,False
21566,protocol,False
21567,deployment,False
21568,protocol,False
21569,deployment,False
21570,deployment,False
21571,protocol,False
21572,deployment,False
21573,deployment,False
21574,protocol,False
21575,protocol,False
21576,deployment,False
21577,protocol,False
21578,deployment,False
21579,deployment,False
21580,deployment,False
21581,deployment,False
21582,deployment,False
21583,deployment,False
21584,deployment,False
21585,deployment,False
21586,deployment,False
21587,deployment,False
21588,deployment,False
21589,deployment,False
21590,deployment,False
21591,deployment,False
21592,protocol,False
21593,deployment,False
21594,deployment,False
21595,protocol,False
21596,protocol,False
21597,protocol,False
21598,protocol,False
21599,deployment,False
21600,deployment,False
21601,deployment,False
21602,deployment,False
21603,protocol,False
21604,deployment,False
21605,protocol,False
21606,deployment,False
21607,protocol,False
21608,deployment,False
21609,deployment,False
21610,deployment,False
21611,deployment,False
21612,deployment,False
21613,deployment,False
21614,deployment,False
21615,deployment,False
21616,deployment,False
21617,deployment,False
21618,protocol,False
21619,protocol,False
21620,deployment,False
21621,deployment,False
21622,deployment,False
21623,deployment,False
21624,deployment,False
21625,protocol,False
21626,deployment,False
21627,deployment,False
21628,deployment,False
21629,deployment,False
21630,deployment,False
21631,deployment,False
21632,deployment,False
21633,deployment,False
21634,deployment,False
21635,deployment,False
21636,protocol,False
21637,deployment,False
21638,deployment,False
21639,deployment,False
21640,deployment,True
21641,deployment,False
21642,deployment,True
21643,deployment,True
21644,deployment,True
21645,deployment,False
21646,deployment,True
21647,deployment,True
21648,deployment,True
21649,deployment,False
21650,deployment,True
21651,deployment,True
21652,deployment,True
21653,deployment,True
21654,deployment,True
21655,deployment,True
21656,deployment,True
21657,deployment,True
21658,deployment,True
21659,deployment,True
21660,deployment,True
21661,deployment,True
21662,protocol,True
21663,protocol,True
21664,deployment,True
21665,deployment,True
21666,deployment,False
21667,deployment,True
21668,deployment,True
21669,deployment,True
21670,deployment,True
21671,deployment,True
21672,deployment,True
21673,deployment,True
21674,deployment,True
21675,deployment,True
21676,deployment,True
21677,deployment,True
21678,deployment,True
21679,deployment,True
21680,deployment,True
21681,deployment,True
21682,deployment,True
21683,deployment,True
21684,deployment,True
21685,deployment,True
21686,deployment,True
21687,deployment,True
21688,deployment,True
21689,deployment,True
21690,deployment,True
21691,deployment,True
21692,deployment,True
21693,deployment,True
21694,deployment,True
21695,deployment,True
21696,deployment,True
21697,deployment,True
21698,deployment,True
21699,deployment,True
21700,protocol,True
21701,protocol,True
21702,protocol,True
21703,protocol,True
21704,protocol,True
21705,deployment,True
21706,deployment,False
21707,deployment,True
21708,deployment,False
21709,deployment,True
21710,deployment,True
21711,deployment,False
21712,deployment,True
21713,protocol,True
21714,protocol,True
21715,deployment,True
21716,deployment,True
21717,deployment,True
21718,deployment,False
21719,deployment,True
21720,deployment,True
21721,deployment,True
21722,deployment,True
21723,deployment,True
21724,deployment,True
21725,protocol,True
21726,deployment,False
21727,deployment,True
21728,deployment,True
21729,deployment,True
21730,deployment,True
21731,deployment,True
21732,protocol,True
21733,protocol,True
21734,protocol,False
21735,deployment,True
21736,protocol,True
21737,protocol,True
21738,protocol,True
21739,protocol,True
21740,protocol,True
21741,protocol,True
21742,protocol,True
21743,protocol,True
21744,protocol,True
21745,protocol,True
21746,protocol,True
21747,protocol,True
21748,deployment,True
21749,deployment,True
21750,protocol,True
21751,protocol,True
21752,protocol,True
21753,protocol,True
21754,protocol,True
21755,deployment,True
21756,deployment,True
21757,deployment,True
21758,protocol,True
21759,protocol,True
21760,protocol,True
21761,deployment,True
21762,deployment,True
21763,deployment,True
21764,protocol,True
21765,deployment,False
21766,deployment,True
21767,deployment,True
21768,deployment,True
21769,deployment,True
21770,protocol,True
21771,deployment,True
21772,protocol,True
21773,deployment,True
21774,deployment,True
21775,deployment,True
21776,deployment,True
21777,protocol,True
21778,deployment,True
21779,protocol,True
21780,deployment,True
21781,protocol,True
21782,protocol,True
21783,protocol,True
21784,deployment,True
21785,deployment,True
21786,deployment,True
21787,deployment,True
21788,deployment,True
21789,deployment,True
21790,protocol,True
21791,protocol,True
21792,protocol,True
21793,protocol,True
21794,protocol,True
21795,protocol,True
21796,deployment,True
21797,deployment,True
21798,deployment,True
21799,deployment,True
21800,deployment,True
21801,deployment,True
21802,protocol,False
21803,protocol,False
21804,protocol,True
21805,protocol,False
21806,protocol,False
21807,protocol,False
21808,principle,False
21809,principle,False
21810,principle,False
21811,protocol,False
21812,protocol,False
21813,principle,False
21814,principle,False
21815,principle,False
21816,principle,False
21817,principle,False
21818,principle,False
21819,protocol,False
21820,protocol,False
21821,protocol,False
21822,protocol,False
21823,protocol,False
21824,protocol,False
21825,deployment,False
21826,deployment,False
21827,deployment,False
21828,protocol,False
21829,protocol,False
21830,deployment,False
21831,deployment,False
21832,protocol,False
21833,protocol,False
21834,protocol,False
21835,principle,False
21836,principle,False
21837,deployment,False
21838,protocol,False
21839,deployment,False
21840,protocol,False
21841,deployment,False
21842,protocol,False
21843,protocol,False
21844,protocol,False
21845,protocol,False
21846,protocol,False
21847,protocol,False
21848,protocol,False
21849,protocol,False
21850,protocol,False
21851,protocol,False
21852,protocol,False
21853,protocol,False
21854,deployment,False
21855,protocol,False
21856,deployment,False
21857,principle,False
21858,protocol,False
21859,protocol,False
21860,protocol,False
21861,principle,False
21862,protocol,False
21863,protocol,False
21864,principle,False
21865,protocol,False
21866,protocol,False
21867,principle,False
21868,deployment,False
21869,deployment,False
21870,deployment,False
21871,protocol,False
21872,deployment,False
21873,deployment,False
21874,deployment,False
21875,deployment,False
21876,deployment,False
21877,deployment,False
21878,deployment,False
21879,deployment,False
21880,deployment,False
21881,deployment,False
21882,deployment,False
21883,deployment,False
21884,deployment,False
21885,deployment,False
21886,protocol,False
21887,protocol,False
21888,deployment,True
21889,protocol,True
21890,protocol,False
21891,protocol,False
21892,protocol,False
21893,deployment,False
21894,deployment,False
21895,deployment,False
21896,protocol,False
21897,deployment,False
21898,deployment,True
21899,deployment,True
21900,deployment,True
21901,deployment,True
21902,deployment,True
21903,deployment,True
21904,protocol,False
21905,protocol,False
21906,protocol,True
21907,protocol,True
21908,deployment,True
21909,deployment,True
21910,deployment,True
21911,deployment,True
21912,deployment,True
21913,deployment,True
21914,deployment,True
21915,deployment,True
21916,deployment,True
21917,deployment,True
21918,protocol,False
21919,protocol,False
21920,deployment,False
21921,deployment,False
21922,deployment,False
21923,protocol,False
21924,deployment,True
21925,protocol,False
21926,protocol,False
21927,deployment,True
21928,deployment,False
21929,deployment,False
21930,protocol,False
21931,protocol,False
21932,protocol,False
21933,protocol,False
21934,deployment,True
21935,deployment,True
21936,deployment,True
21937,deployment,True
21938,deployment,True
21939,protocol,True
21940,protocol,True
21941,deployment,True
21942,deployment,True
21943,deployment,True
21944,deployment,True
21945,deployment,True
21946,deployment,True
21947,protocol,False
21948,protocol,False
21949,deployment,True
21950,deployment,True
21951,deployment,True
21952,deployment,True
21953,deployment,False
21954,protocol,False
21955,deployment,False
21956,deployment,False
21957,deployment,False
21958,deployment,False
21959,deployment,False
21960,deployment,False
21961,protocol,False
21962,deployment,False
21963,deployment,False
21964,protocol,False
21965,deployment,False
21966,protocol,False
21967,deployment,False
21968,deployment,False
21969,protocol,False
21970,deployment,False
21971,protocol,False
21972,deployment,False
21973,protocol,False
21974,deployment,False
21975,protocol,False
21976,deployment,False
21977,deployment,False
21978,deployment,False
21979,deployment,False
21980,deployment,False
21981,protocol,False
21982,deployment,False
21983,deployment,False
21984,protocol,False
21985,deployment,False
21986,deployment,False
21987,protocol,False
21988,deployment,False
21989,deployment,False
21990,protocol,False
21991,deployment,False
21992,protocol,False
21993,deployment,False
21994,deployment,False
21995,deployment,False
21996,deployment,False
21997,deployment,False
21998,deployment,False
21999,deployment,False
22000,deployment,False
22001,deployment,False
22002,protocol,False
22003,deployment,False
22004,deployment,False
22005,protocol,False
22006,deployment,False
22007,protocol,False
22008,protocol,False
22009,protocol,False
22010,protocol,False
22011,protocol,False
22012,deployment,False
22013,deployment,False
22014,deployment,False
22015,protocol,False
22016,deployment,False
22017,deployment,False
22018,deployment,False
22019,protocol,False
22020,protocol,False
22021,deployment,False
22022,deployment,True
22023,deployment,False
22024,deployment,False
22025,deployment,True
22026,protocol,True
22027,protocol,True
22028,deployment,True
22029,deployment,True
22030,deployment,True
22031,protocol,True
22032,deployment,False
22033,deployment,False
22034,protocol,True
22035,protocol,True
22036,protocol,True
22037,deployment,False
22038,protocol,False
22039,protocol,False
22040,protocol,False
22041,deployment,True
22042,deployment,True
22043,deployment,True
22044,protocol,True
22045,deployment,True
22046,deployment,True
22047,protocol,True
22048,protocol,True
22049,deployment,True
22050,deployment,True
22051,deployment,False
22052,deployment,True
22053,protocol,True
22054,deployment,False
22055,deployment,False
22056,deployment,True
22057,protocol,True
22058,deployment,False
22059,protocol,False
22060,deployment,False
22061,deployment,False
22062,protocol,False
22063,deployment,False
22064,protocol,False
22065,protocol,False
22066,deployment,False
22067,deployment,False
22068,protocol,False
22069,protocol,False
22070,deployment,True
22071,protocol,True
22072,deployment,True
22073,deployment,True
22074,deployment,True
22075,deployment,True
22076,deployment,False
22077,deployment,False
22078,protocol,False
22079,protocol,False
22080,deployment,False
22081,deployment,False
22082,protocol,True
22083,deployment,True
22084,deployment,False
22085,deployment,True
22086,deployment,True
22087,deployment,False
22088,deployment,True
22089,protocol,True
22090,deployment,False
22091,protocol,False
22092,deployment,False
22093,deployment,False
22094,deployment,False
22095,deployment,False
22096,deployment,False
22097,deployment,False
22098,deployment,False
22099,deployment,False
22100,deployment,False
22101,deployment,False
22102,deployment,False
22103,deployment,False
22104,deployment,False
22105,deployment,False
22106,deployment,False
22107,deployment,False
22108,deployment,False
22109,deployment,False
22110,deployment,False
22111,deployment,False
22112,deployment,False
22113,deployment,False
22114,deployment,False
22115,deployment,False
22116,deployment,False
22117,deployment,False
22118,deployment,False
22119,deployment,False
22120,deployment,False
22121,deployment,False
22122,deployment,False
22123,deployment,False
22124,deployment,False
22125,deployment,False
22126,deployment,False
22127,deployment,False
22128,deployment,False
22129,deployment,False
22130,deployment,False
22131,deployment,False
22132,deployment,False
22133,deployment,False
22134,deployment,False
22135,deployment,False
22136,deployment,False
22137,deployment,False
22138,deployment,False
22139,deployment,False
22140,deployment,False
22141,deployment,False
22142,deployment,False
22143,deployment,False
22144,deployment,False
22145,deployment,False
22146,deployment,False
22147,deployment,False
22148,deployment,False
22149,deployment,False
22150,deployment,False
22151,deployment,False
22152,deployment,False
22153,deployment,False
22154,deployment,False
22155,deployment,False
22156,deployment,False
22157,deployment,False
22158,deployment,False
22159,deployment,False
22160,deployment,False
22161,deployment,False
22162,deployment,False
22163,deployment,False
22164,deployment,False
22165,deployment,False
22166,deployment,False
22167,deployment,False
22168,deployment,False
22169,deployment,False
22170,deployment,False
22171,deployment,False
22172,deployment,False
22173,deployment,False
22174,deployment,False
22175,deployment,False
22176,deployment,False
22177,deployment,True
22178,protocol,True
22179,deployment,True
22180,deployment,True
22181,deployment,True
22182,deployment,False
22183,deployment,True
22184,deployment,False
22185,protocol,True
22186,deployment,False
22187,deployment,False
22188,deployment,False
22189,deployment,False
22190,protocol,True
22191,deployment,False
22192,protocol,True
22193,deployment,True
22194,deployment,False
22195,deployment,False
22196,deployment,False
22197,deployment,False
22198,protocol,True
22199,deployment,False
22200,protocol,True
22201,deployment,False
22202,deployment,True
22203,deployment,False
22204,deployment,True
22205,deployment,False
22206,deployment,True
22207,deployment,False
22208,protocol,True
22209,deployment,False
22210,deployment,False
22211,protocol,True
22212,protocol,True
22213,deployment,True
22214,deployment,False
22215,protocol,True
22216,deployment,False
22217,protocol,True
22218,deployment,True
22219,deployment,True
22220,deployment,True
22221,deployment,False
22222,protocol,True
22223,deployment,False
22224,deployment,False
22225,protocol,True
22226,deployment,False
22227,deployment,True
22228,deployment,False
22229,deployment,True
22230,deployment,False
22231,deployment,True
22232,deployment,True
22233,deployment,True
22234,deployment,True
22235,protocol,True
22236,deployment,True
22237,deployment,True
22238,deployment,False
22239,deployment,False
22240,deployment,True
22241,deployment,True
22242,deployment,True
22243,deployment,True
22244,protocol,True
22245,deployment,False
22246,deployment,True
22247,deployment,True
22248,deployment,True
22249,deployment,True
22250,deployment,True
22251,deployment,True
22252,protocol,True
22253,deployment,True
22254,deployment,True
22255,protocol,False
22256,protocol,False
22257,protocol,False
22258,protocol,False
22259,deployment,True
22260,protocol,False
22261,protocol,False
22262,deployment,True
22263,deployment,True
22264,deployment,True
22265,deployment,True
22266,protocol,False
22267,protocol,False
22268,protocol,False
22269,protocol,False
22270,protocol,False
22271,protocol,False
22272,deployment,True
22273,deployment,True
22274,protocol,False
22275,deployment,True
22276,deployment,True
22277,deployment,True
22278,protocol,False
22279,protocol,False
22280,protocol,False
22281,protocol,False
22282,deployment,True
22283,protocol,False
22284,deployment,True
22285,deployment,True
22286,protocol,False
22287,protocol,False
22288,protocol,False
22289,protocol,False
22290,deployment,True
22291,deployment,True
22292,deployment,True
22293,protocol,False
22294,deployment,True
22295,protocol,False
22296,deployment,True
22297,deployment,True
22298,deployment,True
22299,protocol,False
22300,protocol,False
22301,deployment,True
22302,deployment,True
22303,deployment,True
22304,deployment,True
22305,deployment,True
22306,deployment,True
22307,protocol,False
22308,protocol,False
22309,protocol,False
22310,protocol,False
22311,deployment,True
22312,protocol,False
22313,protocol,False
22314,deployment,True
22315,deployment,True
22316,deployment,True
22317,protocol,False
22318,protocol,False
22319,deployment,True
22320,protocol,False
22321,protocol,False
22322,deployment,True
22323,deployment,True
22324,deployment,True
22325,protocol,False
22326,deployment,True
22327,deployment,True
22328,deployment,True
22329,deployment,True
22330,deployment,True
22331,deployment,True
22332,deployment,True
22333,protocol,False
22334,deployment,False
22335,deployment,False
22336,deployment,False
22337,deployment,True
22338,deployment,False
22339,deployment,False
22340,deployment,False
22341,deployment,True
22342,deployment,True
22343,protocol,True
22344,deployment,False
22345,deployment,False
22346,deployment,False
22347,deployment,False
22348,deployment,False
22349,deployment,False
22350,deployment,False
22351,deployment,False
22352,deployment,False
22353,deployment,False
22354,deployment,False
22355,deployment,False
22356,deployment,True
22357,deployment,True
22358,protocol,True
22359,protocol,True
22360,deployment,True
22361,protocol,True
22362,deployment,True
22363,deployment,False
22364,deployment,True
22365,deployment,True
22366,deployment,True
22367,deployment,True
22368,deployment,True
22369,protocol,True
22370,deployment,True
22371,deployment,True
22372,protocol,True
22373,protocol,True
22374,deployment,True
22375,deployment,True
22376,deployment,True
22377,deployment,True
22378,deployment,True
22379,deployment,True
22380,deployment,True
22381,deployment,True
22382,deployment,True
22383,deployment,False
22384,deployment,False
22385,deployment,True
22386,protocol,True
22387,deployment,True
22388,deployment,False
22389,deployment,False
22390,deployment,False
22391,deployment,True
22392,deployment,False
22393,deployment,True
22394,deployment,True
22395,deployment,False
22396,deployment,False
22397,deployment,False
22398,deployment,False
22399,deployment,False
22400,deployment,False
22401,deployment,False
22402,deployment,False
22403,deployment,False
22404,protocol,False
22405,protocol,False
22406,protocol,False
22407,protocol,False
22408,deployment,False
22409,deployment,True
22410,deployment,False
22411,deployment,False
22412,deployment,False
22413,deployment,False
22414,deployment,False
22415,deployment,False
22416,deployment,False
22417,deployment,False
22418,deployment,False
22419,deployment,False
22420,deployment,False
22421,deployment,False
22422,deployment,False
22423,deployment,False
22424,deployment,False
22425,deployment,False
22426,deployment,False
22427,deployment,False
22428,deployment,False
22429,deployment,False
22430,deployment,False
22431,deployment,False
22432,deployment,False
22433,deployment,False
22434,deployment,False
22435,deployment,False
22436,deployment,False
22437,deployment,False
22438,deployment,False
22439,deployment,False
22440,deployment,False
22441,deployment,False
22442,deployment,False
22443,deployment,False
22444,deployment,False
22445,deployment,False
22446,deployment,False
22447,deployment,False
22448,deployment,False
22449,deployment,False
22450,deployment,False
22451,deployment,False
22452,deployment,False
22453,deployment,False
22454,deployment,False
22455,deployment,False
22456,deployment,False
22457,deployment,False
22458,deployment,False
22459,deployment,False
22460,deployment,False
22461,deployment,False
22462,deployment,False
22463,deployment,False
22464,deployment,False
22465,deployment,False
22466,deployment,False
22467,deployment,False
22468,deployment,False
22469,deployment,False
22470,deployment,False
22471,deployment,False
22472,deployment,False
22473,deployment,False
22474,deployment,False
22475,deployment,False
22476,deployment,False
22477,deployment,False
22478,deployment,False
22479,deployment,False
22480,deployment,False
22481,deployment,False
22482,deployment,False
22483,deployment,False
22484,deployment,False
22485,deployment,False
22486,deployment,False
22487,protocol,False
22488,protocol,False
22489,deployment,False
22490,deployment,True
22491,deployment,False
22492,deployment,True
22493,deployment,True
22494,deployment,True
22495,deployment,True
22496,deployment,True
22497,deployment,True
22498,protocol,True
22499,deployment,True
22500,protocol,True
22501,deployment,False
22502,protocol,False
22503,protocol,False
22504,deployment,True
22505,deployment,True
22506,deployment,False
22507,deployment,True
22508,protocol,True
22509,protocol,True
22510,deployment,True
22511,deployment,True
22512,protocol,False
22513,protocol,False
22514,deployment,False
22515,deployment,False
22516,deployment,False
22517,protocol,False
22518,protocol,False
22519,protocol,False
22520,protocol,False
22521,deployment,True
22522,deployment,False
22523,deployment,True
22524,deployment,True
22525,protocol,False
22526,protocol,False
22527,protocol,False
22528,deployment,True
22529,deployment,False
22530,deployment,True
22531,deployment,True
22532,protocol,True
22533,deployment,False
22534,protocol,True
22535,deployment,True
22536,deployment,True
22537,protocol,False
22538,protocol,False
22539,protocol,False
22540,protocol,False
22541,protocol,True
22542,deployment,False
22543,deployment,True
22544,protocol,True
22545,protocol,True
22546,deployment,True
22547,deployment,True
22548,deployment,True
22549,protocol,True
22550,protocol,True
22551,deployment,True
22552,deployment,True
22553,deployment,True
22554,deployment,True
22555,deployment,False
22556,protocol,False
22557,deployment,False
22558,deployment,False
22559,protocol,True
22560,deployment,True
22561,deployment,True
22562,deployment,False
22563,deployment,False
22564,deployment,False
22565,deployment,True
22566,protocol,True
22567,deployment,True
22568,deployment,False
22569,protocol,False
22570,deployment,False
22571,protocol,True
22572,deployment,False
22573,deployment,False
22574,deployment,False
22575,deployment,True
22576,protocol,True
22577,deployment,True
22578,protocol,True
22579,protocol,True
22580,deployment,True
22581,deployment,True
22582,protocol,True
22583,deployment,True
22584,deployment,True
22585,deployment,False
22586,deployment,True
22587,deployment,True
22588,deployment,True
22589,deployment,True
22590,deployment,True
22591,deployment,True
22592,deployment,True
22593,deployment,True
22594,deployment,False
22595,deployment,False
22596,protocol,False
22597,deployment,False
22598,deployment,True
22599,deployment,True
22600,deployment,True
22601,deployment,True
22602,deployment,True
22603,deployment,True
22604,deployment,True
22605,deployment,True
22606,deployment,True
22607,deployment,True
22608,protocol,True
22609,deployment,False
22610,deployment,True
22611,deployment,False
22612,deployment,True
22613,deployment,True
22614,deployment,False
22615,deployment,False
22616,deployment,False
22617,deployment,False
22618,deployment,True
22619,deployment,True
22620,protocol,True
22621,deployment,True
22622,deployment,False
22623,deployment,False
22624,deployment,True
22625,deployment,True
22626,deployment,True
22627,deployment,True
22628,deployment,False
22629,deployment,False
22630,protocol,False
22631,deployment,False
22632,deployment,False
22633,deployment,False
22634,deployment,False
22635,deployment,False
22636,deployment,False
22637,deployment,False
22638,deployment,False
22639,deployment,False
22640,deployment,False
22641,deployment,False
22642,deployment,False
22643,deployment,False
22644,deployment,False
22645,deployment,False
22646,deployment,False
22647,deployment,False
22648,deployment,False
22649,deployment,False
22650,deployment,False
22651,deployment,False
22652,deployment,False
22653,deployment,False
22654,deployment,False
22655,deployment,False
22656,deployment,False
22657,deployment,False
22658,deployment,False
22659,deployment,False
22660,deployment,False
22661,deployment,False
22662,deployment,False
22663,deployment,False
22664,deployment,False
22665,deployment,False
22666,deployment,False
22667,deployment,False
22668,deployment,False
22669,protocol,False
22670,deployment,False
22671,deployment,False
22672,deployment,False
22673,deployment,False
22674,deployment,False
22675,deployment,False
22676,deployment,False
22677,deployment,False
22678,deployment,False
22679,deployment,False
22680,deployment,False
22681,deployment,False
22682,protocol,False
22683,deployment,False
22684,deployment,False
22685,deployment,False
22686,deployment,False
22687,deployment,False
22688,deployment,False
22689,deployment,False
22690,deployment,False
22691,deployment,False
22692,deployment,False
22693,deployment,False
22694,deployment,False
22695,deployment,False
22696,deployment,False
22697,deployment,False
22698,deployment,False
22699,deployment,False
22700,deployment,False
22701,deployment,False
22702,deployment,False
22703,deployment,False
22704,deployment,False
22705,deployment,False
22706,deployment,False
22707,deployment,False
22708,deployment,False
22709,deployment,False
22710,deployment,False
22711,deployment,False
22712,protocol,False
22713,deployment,False
22714,deployment,False
22715,deployment,False
22716,deployment,False
22717,deployment,False
22718,protocol,False
22719,protocol,False
22720,deployment,False
22721,deployment,False
22722,protocol,False
22723,deployment,False
22724,protocol,False
22725,deployment,False
22726,deployment,False
22727,protocol,False
22728,deployment,False
22729,deployment,False
22730,deployment,False
22731,deployment,False
22732,deployment,False
22733,deployment,False
22734,deployment,False
22735,deployment,False
22736,deployment,False
22737,deployment,False
22738,deployment,False
22739,deployment,False
22740,deployment,False
22741,protocol,False
22742,deployment,False
22743,protocol,False
22744,deployment,False
22745,deployment,False
22746,deployment,False
22747,deployment,False
22748,deployment,False
22749,deployment,False
22750,deployment,False
22751,deployment,False
22752,deployment,False
22753,protocol,False
22754,protocol,False
22755,protocol,False
22756,protocol,False
22757,protocol,False
22758,protocol,False
22759,protocol,False
22760,protocol,False
22761,protocol,False
22762,protocol,False
22763,protocol,False
22764,protocol,False
22765,deployment,False
22766,deployment,False
22767,deployment,False
22768,protocol,False
22769,deployment,False
22770,deployment,False
22771,deployment,False
22772,deployment,False
22773,deployment,False
22774,protocol,False
22775,deployment,False
22776,deployment,False
22777,deployment,False
22778,deployment,False
22779,deployment,False
22780,protocol,False
22781,protocol,False
22782,deployment,False
22783,deployment,False
22784,deployment,False
22785,deployment,False
22786,deployment,False
22787,deployment,False
22788,deployment,False
22789,deployment,False
22790,deployment,False
22791,deployment,False
22792,deployment,False
22793,deployment,False
22794,protocol,False
22795,deployment,False
22796,deployment,False
22797,protocol,False
22798,protocol,False
22799,deployment,False
22800,deployment,False
22801,deployment,False
22802,deployment,False
22803,deployment,False
22804,deployment,False
22805,protocol,False
22806,protocol,False
22807,protocol,False
22808,deployment,False
22809,protocol,False
22810,protocol,False
22811,protocol,False
22812,deployment,False
22813,deployment,False
22814,principle,False
22815,principle,False
22816,principle,False
22817,principle,False
22818,principle,False
22819,deployment,False
22820,protocol,False
22821,principle,False
22822,principle,False
22823,deployment,False
22824,principle,False
22825,deployment,False
22826,protocol,False
22827,principle,False
22828,deployment,False
22829,deployment,False
22830,principle,False
22831,principle,False
22832,principle,False
22833,deployment,False
22834,deployment,False
22835,deployment,False
22836,deployment,False
22837,protocol,False
22838,deployment,False
22839,principle,False
22840,deployment,False
22841,deployment,False
22842,protocol,False
22843,protocol,False
22844,deployment,False
22845,deployment,False
22846,deployment,False
22847,principle,False
22848,protocol,False
22849,deployment,False
22850,deployment,False
22851,protocol,False
22852,protocol,False
22853,protocol,False
22854,deployment,False
22855,protocol,False
22856,deployment,False
22857,deployment,False
22858,deployment,True
22859,deployment,True
22860,deployment,False
22861,deployment,True
22862,deployment,True
22863,deployment,False
22864,deployment,False
22865,deployment,True
22866,deployment,True
22867,deployment,False
22868,deployment,False
22869,deployment,True
22870,deployment,True
22871,deployment,True
22872,deployment,False
22873,deployment,True
22874,deployment,True
22875,deployment,True
22876,deployment,True
22877,deployment,True
22878,deployment,True
22879,deployment,True
22880,deployment,True
22881,deployment,True
22882,deployment,True
22883,deployment,True
22884,deployment,True
22885,deployment,True
22886,deployment,True
22887,deployment,True
22888,deployment,True
22889,deployment,True
22890,deployment,True
22891,deployment,True
22892,deployment,False
22893,deployment,True
22894,deployment,True
22895,deployment,True
22896,deployment,True
22897,deployment,True
22898,deployment,True
22899,deployment,True
22900,deployment,True
22901,deployment,True
22902,deployment,True
22903,deployment,True
22904,deployment,True
22905,deployment,True
22906,deployment,True
22907,deployment,True
22908,deployment,True
22909,deployment,True
22910,deployment,True
22911,deployment,True
22912,deployment,True
22913,deployment,True
22914,deployment,True
22915,deployment,True
22916,deployment,False
22917,deployment,True
22918,deployment,True
22919,protocol,True
22920,deployment,False
22921,deployment,True
22922,deployment,True
22923,deployment,True
22924,deployment,True
22925,deployment,False
22926,deployment,False
22927,deployment,False
22928,deployment,False
22929,protocol,True
22930,protocol,True
22931,protocol,True
22932,protocol,True
22933,deployment,True
22934,deployment,True
22935,deployment,True
22936,deployment,True
22937,deployment,True
22938,protocol,True
22939,deployment,True
22940,deployment,False
22941,deployment,True
22942,deployment,False
22943,deployment,False
22944,deployment,False
22945,deployment,True
22946,protocol,True
22947,protocol,False
22948,protocol,True
22949,deployment,True
22950,deployment,True
22951,protocol,True
22952,deployment,True
22953,deployment,True
22954,protocol,True
22955,deployment,True
22956,protocol,True
22957,protocol,False
22958,deployment,True
22959,deployment,True
22960,deployment,True
22961,deployment,True
22962,protocol,False
22963,deployment,False
22964,deployment,False
22965,protocol,True
22966,protocol,True
22967,protocol,True
22968,protocol,True
22969,protocol,True
22970,protocol,True
22971,protocol,True
22972,protocol,True
22973,protocol,False
22974,protocol,False
22975,protocol,True
22976,protocol,True
22977,protocol,True
22978,protocol,True
22979,protocol,True
22980,protocol,True
22981,protocol,True
22982,deployment,True
22983,protocol,True
22984,deployment,True
22985,deployment,True
22986,deployment,True
22987,deployment,True
22988,deployment,True
22989,deployment,True
22990,deployment,True
22991,deployment,True
22992,deployment,True
22993,deployment,True
22994,deployment,True
22995,deployment,True
22996,deployment,True
22997,deployment,True
22998,deployment,True
22999,deployment,True
23000,deployment,True
23001,deployment,True
23002,deployment,True
23003,deployment,True
23004,deployment,True
23005,deployment,True
23006,deployment,True
23007,deployment,True
23008,deployment,True
23009,deployment,True
23010,deployment,True
23011,deployment,True
23012,deployment,True
23013,deployment,True
23014,deployment,True
23015,deployment,True
23016,deployment,True
23017,deployment,True
23018,deployment,True
23019,deployment,True
23020,deployment,True
23021,deployment,True
23022,deployment,False
23023,deployment,True
23024,deployment,True
23025,deployment,True
23026,deployment,True
23027,deployment,True
23028,deployment,True
23029,deployment,True
23030,deployment,True
23031,deployment,True
23032,deployment,True
23033,deployment,False
23034,protocol,False
23035,deployment,True
23036,deployment,True
23037,protocol,True
23038,deployment,True
23039,deployment,True
23040,deployment,True
23041,protocol,True
23042,deployment,True
23043,deployment,True
23044,deployment,True
23045,deployment,True
23046,deployment,True
23047,deployment,True
23048,deployment,True
23049,protocol,True
23050,protocol,True
23051,protocol,True
23052,protocol,True
23053,protocol,True
23054,deployment,True
23055,deployment,True
23056,deployment,True
23057,deployment,True
23058,deployment,True
23059,deployment,True
23060,deployment,True
23061,protocol,True
23062,protocol,True
23063,deployment,True
23064,deployment,True
23065,deployment,True
23066,deployment,True
23067,deployment,True
23068,protocol,True
23069,protocol,True
23070,protocol,True
23071,deployment,True
23072,deployment,True
23073,deployment,True
23074,deployment,True
23075,protocol,True
23076,deployment,True
23077,deployment,True
23078,deployment,True
23079,deployment,True
23080,protocol,True
23081,deployment,True
23082,protocol,True
23083,deployment,True
23084,deployment,True
23085,deployment,True
23086,protocol,True
23087,protocol,True
23088,protocol,True
23089,protocol,True
23090,protocol,True
23091,protocol,True
23092,protocol,True
23093,deployment,True
23094,deployment,True
23095,deployment,True
23096,deployment,True
23097,deployment,True
23098,deployment,True
23099,deployment,True
23100,deployment,True
23101,deployment,True
23102,deployment,True
23103,deployment,True
23104,deployment,True
23105,deployment,True
23106,deployment,True
23107,deployment,True
23108,deployment,True
23109,deployment,True
23110,deployment,True
23111,deployment,False
23112,deployment,True
23113,deployment,True
23114,deployment,True
23115,deployment,False
23116,protocol,True
23117,protocol,True
23118,deployment,False
23119,deployment,False
23120,deployment,False
23121,deployment,False
23122,protocol,True
23123,protocol,True
23124,deployment,True
23125,protocol,True
23126,protocol,True
23127,protocol,True
23128,protocol,True
23129,protocol,True
23130,protocol,True
23131,protocol,True
23132,protocol,True
23133,deployment,True
23134,deployment,True
23135,protocol,True
23136,protocol,True
23137,protocol,True
23138,protocol,True
23139,protocol,False
23140,protocol,False
23141,deployment,False
23142,deployment,False
23143,protocol,False
23144,protocol,False
23145,protocol,False
23146,protocol,False
23147,deployment,False
23148,deployment,False
23149,deployment,False
23150,deployment,False
23151,deployment,False
23152,protocol,False
23153,protocol,False
23154,deployment,False
23155,deployment,False
23156,deployment,False
23157,deployment,True
23158,protocol,True
23159,protocol,True
23160,deployment,False
23161,protocol,False
23162,protocol,False
23163,protocol,False
23164,protocol,False
23165,protocol,False
23166,protocol,False
23167,protocol,False
23168,protocol,False
23169,protocol,False
23170,protocol,False
23171,protocol,False
23172,protocol,False
23173,protocol,False
23174,protocol,False
23175,deployment,False
23176,protocol,False
23177,deployment,True
23178,deployment,True
23179,protocol,True
23180,deployment,True
23181,deployment,True
23182,protocol,False
23183,deployment,False
23184,protocol,False
23185,deployment,True
23186,deployment,False
23187,deployment,True
23188,deployment,True
23189,deployment,True
23190,deployment,True
23191,protocol,False
23192,deployment,True
23193,deployment,True
23194,deployment,True
23195,deployment,True
23196,deployment,True
23197,deployment,True
23198,deployment,True
23199,deployment,True
23200,deployment,True
23201,deployment,True
23202,deployment,True
23203,deployment,True
23204,deployment,True
23205,deployment,True
23206,deployment,True
23207,deployment,False
23208,protocol,False
23209,deployment,False
23210,deployment,True
23211,deployment,True
23212,deployment,True
23213,deployment,True
23214,deployment,True
23215,deployment,True
23216,deployment,True
23217,deployment,True
23218,deployment,True
23219,protocol,False
23220,deployment,False
23221,protocol,False
23222,deployment,False
23223,deployment,False
23224,deployment,False
23225,deployment,False
23226,protocol,False
23227,deployment,False
23228,protocol,False
23229,protocol,False
23230,protocol,False
23231,deployment,True
23232,deployment,False
23233,protocol,False
23234,deployment,False
23235,protocol,False
23236,deployment,False
23237,deployment,True
23238,deployment,False
23239,protocol,False
23240,deployment,True
23241,deployment,True
23242,deployment,True
23243,deployment,True
23244,deployment,True
23245,deployment,True
23246,protocol,False
23247,deployment,False
23248,deployment,True
23249,deployment,False
23250,deployment,False
23251,protocol,False
23252,deployment,True
23253,deployment,True
23254,deployment,True
23255,deployment,True
23256,protocol,False
23257,protocol,False
23258,protocol,False
23259,protocol,False
23260,protocol,False
23261,deployment,False
23262,deployment,False
23263,deployment,False
23264,protocol,False
23265,protocol,False
23266,protocol,False
23267,protocol,False
23268,protocol,True
23269,protocol,True
23270,deployment,True
23271,protocol,True
23272,protocol,True
23273,protocol,True
23274,protocol,True
23275,protocol,True
23276,deployment,True
23277,deployment,True
23278,deployment,True
23279,protocol,False
23280,protocol,False
23281,deployment,True
23282,deployment,True
23283,deployment,True
23284,protocol,False
23285,deployment,False
23286,deployment,False
23287,protocol,False
23288,protocol,False
23289,protocol,False
23290,protocol,False
23291,protocol,False
23292,deployment,False
23293,deployment,False
23294,deployment,False
23295,protocol,False
23296,deployment,False
23297,deployment,False
23298,deployment,False
23299,deployment,False
23300,protocol,False
23301,protocol,False
23302,protocol,False
23303,protocol,False
23304,protocol,False
23305,protocol,False
23306,protocol,False
23307,protocol,False
23308,deployment,False
23309,protocol,False
23310,deployment,False
23311,protocol,False
23312,deployment,False
23313,protocol,False
23314,deployment,False
23315,deployment,False
23316,protocol,False
23317,protocol,False
23318,protocol,False
23319,protocol,False
23320,protocol,False
23321,protocol,False
23322,deployment,False
23323,deployment,False
23324,deployment,False
23325,deployment,False
23326,deployment,False
23327,protocol,False
23328,deployment,False
23329,deployment,False
23330,deployment,False
23331,deployment,False
23332,deployment,False
23333,deployment,False
23334,deployment,False
23335,protocol,False
23336,protocol,False
23337,deployment,False
23338,protocol,False
23339,protocol,False
23340,deployment,False
23341,deployment,False
23342,deployment,False
23343,deployment,False
23344,protocol,False
23345,deployment,False
23346,protocol,False
23347,deployment,False
23348,deployment,False
23349,deployment,False
23350,protocol,False
23351,protocol,False
23352,deployment,False
23353,deployment,False
23354,deployment,False
23355,principle,True
23356,principle,True
23357,deployment,False
23358,deployment,False
23359,deployment,False
23360,deployment,True
23361,protocol,True
23362,protocol,True
23363,protocol,False
23364,protocol,False
23365,protocol,False
23366,protocol,False
23367,deployment,True
23368,deployment,True
23369,deployment,True
23370,deployment,True
23371,deployment,True
23372,deployment,True
23373,deployment,True
23374,deployment,True
23375,deployment,True
23376,deployment,True
23377,deployment,True
23378,deployment,True
23379,deployment,True
23380,deployment,True
23381,deployment,True
23382,deployment,True
23383,deployment,True
23384,deployment,True
23385,deployment,True
23386,deployment,True
23387,deployment,True
23388,deployment,True
23389,deployment,True
23390,deployment,True
23391,deployment,True
23392,deployment,True
23393,deployment,True
23394,deployment,True
23395,protocol,True
23396,protocol,True
23397,protocol,True
23398,protocol,True
23399,protocol,True
23400,protocol,True
23401,deployment,True
23402,deployment,True
23403,deployment,True
23404,deployment,True
23405,deployment,True
23406,deployment,True
23407,deployment,True
23408,deployment,True
23409,deployment,True
23410,deployment,True
23411,deployment,True
23412,deployment,True
23413,deployment,True
23414,deployment,True
23415,deployment,True
23416,deployment,True
23417,deployment,True
23418,deployment,True
23419,deployment,True
23420,deployment,True
23421,deployment,True
23422,deployment,False
23423,deployment,False
23424,deployment,False
23425,deployment,False
23426,deployment,False
23427,deployment,False
23428,deployment,False
23429,deployment,False
23430,deployment,False
23431,deployment,False
23432,deployment,False
23433,deployment,False
23434,deployment,False
23435,deployment,False
23436,deployment,False
23437,deployment,False
23438,deployment,False
23439,deployment,False
23440,protocol,False
23441,protocol,False
23442,deployment,False
23443,deployment,False
23444,deployment,False
23445,deployment,False
23446,protocol,False
23447,protocol,False
23448,deployment,False
23449,deployment,False
23450,protocol,False
23451,protocol,False
23452,protocol,False
23453,protocol,False
23454,protocol,False
23455,protocol,False
23456,protocol,False
23457,protocol,False
23458,protocol,False
23459,protocol,False
23460,protocol,False
23461,protocol,False
23462,protocol,False
23463,deployment,False
23464,deployment,False
23465,deployment,False
23466,deployment,False
23467,deployment,False
23468,protocol,False
23469,deployment,False
23470,deployment,False
23471,protocol,False
23472,deployment,False
23473,deployment,False
23474,deployment,False
23475,deployment,False
23476,deployment,False
23477,deployment,False
23478,protocol,False
23479,protocol,False
23480,protocol,False
23481,protocol,False
23482,deployment,False
23483,protocol,False
23484,deployment,False
23485,protocol,False
23486,deployment,False
23487,protocol,False
23488,deployment,False
23489,protocol,False
23490,deployment,False
23491,protocol,False
23492,deployment,False
23493,deployment,False
23494,deployment,False
23495,deployment,False
23496,protocol,False
23497,deployment,False
23498,deployment,False
23499,protocol,False
23500,deployment,False
23501,deployment,False
23502,deployment,False
23503,protocol,False
23504,deployment,False
23505,deployment,False
23506,deployment,False
23507,protocol,False
23508,deployment,False
23509,protocol,False
23510,deployment,False
23511,protocol,False
23512,protocol,False
23513,deployment,False
23514,deployment,False
23515,deployment,False
23516,protocol,False
23517,deployment,False
23518,deployment,False
23519,deployment,False
23520,deployment,False
23521,deployment,False
23522,deployment,False
23523,deployment,False
23524,deployment,False
23525,protocol,False
23526,deployment,False
23527,deployment,False
23528,deployment,False
23529,deployment,False
23530,protocol,False
23531,protocol,False
23532,protocol,False
23533,protocol,False
23534,protocol,False
23535,protocol,False
23536,protocol,True
23537,protocol,True
23538,protocol,True
23539,protocol,True
23540,protocol,True
23541,deployment,True
23542,protocol,True
23543,deployment,False
23544,deployment,False
23545,deployment,True
23546,deployment,False
23547,deployment,True
23548,deployment,True
23549,deployment,True
23550,deployment,True
23551,deployment,True
23552,protocol,True
23553,protocol,True
23554,deployment,True
23555,deployment,False
23556,deployment,False
23557,deployment,False
23558,deployment,False
23559,deployment,False
23560,deployment,False
23561,deployment,False
23562,protocol,True
23563,deployment,True
23564,deployment,True
23565,deployment,True
23566,protocol,True
23567,protocol,True
23568,deployment,True
23569,protocol,True
23570,protocol,True
23571,deployment,True
23572,deployment,True
23573,deployment,False
23574,deployment,False
23575,protocol,False
23576,deployment,False
23577,deployment,False
23578,deployment,True
23579,deployment,True
23580,protocol,True
23581,protocol,True
23582,protocol,True
23583,deployment,True
23584,deployment,True
23585,deployment,True
23586,deployment,True
23587,deployment,False
23588,deployment,False
23589,deployment,True
23590,deployment,True
23591,deployment,True
23592,protocol,True
23593,deployment,True
23594,deployment,True
23595,deployment,True
23596,deployment,True
23597,protocol,True
23598,deployment,True
23599,deployment,True
23600,deployment,True
23601,protocol,True
23602,protocol,True
23603,protocol,True
23604,deployment,True
23605,deployment,True
23606,deployment,True
23607,deployment,True
23608,deployment,True
23609,deployment,True
23610,deployment,True
23611,protocol,True
23612,deployment,True
23613,deployment,True
23614,deployment,True
23615,deployment,False
23616,deployment,False
23617,protocol,False
23618,deployment,False
23619,deployment,False
23620,protocol,False
23621,protocol,True
23622,protocol,True
23623,deployment,False
23624,deployment,False
23625,protocol,False
23626,protocol,False
23627,deployment,True
23628,deployment,True
23629,deployment,True
23630,deployment,True
23631,deployment,True
23632,protocol,True
23633,deployment,False
23634,protocol,False
23635,deployment,True
23636,deployment,True
23637,deployment,True
23638,protocol,True
23639,protocol,True
23640,deployment,True
23641,deployment,True
23642,protocol,True
23643,protocol,True
23644,deployment,True
23645,deployment,False
23646,deployment,False
23647,deployment,False
23648,deployment,False
23649,deployment,True
23650,deployment,False
23651,deployment,False
23652,protocol,False
23653,deployment,False
23654,protocol,False
23655,deployment,False
23656,deployment,False
23657,deployment,False
23658,protocol,False
23659,deployment,False
23660,deployment,False
23661,deployment,False
23662,protocol,False
23663,deployment,False
23664,deployment,True
23665,deployment,True
23666,protocol,True
23667,protocol,True
23668,deployment,True
23669,deployment,True
23670,protocol,True
23671,protocol,True
23672,protocol,True
23673,deployment,False
23674,protocol,False
23675,deployment,True
23676,deployment,True
23677,deployment,True
23678,deployment,True
23679,deployment,True
23680,protocol,True
23681,protocol,True
23682,protocol,True
23683,protocol,True
23684,protocol,True
23685,deployment,True
23686,deployment,True
23687,deployment,True
23688,protocol,True
23689,protocol,True
23690,deployment,False
23691,deployment,False
23692,deployment,False
23693,deployment,False
23694,deployment,True
23695,deployment,True
23696,deployment,True
23697,deployment,True
23698,deployment,True
23699,deployment,True
23700,deployment,True
23701,deployment,True
23702,deployment,True
23703,deployment,True
23704,deployment,True
23705,deployment,True
23706,deployment,True
23707,deployment,True
23708,deployment,True
23709,deployment,True
23710,deployment,True
23711,deployment,True
23712,deployment,False
23713,deployment,False
23714,deployment,True
23715,deployment,True
23716,deployment,True
23717,deployment,False
23718,deployment,False
23719,deployment,True
23720,deployment,True
23721,deployment,True
23722,deployment,True
23723,deployment,True
23724,deployment,True
23725,deployment,True
23726,deployment,True
23727,deployment,True
23728,deployment,True
23729,deployment,True
23730,deployment,True
23731,deployment,True
23732,deployment,True
23733,deployment,True
23734,deployment,True
23735,deployment,True
23736,deployment,True
23737,deployment,True
23738,deployment,True
23739,deployment,True
23740,deployment,True
23741,deployment,False
23742,deployment,True
23743,deployment,True
23744,deployment,True
23745,deployment,True
23746,deployment,True
23747,deployment,True
23748,deployment,True
23749,deployment,True
23750,deployment,True
23751,deployment,True
23752,deployment,True
23753,deployment,True
23754,deployment,True
23755,deployment,True
23756,deployment,True
23757,deployment,True
23758,deployment,True
23759,deployment,True
23760,deployment,True
23761,deployment,True
23762,deployment,True
23763,deployment,True
23764,deployment,False
23765,deployment,False
23766,deployment,True
23767,deployment,True
23768,deployment,True
23769,deployment,True
23770,deployment,True
23771,deployment,True
23772,deployment,False
23773,deployment,False
23774,deployment,False
23775,deployment,False
23776,deployment,False
23777,deployment,False
23778,protocol,False
23779,protocol,False
23780,deployment,False
23781,deployment,False
23782,protocol,False
23783,protocol,False
23784,deployment,False
23785,protocol,False
23786,deployment,False
23787,deployment,False
23788,deployment,False
23789,deployment,False
23790,protocol,False
23791,protocol,False
23792,protocol,False
23793,deployment,True
23794,protocol,False
23795,protocol,False
23796,protocol,False
23797,protocol,False
23798,deployment,True
23799,deployment,True
23800,deployment,True
23801,deployment,True
23802,deployment,True
23803,deployment,True
23804,deployment,True
23805,deployment,True
23806,protocol,True
23807,deployment,True
23808,deployment,True
23809,deployment,True
23810,deployment,True
23811,protocol,True
23812,protocol,True
23813,deployment,True
23814,protocol,True
23815,protocol,True
23816,deployment,True
23817,protocol,True
23818,protocol,True
23819,deployment,True
23820,protocol,True
23821,protocol,True
23822,deployment,True
23823,deployment,True
23824,deployment,True
23825,deployment,True
23826,protocol,True
23827,protocol,True
23828,deployment,True
23829,deployment,True
23830,deployment,True
23831,deployment,True
23832,deployment,True
23833,protocol,True
23834,protocol,True
23835,deployment,True
23836,protocol,True
23837,protocol,True
23838,deployment,True
23839,deployment,True
23840,deployment,True
23841,protocol,True
23842,protocol,True
23843,deployment,True
23844,deployment,True
23845,deployment,True
23846,deployment,True
23847,deployment,True
23848,deployment,True
23849,protocol,True
23850,protocol,True
23851,deployment,False
23852,deployment,False
23853,deployment,False
23854,deployment,False
23855,protocol,False
23856,protocol,False
23857,deployment,False
23858,protocol,False
23859,protocol,False
23860,deployment,False
23861,deployment,False
23862,protocol,False
23863,protocol,False
23864,deployment,True
23865,protocol,True
23866,deployment,True
23867,deployment,True
23868,deployment,True
23869,deployment,True
23870,deployment,True
23871,deployment,True
23872,protocol,True
23873,protocol,True
23874,protocol,True
23875,protocol,True
23876,protocol,True
23877,protocol,True
23878,deployment,True
23879,deployment,True
23880,protocol,True
23881,protocol,True
23882,protocol,True
23883,protocol,True
23884,deployment,True
23885,deployment,True
23886,protocol,True
23887,protocol,True
23888,protocol,True
23889,protocol,True
23890,protocol,True
23891,deployment,True
23892,deployment,True
23893,protocol,True
23894,protocol,True
23895,protocol,True
23896,deployment,True
23897,deployment,True
23898,deployment,True
23899,protocol,True
23900,protocol,True
23901,protocol,True
23902,protocol,False
23903,protocol,False
23904,protocol,False
23905,protocol,True
23906,protocol,True
23907,protocol,True
23908,protocol,True
23909,deployment,False
23910,deployment,False
23911,protocol,True
23912,protocol,True
23913,protocol,False
23914,deployment,True
23915,protocol,True
23916,protocol,True
23917,deployment,True
23918,deployment,True
23919,protocol,True
23920,protocol,True
23921,deployment,True
23922,deployment,True
23923,deployment,True
23924,deployment,True
23925,deployment,True
23926,deployment,True
23927,deployment,True
23928,protocol,True
23929,deployment,True
23930,protocol,True
23931,deployment,True
23932,deployment,True
23933,deployment,True
23934,deployment,True
23935,deployment,True
23936,deployment,True
23937,deployment,True
23938,protocol,True
23939,deployment,False
23940,deployment,False
23941,deployment,False
23942,deployment,False
23943,deployment,False
23944,deployment,False
23945,deployment,False
23946,deployment,False
23947,deployment,False
23948,deployment,False
23949,deployment,False
23950,deployment,False
23951,deployment,False
23952,deployment,False
23953,deployment,False
23954,deployment,False
23955,deployment,False
23956,deployment,False
23957,deployment,False
23958,deployment,False
23959,deployment,False
23960,deployment,False
23961,deployment,False
23962,deployment,False
23963,deployment,False
23964,deployment,False
23965,deployment,False
23966,deployment,False
23967,deployment,False
23968,deployment,False
23969,deployment,False
23970,deployment,False
23971,deployment,False
23972,deployment,False
23973,deployment,False
23974,deployment,False
23975,deployment,False
23976,deployment,False
23977,deployment,False
23978,deployment,False
23979,deployment,False
23980,deployment,False
23981,deployment,False
23982,deployment,False
23983,deployment,False
23984,deployment,False
23985,deployment,False
23986,deployment,False
23987,deployment,False
23988,deployment,False
23989,deployment,False
23990,deployment,False
23991,deployment,False
23992,deployment,False
23993,deployment,False
23994,deployment,False
23995,deployment,False
23996,deployment,False
23997,deployment,False
23998,deployment,False
23999,deployment,False
24000,deployment,False
24001,deployment,False
24002,deployment,False
24003,deployment,False
24004,deployment,False
24005,deployment,False
24006,deployment,False
24007,deployment,False
24008,deployment,False
24009,deployment,False
24010,deployment,False
24011,deployment,False
24012,deployment,False
24013,deployment,False
24014,deployment,False
24015,deployment,False
24016,deployment,False
24017,deployment,False
24018,deployment,False
24019,deployment,False
24020,deployment,False
24021,deployment,False
24022,deployment,False
24023,deployment,False
24024,deployment,False
24025,deployment,False
24026,deployment,True
24027,protocol,True
24028,deployment,True
24029,protocol,True
24030,deployment,True
24031,deployment,True
24032,deployment,True
24033,deployment,True
24034,deployment,True
24035,deployment,True
24036,deployment,True
24037,deployment,True
24038,deployment,True
24039,deployment,True
24040,deployment,True
24041,deployment,True
24042,protocol,True
24043,protocol,True
24044,deployment,True
24045,protocol,True
24046,protocol,True
24047,deployment,False
24048,deployment,True
24049,protocol,True
24050,deployment,True
24051,protocol,True
24052,deployment,False
24053,protocol,True
24054,protocol,True
24055,principle,True
24056,deployment,True
24057,deployment,False
24058,deployment,True
24059,deployment,True
24060,deployment,False
24061,deployment,True
24062,deployment,True
24063,deployment,False
24064,deployment,True
24065,deployment,True
24066,deployment,True
24067,deployment,True
24068,protocol,True
24069,protocol,True
24070,deployment,False
24071,deployment,False
24072,protocol,True
24073,deployment,True
24074,protocol,True
24075,protocol,True
24076,protocol,True
24077,protocol,True
24078,protocol,True
24079,protocol,True
24080,protocol,True
24081,principle,True
24082,protocol,True
24083,protocol,True
24084,deployment,False
24085,deployment,False
24086,deployment,False
24087,protocol,False
24088,principle,True
24089,deployment,True
24090,deployment,False
24091,deployment,False
24092,deployment,False
24093,deployment,False
24094,protocol,False
24095,protocol,True
24096,protocol,True
24097,protocol,True
24098,protocol,True
24099,deployment,False
24100,protocol,False
24101,deployment,True
24102,deployment,False
24103,deployment,False
24104,deployment,True
24105,deployment,True
24106,deployment,True
24107,principle,True
24108,deployment,False
24109,deployment,False
24110,principle,True
24111,deployment,True
24112,deployment,False
24113,deployment,False
24114,deployment,False
24115,deployment,False
24116,deployment,False
24117,deployment,False
24118,protocol,True
24119,deployment,False
24120,principle,True
24121,deployment,True
24122,deployment,True
24123,deployment,True
24124,deployment,True
24125,deployment,False
24126,protocol,True
24127,deployment,True
24128,protocol,True
24129,deployment,True
24130,deployment,True
24131,deployment,True
24132,deployment,True
24133,deployment,True
24134,deployment,False
24135,protocol,True
24136,protocol,False
24137,deployment,False
24138,deployment,False
24139,deployment,False
24140,deployment,True
24141,deployment,True
24142,deployment,False
24143,deployment,False
24144,deployment,False
24145,deployment,False
24146,deployment,True
24147,deployment,True
24148,deployment,True
24149,deployment,True
24150,deployment,True
24151,protocol,True
24152,protocol,True
24153,deployment,False
24154,deployment,True
24155,protocol,True
24156,deployment,True
24157,protocol,True
24158,deployment,True
24159,protocol,True
24160,deployment,True
24161,deployment,False
24162,deployment,False
24163,protocol,False
24164,protocol,False
24165,deployment,True
24166,deployment,True
24167,protocol,True
24168,deployment,True
24169,deployment,True
24170,deployment,False
24171,deployment,True
24172,deployment,True
24173,protocol,True
24174,protocol,True
24175,deployment,True
24176,protocol,True
24177,deployment,True
24178,deployment,True
24179,deployment,True
24180,deployment,True
24181,protocol,True
24182,protocol,True
24183,deployment,True
24184,deployment,True
24185,deployment,True
24186,protocol,True
24187,deployment,True
24188,deployment,True
24189,deployment,True
24190,deployment,True
24191,deployment,True
24192,deployment,False
24193,deployment,False
24194,deployment,False
24195,deployment,False
24196,deployment,False
24197,deployment,False
24198,deployment,False
24199,deployment,False
24200,deployment,False
24201,protocol,False
24202,protocol,False
24203,deployment,False
24204,deployment,False
24205,deployment,False
24206,deployment,False
24207,deployment,False
24208,deployment,False
24209,deployment,False
24210,deployment,False
24211,deployment,False
24212,protocol,False
24213,deployment,False
24214,protocol,False
24215,deployment,False
24216,deployment,False
24217,deployment,False
24218,deployment,False
24219,deployment,False
24220,deployment,False
24221,deployment,False
24222,deployment,False
24223,deployment,False
24224,deployment,False
24225,protocol,False
24226,protocol,False
24227,deployment,False
24228,protocol,False
24229,deployment,False
24230,deployment,False
24231,deployment,False
24232,deployment,False
24233,deployment,False
24234,deployment,False
24235,deployment,False
24236,deployment,False
24237,protocol,False
24238,protocol,False
24239,deployment,False
24240,protocol,False
24241,deployment,False
24242,deployment,False
24243,deployment,False
24244,deployment,False
24245,protocol,False
24246,deployment,False
24247,protocol,False
24248,deployment,False
24249,deployment,False
24250,protocol,False
24251,deployment,False
24252,deployment,False
24253,deployment,False
24254,deployment,False
24255,deployment,False
24256,deployment,False
24257,deployment,False
24258,deployment,False
24259,protocol,False
24260,protocol,False
24261,deployment,False
24262,deployment,False
24263,protocol,False
24264,protocol,False
24265,protocol,False
24266,protocol,False
24267,protocol,False
24268,deployment,False
24269,deployment,False
24270,deployment,False
24271,deployment,True
24272,deployment,True
24273,deployment,False
24274,deployment,False
24275,deployment,True
24276,deployment,True
24277,deployment,True
24278,deployment,True
24279,deployment,True
24280,deployment,True
24281,deployment,True
24282,deployment,True
24283,deployment,True
24284,deployment,True
24285,deployment,True
24286,deployment,True
24287,deployment,True
24288,deployment,True
24289,deployment,True
24290,deployment,False
24291,deployment,True
24292,deployment,False
24293,deployment,True
24294,deployment,True
24295,deployment,True
24296,deployment,True
24297,deployment,True
24298,deployment,True
24299,deployment,True
24300,deployment,True
24301,deployment,False
24302,deployment,False
24303,deployment,True
24304,deployment,True
24305,deployment,True
24306,deployment,True
24307,deployment,False
24308,deployment,False
24309,deployment,False
24310,protocol,True
24311,deployment,True
24312,deployment,True
24313,deployment,True
24314,deployment,True
24315,deployment,True
24316,deployment,True
24317,deployment,True
24318,deployment,True
24319,deployment,True
24320,deployment,True
24321,deployment,True
24322,deployment,True
24323,deployment,False
24324,deployment,False
24325,deployment,True
24326,deployment,True
24327,deployment,True
24328,deployment,True
24329,deployment,True
24330,deployment,True
24331,deployment,True
24332,deployment,True
24333,deployment,True
24334,deployment,True
24335,deployment,True
24336,deployment,True
24337,deployment,True
24338,deployment,True
24339,deployment,True
24340,deployment,True
24341,deployment,True
24342,deployment,True
24343,deployment,True
24344,deployment,True
24345,deployment,True
24346,deployment,True
24347,deployment,True
24348,deployment,True
24349,deployment,True
24350,deployment,True
24351,deployment,True
24352,deployment,True
24353,deployment,True
24354,protocol,True
24355,protocol,True
24356,deployment,True
24357,protocol,True
24358,protocol,True
24359,deployment,True
24360,deployment,True
24361,deployment,True
24362,deployment,True
24363,deployment,True
24364,deployment,True
24365,deployment,True
24366,deployment,True
24367,deployment,False
24368,deployment,False
24369,deployment,True
24370,deployment,True
24371,deployment,True
24372,deployment,True
24373,deployment,True
24374,deployment,True
24375,deployment,True
24376,deployment,True
24377,deployment,True
24378,deployment,True
24379,deployment,True
24380,deployment,True
24381,deployment,True
24382,deployment,True
24383,deployment,True
24384,deployment,True
24385,protocol,True
24386,protocol,True
24387,deployment,True
24388,protocol,True
24389,protocol,True
24390,deployment,True
24391,deployment,True
24392,deployment,True
24393,deployment,True
24394,deployment,True
24395,deployment,True
24396,deployment,True
24397,deployment,True
24398,protocol,True
24399,protocol,True
24400,protocol,True
24401,protocol,True
24402,protocol,True
24403,protocol,True
24404,deployment,True
24405,deployment,True
24406,deployment,True
24407,deployment,True
24408,deployment,True
24409,deployment,True
24410,deployment,True
24411,protocol,True
24412,protocol,True
24413,deployment,True
24414,deployment,True
24415,protocol,False
24416,deployment,False
24417,deployment,True
24418,deployment,True
24419,deployment,True
24420,deployment,False
24421,deployment,False
24422,deployment,False
24423,deployment,False
24424,deployment,False
24425,deployment,True
24426,deployment,True
24427,deployment,True
24428,deployment,True
24429,deployment,True
24430,deployment,True
24431,deployment,False
24432,deployment,False
24433,deployment,False
24434,protocol,False
24435,protocol,False
24436,protocol,False
24437,protocol,False
24438,deployment,False
24439,deployment,False
24440,deployment,False
24441,deployment,False
24442,deployment,False
24443,deployment,False
24444,protocol,False
24445,protocol,False
24446,deployment,False
24447,protocol,False
24448,protocol,False
24449,deployment,False
24450,deployment,False
24451,protocol,False
24452,protocol,False
24453,protocol,False
24454,protocol,False
24455,protocol,False
24456,protocol,False
24457,protocol,False
24458,protocol,False
24459,protocol,False
24460,protocol,False
24461,protocol,False
24462,protocol,False
24463,protocol,False
24464,protocol,False
24465,protocol,False
24466,protocol,False
24467,protocol,False
24468,protocol,False
24469,protocol,False
24470,protocol,False
24471,deployment,False
24472,deployment,False
24473,protocol,False
24474,protocol,False
24475,protocol,False
24476,protocol,False
24477,protocol,False
24478,protocol,False
24479,protocol,False
24480,protocol,False
24481,protocol,False
24482,protocol,False
24483,protocol,False
24484,protocol,False
24485,protocol,False
24486,protocol,False
24487,protocol,False
24488,protocol,False
24489,deployment,False
24490,deployment,False
24491,protocol,False
24492,protocol,False
24493,protocol,False
24494,protocol,False
24495,protocol,False
24496,protocol,False
24497,protocol,False
24498,protocol,False
24499,protocol,False
24500,protocol,False
24501,deployment,False
24502,protocol,False
24503,protocol,True
24504,deployment,False
24505,deployment,False
24506,deployment,False
24507,protocol,True
24508,protocol,True
24509,deployment,False
24510,deployment,False
24511,deployment,True
24512,deployment,False
24513,protocol,True
24514,protocol,True
24515,deployment,False
24516,protocol,False
24517,deployment,False
24518,deployment,False
24519,protocol,True
24520,protocol,True
24521,deployment,False
24522,protocol,True
24523,deployment,False
24524,protocol,True
24525,deployment,False
24526,deployment,False
24527,protocol,True
24528,protocol,True
24529,protocol,True
24530,deployment,False
24531,deployment,False
24532,deployment,False
24533,protocol,True
24534,protocol,True
24535,deployment,False
24536,deployment,False
24537,deployment,False
24538,protocol,True
24539,protocol,True
24540,deployment,False
24541,protocol,True
24542,protocol,True
24543,deployment,False
24544,protocol,True
24545,deployment,False
24546,protocol,True
24547,deployment,False
24548,deployment,False
24549,deployment,True
24550,deployment,False
24551,protocol,True
24552,protocol,True
24553,deployment,False
24554,deployment,False
24555,deployment,True
24556,protocol,True
24557,protocol,True
24558,deployment,False
24559,protocol,True
24560,protocol,True
24561,deployment,False
24562,deployment,True
24563,protocol,True
24564,deployment,False
24565,deployment,False
24566,deployment,False
24567,protocol,True
24568,protocol,True
24569,deployment,False
24570,deployment,True
24571,deployment,False
24572,protocol,True
24573,deployment,False
24574,deployment,False
24575,protocol,True
24576,protocol,True
24577,deployment,False
24578,deployment,False
24579,deployment,True
24580,deployment,False
24581,deployment,False
24582,deployment,False
24583,protocol,True
24584,protocol,True
24585,deployment,False
24586,protocol,True
24587,protocol,True
24588,deployment,False
24589,deployment,False
24590,deployment,True
24591,deployment,True
24592,protocol,True
24593,deployment,True
24594,deployment,False
24595,deployment,True
24596,deployment,True
24597,deployment,True
24598,deployment,True
24599,deployment,True
24600,deployment,True
24601,deployment,True
24602,protocol,True
24603,protocol,True
24604,deployment,True
24605,deployment,True
24606,deployment,True
24607,protocol,True
24608,protocol,True
24609,deployment,False
24610,protocol,False
24611,protocol,False
24612,deployment,False
24613,deployment,False
24614,deployment,False
24615,deployment,False
24616,deployment,False
24617,deployment,False
24618,deployment,False
24619,deployment,False
24620,deployment,False
24621,deployment,False
24622,deployment,False
24623,deployment,False
24624,protocol,False
24625,protocol,False
24626,protocol,False
24627,protocol,False
24628,protocol,False
24629,protocol,False
24630,protocol,False
24631,protocol,False
24632,protocol,False
24633,protocol,False
24634,protocol,False
24635,protocol,False
24636,deployment,False
24637,deployment,False
24638,deployment,False
24639,deployment,False
24640,deployment,False
24641,deployment,False
24642,deployment,False
24643,deployment,False
24644,deployment,False
24645,deployment,False
24646,deployment,False
24647,deployment,False
24648,deployment,False
24649,deployment,False
24650,deployment,False
24651,deployment,False
24652,deployment,False
24653,deployment,False
24654,deployment,False
24655,deployment,False
24656,deployment,False
24657,deployment,False
24658,deployment,False
24659,deployment,False
24660,deployment,False
24661,protocol,False
24662,deployment,False
24663,protocol,False
24664,protocol,False
24665,protocol,False
24666,deployment,False
24667,deployment,False
24668,deployment,False
24669,deployment,False
24670,protocol,False
24671,protocol,False
24672,protocol,False
24673,protocol,False
24674,protocol,False
24675,protocol,False
24676,protocol,False
24677,protocol,False
24678,protocol,False
24679,protocol,False
24680,protocol,False
24681,protocol,False
24682,protocol,False
24683,protocol,False
24684,protocol,False
24685,protocol,False
24686,protocol,False
24687,protocol,False
24688,protocol,False
24689,protocol,False
24690,deployment,False
24691,deployment,False
24692,protocol,False
24693,deployment,False
24694,deployment,False
24695,deployment,False
24696,deployment,False
24697,deployment,False
24698,deployment,False
24699,deployment,False
24700,deployment,False
24701,protocol,False
24702,protocol,False
24703,deployment,False
24704,protocol,False
24705,deployment,False
24706,deployment,False
24707,protocol,False
24708,deployment,False
24709,protocol,False
24710,deployment,False
24711,deployment,False
24712,deployment,False
24713,deployment,False
24714,deployment,False
24715,deployment,False
24716,deployment,False
24717,deployment,False
24718,deployment,False
24719,deployment,False
24720,deployment,False
24721,deployment,False
24722,deployment,False
24723,deployment,False
24724,deployment,False
24725,deployment,False
24726,deployment,False
24727,deployment,False
24728,deployment,False
24729,deployment,False
24730,deployment,False
24731,deployment,False
24732,protocol,False
24733,protocol,False
24734,protocol,False
24735,protocol,False
24736,deployment,False
24737,deployment,False
24738,protocol,False
24739,protocol,False
24740,deployment,False
24741,deployment,False
24742,deployment,False
24743,protocol,False
24744,deployment,False
24745,deployment,False
24746,deployment,False
24747,deployment,False
24748,deployment,False
24749,deployment,False
24750,deployment,False
24751,deployment,False
24752,deployment,False
24753,deployment,False
24754,deployment,False
24755,deployment,False
24756,deployment,False
24757,deployment,False
24758,deployment,False
24759,deployment,False
24760,protocol,False
24761,deployment,False
24762,deployment,False
24763,protocol,False
24764,deployment,False
24765,deployment,False
24766,deployment,False
24767,deployment,False
24768,deployment,False
24769,protocol,False
24770,deployment,False
24771,protocol,False
24772,deployment,False
24773,deployment,False
24774,deployment,False
24775,deployment,False
24776,deployment,False
24777,deployment,False
24778,protocol,False
24779,protocol,False
24780,deployment,False
24781,deployment,False
24782,deployment,False
24783,deployment,False
24784,deployment,False
24785,deployment,False
24786,protocol,False
24787,deployment,True
24788,deployment,True
24789,protocol,True
24790,protocol,True
24791,protocol,True
24792,protocol,True
24793,deployment,True
24794,protocol,True
24795,deployment,True
24796,deployment,True
24797,deployment,True
24798,deployment,False
24799,deployment,False
24800,protocol,True
24801,protocol,True
24802,protocol,True
24803,deployment,True
24804,deployment,True
24805,deployment,True
24806,deployment,True
24807,deployment,True
24808,deployment,True
24809,deployment,True
24810,deployment,True
24811,deployment,False
24812,protocol,False
24813,protocol,False
24814,deployment,False
24815,protocol,False
24816,protocol,False
24817,deployment,False
24818,protocol,False
24819,protocol,False
24820,protocol,False
24821,protocol,False
24822,deployment,False
24823,deployment,False
24824,protocol,False
24825,protocol,False
24826,deployment,False
24827,protocol,False
24828,protocol,False
24829,deployment,False
24830,protocol,False
24831,protocol,False
24832,protocol,True
24833,protocol,True
24834,protocol,True
24835,deployment,True
24836,deployment,True
24837,protocol,True
24838,deployment,True
24839,protocol,True
24840,deployment,True
24841,deployment,True
24842,deployment,False
24843,deployment,True
24844,deployment,True
24845,deployment,True
24846,deployment,True
24847,protocol,True
24848,protocol,True
24849,deployment,True
24850,deployment,False
24851,deployment,False
24852,protocol,False
24853,deployment,False
24854,protocol,False
24855,deployment,False
24856,protocol,False
24857,deployment,False
24858,deployment,True
24859,deployment,True
24860,deployment,False
24861,deployment,True
24862,protocol,False
24863,protocol,False
24864,deployment,False
24865,protocol,True
24866,protocol,True
24867,deployment,True
24868,deployment,True
24869,deployment,False
24870,deployment,False
24871,deployment,False
24872,deployment,False
24873,deployment,False
24874,deployment,False
24875,deployment,False
24876,deployment,False
24877,deployment,False
24878,deployment,False
24879,deployment,False
24880,deployment,False
24881,deployment,False
24882,deployment,False
24883,protocol,False
24884,protocol,False
24885,deployment,False
24886,protocol,False
24887,protocol,False
24888,protocol,False
24889,protocol,False
24890,deployment,False
24891,deployment,False
24892,deployment,False
24893,deployment,False
24894,deployment,False
24895,protocol,False
24896,deployment,False
24897,protocol,False
24898,protocol,False
24899,protocol,False
24900,protocol,False
24901,protocol,False
24902,deployment,False
24903,deployment,False
24904,deployment,False
24905,deployment,False
24906,deployment,False
24907,deployment,False
24908,deployment,False
24909,deployment,False
24910,deployment,False
24911,deployment,False
24912,deployment,False
24913,deployment,False
24914,protocol,False
24915,deployment,False
24916,deployment,False
24917,deployment,False
24918,protocol,False
24919,protocol,False
24920,protocol,False
24921,protocol,False
24922,protocol,False
24923,protocol,False
24924,protocol,False
24925,protocol,False
24926,protocol,False
24927,deployment,False
24928,deployment,False
24929,deployment,False
24930,deployment,False
24931,deployment,False
24932,deployment,False
24933,deployment,False
24934,deployment,False
24935,deployment,False
24936,deployment,False
24937,deployment,False
24938,deployment,False
24939,deployment,False
24940,deployment,False
24941,deployment,False
24942,protocol,False
24943,deployment,False
24944,deployment,False
24945,protocol,False
24946,deployment,False
24947,deployment,False
24948,protocol,False
24949,deployment,False
24950,deployment,False
24951,deployment,False
24952,protocol,False
24953,protocol,True
24954,protocol,False
24955,protocol,True
24956,deployment,False
24957,deployment,False
24958,deployment,False
24959,deployment,True
24960,protocol,True
24961,protocol,True
24962,protocol,True
24963,protocol,True
24964,protocol,True
24965,deployment,False
24966,deployment,False
24967,deployment,True
24968,deployment,False
24969,deployment,False
24970,protocol,False
24971,protocol,False
24972,deployment,False
24973,deployment,False
24974,deployment,True
24975,protocol,True
24976,deployment,True
24977,protocol,True
24978,deployment,True
24979,protocol,True
24980,deployment,True
24981,protocol,True
24982,deployment,True
24983,protocol,True
24984,deployment,True
24985,protocol,True
24986,deployment,True
24987,protocol,True
24988,protocol,True
24989,protocol,True
24990,protocol,True
24991,protocol,True
24992,protocol,True
24993,protocol,True
24994,protocol,True
24995,deployment,True
24996,deployment,True
24997,deployment,True
24998,protocol,True
24999,protocol,True
25000,deployment,True
25001,protocol,True
25002,protocol,True
25003,protocol,True
25004,protocol,True
25005,protocol,True
25006,protocol,True
25007,protocol,True
25008,protocol,True
25009,protocol,True
25010,protocol,True
25011,protocol,True
25012,protocol,True
25013,protocol,True
25014,protocol,True
25015,protocol,True
25016,protocol,True
25017,protocol,True
25018,deployment,True
25019,protocol,True
25020,protocol,True
25021,deployment,True
25022,protocol,True
25023,deployment,False
25024,deployment,False
25025,protocol,True
25026,protocol,True
25027,protocol,True
25028,deployment,True
25029,protocol,True
25030,protocol,True
25031,protocol,True
25032,protocol,True
25033,protocol,True
25034,protocol,True
25035,protocol,True
25036,protocol,True
25037,protocol,True
25038,protocol,True
25039,protocol,True
25040,protocol,True
25041,protocol,True
25042,protocol,True
25043,deployment,True
25044,protocol,True
25045,protocol,True
25046,protocol,True
25047,protocol,True
25048,deployment,False
25049,deployment,False
25050,protocol,False
25051,deployment,False
25052,deployment,False
25053,deployment,False
25054,deployment,False
25055,deployment,False
25056,deployment,False
25057,deployment,False
25058,deployment,False
25059,deployment,False
25060,protocol,False
25061,deployment,False
25062,deployment,False
25063,deployment,False
25064,deployment,False
25065,deployment,False
25066,protocol,False
25067,deployment,False
25068,deployment,False
25069,deployment,False
25070,deployment,False
25071,deployment,False
25072,deployment,False
25073,deployment,False
25074,protocol,False
25075,deployment,False
25076,deployment,False
25077,deployment,False
25078,protocol,False
25079,deployment,False
25080,deployment,False
25081,deployment,False
25082,deployment,False
25083,deployment,False
25084,deployment,False
25085,deployment,False
25086,deployment,False
25087,deployment,False
25088,deployment,False
25089,deployment,False
25090,deployment,False
25091,deployment,False
25092,deployment,False
25093,deployment,False
25094,protocol,False
25095,deployment,False
25096,deployment,False
25097,deployment,False
25098,deployment,False
25099,deployment,False
25100,deployment,False
25101,deployment,False
25102,deployment,False
25103,deployment,False
25104,deployment,False
25105,deployment,False
25106,deployment,False
25107,deployment,False
25108,deployment,False
25109,deployment,False
25110,protocol,False
25111,deployment,False
25112,deployment,False
25113,deployment,False
25114,deployment,False
25115,deployment,False
25116,deployment,False
25117,deployment,False
25118,deployment,False
25119,deployment,False
25120,deployment,False
25121,deployment,False
25122,deployment,False
25123,deployment,False
25124,protocol,False
25125,deployment,False
25126,deployment,False
25127,deployment,False
25128,deployment,False
25129,deployment,False
25130,deployment,False
25131,deployment,False
25132,deployment,False
25133,deployment,False
25134,deployment,False
25135,deployment,False
25136,deployment,False
25137,deployment,False
25138,deployment,False
25139,deployment,False
25140,deployment,False
25141,deployment,False
25142,protocol,False
25143,protocol,True
25144,protocol,True
25145,deployment,True
25146,protocol,False
25147,deployment,True
25148,deployment,True
25149,deployment,True
25150,deployment,True
25151,protocol,False
25152,deployment,True
25153,deployment,True
25154,deployment,True
25155,deployment,True
25156,protocol,True
25157,deployment,True
25158,deployment,True
25159,deployment,True
25160,deployment,True
25161,deployment,True
25162,deployment,True
25163,deployment,True
25164,deployment,True
25165,deployment,True
25166,deployment,True
25167,deployment,True
25168,deployment,True
25169,deployment,True
25170,deployment,True
25171,deployment,True
25172,deployment,True
25173,deployment,True
25174,deployment,True
25175,deployment,True
25176,protocol,True
25177,deployment,True
25178,deployment,True
25179,deployment,True
25180,deployment,True
25181,deployment,True
25182,deployment,True
25183,deployment,True
25184,protocol,True
25185,protocol,True
25186,deployment,True
25187,deployment,True
25188,deployment,True
25189,deployment,True
25190,deployment,True
25191,deployment,True
25192,deployment,True
25193,deployment,True
25194,deployment,True
25195,protocol,True
25196,protocol,True
25197,protocol,True
25198,protocol,True
25199,deployment,True
25200,deployment,True
25201,deployment,True
25202,deployment,True
25203,protocol,True
25204,deployment,True
25205,deployment,True
25206,deployment,True
25207,protocol,True
25208,protocol,True
25209,protocol,False
25210,protocol,False
25211,protocol,False
25212,protocol,False
25213,protocol,True
25214,protocol,True
25215,protocol,True
25216,deployment,True
25217,deployment,True
25218,protocol,True
25219,protocol,True
25220,protocol,True
25221,protocol,True
25222,deployment,True
25223,protocol,True
25224,deployment,True
25225,protocol,True
25226,protocol,True
25227,deployment,False
25228,deployment,False
25229,deployment,False
25230,deployment,False
25231,deployment,False
25232,deployment,False
25233,deployment,False
25234,deployment,True
25235,deployment,True
25236,deployment,True
25237,deployment,True
25238,deployment,True
25239,deployment,True
25240,deployment,True
25241,deployment,False
25242,deployment,False
25243,deployment,False
25244,deployment,False
25245,deployment,True
25246,deployment,True
25247,deployment,True
25248,deployment,True
25249,deployment,True
25250,deployment,True
25251,deployment,True
25252,deployment,True
25253,deployment,True
25254,deployment,True
25255,deployment,True
25256,deployment,True
25257,deployment,True
25258,deployment,True
25259,deployment,True
25260,deployment,True
25261,deployment,True
25262,deployment,True
25263,deployment,True
25264,deployment,True
25265,deployment,True
25266,deployment,False
25267,deployment,False
25268,deployment,False
25269,deployment,True
25270,deployment,True
25271,deployment,True
25272,deployment,True
25273,deployment,True
25274,deployment,True
25275,deployment,True
25276,deployment,True
25277,deployment,True
25278,deployment,True
25279,deployment,True
25280,deployment,True
25281,deployment,True
25282,deployment,True
25283,deployment,True
25284,deployment,True
25285,deployment,True
25286,deployment,True
25287,deployment,True
25288,deployment,True
25289,deployment,False
25290,deployment,False
25291,deployment,True
25292,deployment,False
25293,deployment,True
25294,deployment,True
25295,deployment,True
25296,deployment,True
25297,deployment,True
25298,deployment,True
25299,deployment,True
25300,deployment,True
25301,deployment,False
25302,deployment,False
25303,deployment,False
25304,deployment,False
25305,deployment,True
25306,deployment,True
25307,deployment,True
25308,deployment,True
25309,deployment,False
25310,deployment,False
25311,protocol,False
25312,protocol,False
25313,deployment,True
25314,deployment,True
25315,protocol,False
25316,protocol,False
25317,deployment,True
25318,deployment,True
25319,protocol,True
25320,protocol,True
25321,deployment,True
25322,deployment,True
25323,deployment,False
25324,deployment,True
25325,deployment,False
25326,deployment,True
25327,protocol,True
25328,protocol,True
25329,deployment,False
25330,deployment,False
25331,protocol,False
25332,deployment,False
25333,deployment,False
25334,deployment,True
25335,deployment,False
25336,deployment,False
25337,deployment,True
25338,deployment,True
25339,deployment,True
25340,deployment,True
25341,deployment,True
25342,deployment,True
25343,protocol,True
25344,protocol,True
25345,deployment,True
25346,deployment,True
25347,deployment,True
25348,deployment,True
25349,deployment,True
25350,deployment,True
25351,deployment,False
25352,deployment,True
25353,deployment,False
25354,deployment,True
25355,deployment,False
25356,deployment,True
25357,deployment,False
25358,deployment,False
25359,protocol,False
25360,deployment,False
25361,deployment,True
25362,deployment,True
25363,deployment,True
25364,deployment,True
25365,deployment,True
25366,deployment,True
25367,deployment,False
25368,deployment,False
25369,deployment,False
25370,deployment,False
25371,deployment,True
25372,deployment,False
25373,deployment,False
25374,protocol,False
25375,deployment,False
25376,protocol,False
25377,deployment,False
25378,deployment,False
25379,protocol,False
25380,deployment,False
25381,deployment,True
25382,protocol,True
25383,deployment,False
25384,protocol,False
25385,deployment,False
25386,deployment,False
25387,protocol,False
25388,deployment,False
25389,deployment,False
25390,deployment,False
25391,deployment,False
25392,protocol,False
25393,deployment,False
25394,deployment,False
25395,deployment,False
25396,deployment,False
25397,deployment,False
25398,deployment,False
25399,deployment,False
25400,deployment,False
25401,deployment,False
25402,protocol,False
25403,deployment,False
25404,deployment,False
25405,deployment,False
25406,deployment,False
25407,protocol,False
25408,deployment,False
25409,deployment,False
25410,deployment,False
25411,deployment,False
25412,protocol,False
25413,protocol,False
25414,protocol,False
25415,deployment,False
25416,deployment,False
25417,deployment,False
25418,protocol,False
25419,deployment,False
25420,deployment,False
25421,deployment,False
25422,deployment,False
25423,deployment,False
25424,deployment,False
25425,deployment,False
25426,deployment,False
25427,deployment,False
25428,deployment,False
25429,deployment,False
25430,deployment,False
25431,deployment,False
25432,deployment,False
25433,deployment,False
25434,protocol,False
25435,deployment,False
25436,deployment,False
25437,protocol,False
25438,deployment,False
25439,deployment,False
25440,deployment,False
25441,deployment,False
25442,deployment,False
25443,deployment,False
25444,deployment,False
25445,deployment,False
25446,deployment,False
25447,deployment,False
25448,protocol,False
25449,deployment,False
25450,protocol,False
25451,protocol,False
25452,deployment,False
25453,deployment,False
25454,deployment,False
25455,protocol,False
25456,protocol,False
25457,protocol,False
25458,deployment,False
25459,deployment,False
25460,deployment,False
25461,deployment,False
25462,deployment,False
25463,deployment,False
25464,protocol,False
25465,deployment,False
25466,deployment,False
25467,deployment,False
25468,protocol,False
25469,deployment,False
25470,protocol,False
25471,deployment,True
25472,deployment,True
25473,deployment,True
25474,deployment,True
25475,deployment,True
25476,deployment,True
25477,protocol,True
25478,deployment,True
25479,deployment,True
25480,deployment,True
25481,deployment,True
25482,deployment,True
25483,deployment,True
25484,protocol,True
25485,protocol,True
25486,protocol,True
25487,protocol,True
25488,deployment,True
25489,deployment,True
25490,protocol,True
25491,deployment,False
25492,deployment,False
25493,protocol,False
25494,deployment,True
25495,deployment,True
25496,deployment,True
25497,protocol,True
25498,protocol,True
25499,protocol,True
25500,deployment,True
25501,deployment,True
25502,deployment,True
25503,deployment,True
25504,deployment,True
25505,deployment,True
25506,deployment,True
25507,deployment,True
25508,deployment,True
25509,protocol,True
25510,deployment,True
25511,deployment,True
25512,deployment,True
25513,deployment,True
25514,deployment,True
25515,deployment,True
25516,deployment,True
25517,deployment,True
25518,deployment,True
25519,deployment,True
25520,deployment,True
25521,deployment,True
25522,deployment,True
25523,deployment,True
25524,deployment,True
25525,deployment,True
25526,deployment,True
25527,protocol,True
25528,deployment,True
25529,deployment,True
25530,deployment,True
25531,deployment,True
25532,deployment,True
25533,deployment,True
25534,deployment,True
25535,deployment,True
25536,deployment,True
25537,deployment,True
25538,deployment,True
25539,deployment,True
25540,deployment,True
25541,deployment,True
25542,deployment,True
25543,deployment,True
25544,protocol,True
25545,deployment,True
25546,protocol,True
25547,deployment,True
25548,deployment,True
25549,deployment,True
25550,deployment,True
25551,protocol,True
25552,deployment,True
25553,deployment,True
25554,deployment,True
25555,deployment,True
25556,deployment,True
25557,deployment,True
25558,deployment,True
25559,deployment,True
25560,deployment,True
25561,deployment,True
25562,deployment,True
25563,deployment,True
25564,protocol,False
25565,protocol,False
25566,deployment,True
25567,deployment,True
25568,deployment,True
25569,protocol,True
25570,protocol,True
25571,deployment,True
25572,deployment,True
25573,deployment,True
25574,deployment,True
25575,deployment,True
25576,deployment,True
25577,deployment,True
25578,deployment,True
25579,deployment,True
25580,protocol,True
25581,protocol,True
25582,deployment,True
25583,protocol,False
25584,protocol,False
25585,protocol,True
25586,protocol,True
25587,deployment,True
25588,protocol,True
25589,protocol,True
25590,protocol,False
25591,deployment,True
25592,protocol,False
25593,protocol,False
25594,protocol,False
25595,protocol,False
25596,protocol,False
25597,deployment,True
25598,protocol,True
25599,protocol,False
25600,deployment,True
25601,deployment,True
25602,protocol,True
25603,protocol,True
25604,deployment,True
25605,deployment,True
25606,protocol,False
25607,protocol,True
25608,protocol,False
25609,protocol,False
25610,protocol,False
25611,protocol,False
25612,protocol,False
25613,protocol,False
25614,protocol,False
25615,protocol,False
25616,protocol,False
25617,protocol,False
25618,protocol,False
25619,protocol,False
25620,protocol,False
25621,protocol,False
25622,protocol,True
25623,protocol,True
25624,protocol,True
25625,protocol,True
25626,protocol,False
25627,deployment,True
25628,deployment,True
25629,deployment,True
25630,deployment,True
25631,deployment,True
25632,deployment,True
25633,protocol,False
25634,protocol,False
25635,protocol,False
25636,protocol,False
25637,protocol,False
25638,deployment,True
25639,deployment,True
25640,deployment,False
25641,protocol,False
25642,deployment,False
25643,protocol,False
25644,protocol,True
25645,protocol,True
25646,protocol,True
25647,protocol,True
25648,protocol,True
25649,deployment,False
25650,deployment,False
25651,protocol,False
25652,deployment,False
25653,deployment,False
25654,deployment,False
25655,deployment,False
25656,deployment,False
25657,protocol,True
25658,deployment,False
25659,protocol,True
25660,deployment,False
25661,deployment,False
25662,deployment,False
25663,deployment,False
25664,protocol,True
25665,protocol,True
25666,protocol,True
25667,protocol,True
25668,protocol,True
25669,protocol,True
25670,protocol,True
25671,protocol,True
25672,protocol,True
25673,protocol,True
25674,protocol,True
25675,protocol,True
25676,deployment,False
25677,deployment,False
25678,deployment,False
25679,deployment,False
25680,protocol,True
25681,protocol,True
25682,deployment,False
25683,deployment,False
25684,deployment,False
25685,deployment,False
25686,protocol,True
25687,deployment,False
25688,protocol,True
25689,deployment,False
25690,protocol,True
25691,deployment,False
25692,deployment,False
25693,protocol,True
25694,protocol,True
25695,protocol,True
25696,deployment,False
25697,deployment,False
25698,deployment,False
25699,deployment,False
25700,deployment,False
25701,deployment,False
25702,deployment,False
25703,deployment,False
25704,protocol,True
25705,protocol,True
25706,deployment,False
25707,deployment,False
25708,protocol,True
25709,protocol,True
25710,deployment,False
25711,deployment,False
25712,protocol,True
25713,protocol,True
25714,protocol,True
25715,protocol,True
25716,deployment,False
25717,protocol,True
25718,protocol,True
25719,deployment,False
25720,deployment,False
25721,protocol,True
25722,deployment,False
25723,protocol,True
25724,deployment,False
25725,protocol,True
25726,protocol,True
25727,protocol,True
25728,protocol,True
25729,deployment,False
25730,deployment,False
25731,deployment,False
25732,protocol,True
25733,protocol,True
25734,protocol,True
25735,protocol,True
25736,protocol,True
25737,protocol,True
25738,protocol,True
25739,deployment,False
25740,protocol,True
25741,deployment,True
25742,deployment,True
25743,protocol,True
25744,protocol,True
25745,deployment,True
25746,deployment,True
25747,protocol,True
25748,deployment,True
25749,deployment,True
25750,protocol,True
25751,deployment,True
25752,deployment,True
25753,deployment,True
25754,deployment,True
25755,deployment,True
25756,protocol,True
25757,deployment,True
25758,protocol,True
25759,protocol,True
25760,deployment,False
25761,deployment,False
25762,deployment,False
25763,deployment,False
25764,deployment,False
25765,deployment,True
25766,protocol,True
25767,protocol,True
25768,deployment,False
25769,deployment,False
25770,deployment,False
25771,deployment,False
25772,deployment,False
25773,protocol,True
25774,protocol,True
25775,deployment,True
25776,deployment,True
25777,deployment,True
25778,deployment,True
25779,deployment,True
25780,deployment,True
25781,deployment,True
25782,deployment,True
25783,deployment,True
25784,deployment,True
25785,protocol,True
25786,protocol,True
25787,protocol,True
25788,protocol,True
25789,protocol,True
25790,protocol,True
25791,protocol,True
25792,protocol,True
25793,protocol,True
25794,protocol,True
25795,protocol,True
25796,protocol,True
25797,protocol,True
25798,deployment,True
25799,deployment,True
25800,protocol,True
25801,deployment,True
25802,deployment,True
25803,deployment,True
25804,deployment,True
25805,deployment,True
25806,deployment,False
25807,deployment,True
25808,deployment,True
25809,deployment,True
25810,deployment,True
25811,protocol,True
25812,protocol,True
25813,deployment,True
25814,protocol,True
25815,protocol,True
25816,protocol,True
25817,protocol,True
25818,deployment,True
25819,deployment,True
25820,deployment,True
25821,deployment,False
25822,protocol,False
25823,deployment,True
25824,deployment,False
25825,deployment,True
25826,deployment,True
25827,protocol,True
25828,protocol,False
25829,deployment,True
25830,protocol,True
25831,protocol,True
25832,protocol,True
25833,protocol,True
25834,protocol,True
25835,protocol,True
25836,deployment,True
25837,deployment,True
25838,deployment,True
25839,deployment,True
25840,deployment,True
25841,deployment,True
25842,deployment,True
25843,deployment,True
25844,deployment,True
25845,deployment,True
25846,protocol,True
25847,protocol,True
25848,deployment,False
25849,deployment,False
25850,deployment,True
25851,deployment,True
25852,deployment,True
25853,deployment,True
25854,deployment,True
25855,deployment,True
25856,deployment,True
25857,protocol,True
25858,deployment,False
25859,deployment,True
25860,protocol,True
25861,deployment,False
25862,deployment,False
25863,deployment,True
25864,protocol,True
25865,deployment,True
25866,deployment,True
25867,protocol,True
25868,protocol,True
25869,deployment,True
25870,deployment,True
25871,deployment,True
25872,protocol,True
25873,deployment,True
25874,deployment,True
25875,protocol,True
25876,deployment,True
25877,deployment,False
25878,deployment,False
25879,deployment,True
25880,deployment,True
25881,deployment,True
25882,deployment,True
25883,deployment,True
25884,deployment,True
25885,protocol,False
25886,protocol,False
25887,protocol,True
25888,protocol,True
25889,protocol,True
25890,deployment,True
25891,deployment,True
25892,protocol,True
25893,protocol,True
25894,protocol,True
25895,protocol,True
25896,protocol,True
25897,protocol,True
25898,protocol,False
25899,protocol,True
25900,deployment,True
25901,deployment,True
25902,protocol,True
25903,deployment,True
25904,deployment,True
25905,protocol,True
25906,deployment,True
25907,deployment,True
25908,deployment,True
25909,deployment,True
25910,protocol,True
25911,deployment,True
25912,deployment,True
25913,protocol,True
25914,deployment,True
25915,protocol,True
25916,deployment,True
25917,deployment,True
25918,deployment,True
25919,deployment,True
25920,deployment,True
25921,deployment,False
25922,deployment,True
25923,deployment,True
25924,deployment,True
25925,deployment,False
25926,deployment,True
25927,deployment,True
25928,deployment,True
25929,deployment,True
25930,deployment,True
25931,deployment,True
25932,deployment,True
25933,deployment,True
25934,deployment,True
25935,protocol,True
25936,protocol,True
25937,deployment,True
25938,deployment,True
25939,deployment,True
25940,deployment,True
25941,deployment,True
25942,deployment,True
25943,deployment,True
25944,deployment,True
25945,deployment,True
25946,deployment,True
25947,deployment,True
25948,deployment,True
25949,deployment,True
25950,deployment,True
25951,deployment,True
25952,deployment,True
25953,deployment,True
25954,deployment,True
25955,deployment,True
25956,deployment,True
25957,deployment,False
25958,deployment,False
25959,deployment,False
25960,deployment,True
25961,deployment,True
25962,deployment,True
25963,deployment,True
25964,deployment,True
25965,deployment,True
25966,deployment,True
25967,deployment,True
25968,deployment,True
25969,deployment,True
25970,deployment,True
25971,deployment,True
25972,deployment,True
25973,deployment,True
25974,deployment,True
25975,deployment,True
25976,deployment,True
25977,deployment,True
25978,deployment,False
25979,deployment,False
25980,deployment,False
25981,deployment,False
25982,deployment,False
25983,deployment,False
25984,deployment,False
25985,deployment,False
25986,deployment,False
25987,deployment,True
25988,deployment,True
25989,deployment,True
25990,protocol,False
25991,protocol,False
25992,deployment,True
25993,deployment,True
25994,deployment,True
25995,deployment,True
25996,deployment,False
25997,deployment,True
25998,deployment,True
25999,deployment,True
26000,deployment,False
26001,protocol,True
26002,protocol,True
26003,protocol,True
26004,deployment,True
26005,deployment,True
26006,deployment,True
26007,deployment,True
26008,deployment,True
26009,deployment,True
26010,deployment,False
26011,deployment,False
26012,deployment,False
26013,deployment,False
26014,deployment,False
26015,deployment,False
26016,deployment,False
26017,deployment,False
26018,deployment,True
26019,deployment,False
26020,deployment,False
26021,protocol,False
26022,protocol,False
26023,deployment,False
26024,deployment,False
26025,deployment,False
26026,deployment,False
26027,deployment,False
26028,deployment,True
26029,deployment,False
26030,deployment,False
26031,deployment,True
26032,deployment,False
26033,deployment,True
26034,protocol,True
26035,protocol,True
26036,protocol,True
26037,protocol,True
26038,protocol,True
26039,protocol,True
26040,protocol,True
26041,protocol,True
26042,deployment,True
26043,protocol,True
26044,protocol,True
26045,protocol,True
26046,deployment,False
26047,protocol,True
26048,protocol,True
26049,protocol,True
26050,protocol,True
26051,protocol,False
26052,protocol,False
26053,protocol,False
26054,protocol,False
26055,protocol,True
26056,protocol,True
26057,protocol,True
26058,protocol,True
26059,protocol,True
26060,protocol,True
26061,deployment,True
26062,deployment,True
26063,deployment,True
26064,protocol,True
26065,deployment,True
26066,deployment,True
26067,deployment,True
26068,protocol,True
26069,deployment,True
26070,deployment,True
26071,deployment,True
26072,deployment,True
26073,deployment,True
26074,deployment,True
26075,protocol,True
26076,protocol,True
26077,protocol,True
26078,deployment,False
26079,deployment,True
26080,deployment,True
26081,deployment,True
26082,deployment,True
26083,deployment,True
26084,deployment,True
26085,deployment,True
26086,deployment,True
26087,deployment,False
26088,deployment,False
26089,deployment,False
26090,deployment,False
26091,deployment,False
26092,deployment,False
26093,protocol,True
26094,deployment,False
26095,deployment,False
26096,deployment,False
26097,deployment,False
26098,deployment,False
26099,deployment,False
26100,deployment,False
26101,deployment,False
26102,deployment,False
26103,protocol,True
26104,protocol,True
26105,deployment,False
26106,protocol,True
26107,protocol,False
26108,protocol,False
26109,deployment,False
26110,deployment,False
26111,deployment,False
26112,deployment,False
26113,deployment,False
26114,deployment,False
26115,deployment,False
26116,deployment,False
26117,deployment,False
26118,deployment,False
26119,deployment,False
26120,deployment,False
26121,deployment,False
26122,deployment,False
26123,deployment,False
26124,deployment,False
26125,deployment,False
26126,deployment,False
26127,deployment,False
26128,protocol,False
26129,protocol,False
26130,protocol,True
26131,protocol,True
26132,protocol,True
26133,protocol,True
26134,protocol,True
26135,protocol,False
26136,protocol,False
26137,deployment,False
26138,deployment,False
26139,deployment,False
26140,deployment,False
26141,deployment,False
26142,deployment,False
26143,deployment,False
26144,deployment,False
26145,protocol,True
26146,protocol,True
26147,protocol,False
26148,protocol,True
26149,protocol,True
26150,protocol,False
26151,deployment,False
26152,deployment,False
26153,deployment,False
26154,deployment,False
26155,deployment,False
26156,protocol,True
26157,protocol,True
26158,deployment,False
26159,deployment,False
26160,deployment,False
26161,deployment,False
26162,deployment,False
26163,protocol,True
26164,protocol,True
26165,protocol,True
26166,protocol,True
26167,protocol,True
26168,deployment,False
26169,deployment,False
26170,deployment,False
26171,protocol,False
26172,deployment,False
26173,deployment,False
26174,deployment,False
26175,protocol,True
26176,protocol,True
26177,deployment,False
26178,deployment,False
26179,protocol,True
26180,deployment,False
26181,deployment,False
26182,deployment,False
26183,deployment,False
26184,deployment,False
26185,deployment,False
26186,deployment,False
26187,deployment,False
26188,deployment,False
26189,deployment,False
26190,deployment,False
26191,deployment,False
26192,deployment,False
26193,deployment,False
26194,deployment,False
26195,deployment,False
26196,deployment,False
26197,deployment,False
26198,deployment,False
26199,deployment,False
26200,deployment,False
26201,deployment,False
26202,deployment,False
26203,deployment,False
26204,deployment,False
26205,deployment,False
26206,deployment,False
26207,deployment,False
26208,deployment,False
26209,protocol,True
26210,deployment,False
26211,deployment,False
26212,deployment,False
26213,deployment,False
26214,deployment,False
26215,deployment,False
26216,protocol,True
26217,deployment,False
26218,deployment,False
26219,deployment,False
26220,deployment,False
26221,deployment,False
26222,deployment,False
26223,deployment,False
26224,deployment,False
26225,deployment,False
26226,deployment,False
26227,deployment,False
26228,deployment,False
26229,deployment,False
26230,deployment,False
26231,deployment,False
26232,deployment,False
26233,deployment,False
26234,deployment,False
26235,deployment,False
26236,deployment,False
26237,deployment,False
26238,deployment,False
26239,deployment,False
26240,deployment,False
26241,protocol,True
26242,protocol,True
26243,deployment,False
26244,deployment,False
26245,deployment,False
26246,deployment,False
26247,protocol,True
26248,deployment,False
26249,deployment,False
26250,deployment,False
26251,deployment,False
26252,deployment,False
26253,deployment,False
26254,deployment,False
26255,deployment,False
26256,deployment,False
26257,deployment,True
26258,deployment,True
26259,deployment,False
26260,deployment,True
26261,deployment,True
26262,deployment,True
26263,deployment,True
26264,deployment,False
26265,deployment,False
26266,deployment,False
26267,deployment,False
26268,deployment,False
26269,deployment,False
26270,deployment,True
26271,deployment,True
26272,deployment,True
26273,deployment,False
26274,deployment,False
26275,deployment,True
26276,deployment,True
26277,deployment,True
26278,deployment,True
26279,deployment,True
26280,deployment,True
26281,deployment,True
26282,deployment,True
26283,deployment,True
26284,deployment,True
26285,deployment,True
26286,deployment,True
26287,deployment,True
26288,deployment,True
26289,deployment,True
26290,deployment,True
26291,deployment,True
26292,deployment,True
26293,deployment,True
26294,deployment,True
26295,deployment,True
26296,deployment,True
26297,deployment,True
26298,deployment,False
26299,deployment,False
26300,deployment,False
26301,deployment,True
26302,deployment,False
26303,deployment,False
26304,deployment,True
26305,deployment,True
26306,deployment,True
26307,deployment,True
26308,deployment,True
26309,deployment,True
26310,deployment,True
26311,deployment,True
26312,deployment,True
26313,deployment,True
26314,deployment,True
26315,deployment,True
26316,deployment,False
26317,deployment,False
26318,deployment,True
26319,deployment,False
26320,deployment,True
26321,deployment,True
26322,deployment,True
26323,deployment,False
26324,deployment,False
26325,deployment,True
26326,deployment,True
26327,deployment,True
26328,deployment,True
26329,deployment,True
26330,deployment,True
26331,deployment,True
26332,deployment,False
26333,deployment,True
26334,deployment,True
26335,deployment,True
26336,deployment,True
26337,protocol,True
26338,protocol,True
26339,deployment,True
26340,deployment,True
26341,deployment,True
26342,deployment,True
26343,protocol,True
26344,deployment,True
26345,protocol,True
26346,deployment,True
26347,deployment,True
26348,deployment,True
26349,deployment,True
26350,protocol,True
26351,deployment,True
26352,deployment,True
26353,deployment,True
26354,deployment,True
26355,protocol,True
26356,deployment,True
26357,deployment,True
26358,protocol,True
26359,deployment,True
26360,deployment,True
26361,deployment,True
26362,deployment,True
26363,deployment,True
26364,deployment,True
26365,deployment,True
26366,deployment,True
26367,deployment,True
26368,deployment,True
26369,deployment,True
26370,deployment,True
26371,deployment,True
26372,deployment,True
26373,deployment,True
26374,protocol,True
26375,protocol,True
26376,protocol,True
26377,deployment,False
26378,deployment,True
26379,deployment,True
26380,deployment,True
26381,deployment,True
26382,deployment,True
26383,deployment,True
26384,deployment,True
26385,deployment,True
26386,protocol,True
26387,deployment,True
26388,deployment,True
26389,deployment,True
26390,deployment,True
26391,deployment,True
26392,deployment,True
26393,deployment,True
26394,protocol,True
26395,protocol,True
26396,deployment,True
26397,deployment,True
26398,deployment,True
26399,protocol,True
26400,deployment,True
26401,deployment,True
26402,protocol,True
26403,deployment,True
26404,deployment,True
26405,deployment,True
26406,deployment,True
26407,deployment,False
26408,deployment,True
26409,deployment,True
26410,deployment,True
26411,deployment,True
26412,deployment,False
26413,deployment,False
26414,deployment,False
26415,deployment,False
26416,deployment,False
26417,deployment,False
26418,deployment,False
26419,deployment,False
26420,deployment,False
26421,deployment,False
26422,deployment,False
26423,deployment,False
26424,deployment,False
26425,deployment,True
26426,deployment,True
26427,deployment,False
26428,deployment,True
26429,deployment,False
26430,deployment,False
26431,deployment,False
26432,deployment,False
26433,deployment,False
26434,deployment,False
26435,deployment,False
26436,deployment,True
26437,protocol,True
26438,deployment,False
26439,deployment,True
26440,deployment,True
26441,deployment,False
26442,deployment,False
26443,deployment,True
26444,deployment,False
26445,deployment,True
26446,deployment,False
26447,deployment,True
26448,protocol,True
26449,deployment,True
26450,deployment,False
26451,deployment,True
26452,protocol,True
26453,deployment,True
26454,deployment,False
26455,deployment,False
26456,protocol,False
26457,protocol,False
26458,deployment,True
26459,protocol,True
26460,deployment,True
26461,protocol,True
26462,deployment,True
26463,deployment,True
26464,deployment,True
26465,protocol,True
26466,protocol,True
26467,deployment,True
26468,protocol,True
26469,protocol,True
26470,deployment,True
26471,deployment,True
26472,protocol,True
26473,protocol,True
26474,deployment,False
26475,protocol,False
26476,deployment,True
26477,deployment,True
26478,deployment,False
26479,deployment,False
26480,deployment,False
26481,deployment,True
26482,deployment,True
26483,protocol,True
26484,deployment,False
26485,deployment,True
26486,deployment,True
26487,protocol,True
26488,deployment,True
26489,deployment,True
26490,deployment,True
26491,protocol,False
26492,protocol,False
26493,deployment,True
26494,deployment,True
26495,deployment,True
26496,deployment,True
26497,deployment,True
26498,deployment,True
26499,deployment,True
26500,deployment,True
26501,deployment,True
26502,deployment,True
26503,deployment,True
26504,deployment,True
26505,deployment,True
26506,deployment,True
26507,deployment,True
26508,deployment,True
26509,deployment,True
26510,deployment,True
26511,deployment,True
26512,protocol,False
26513,deployment,True
26514,deployment,True
26515,deployment,True
26516,deployment,False
26517,deployment,True
26518,deployment,True
26519,protocol,True
26520,deployment,True
26521,deployment,True
26522,deployment,False
26523,deployment,True
26524,deployment,True
26525,deployment,True
26526,deployment,False
26527,deployment,True
26528,deployment,True
26529,deployment,True
26530,deployment,True
26531,deployment,True
26532,deployment,True
26533,deployment,True
26534,deployment,True
26535,deployment,True
26536,deployment,True
26537,deployment,True
26538,deployment,True
26539,deployment,False
26540,deployment,True
26541,deployment,False
26542,deployment,True
26543,deployment,True
26544,deployment,True
26545,deployment,True
26546,deployment,True
26547,deployment,True
26548,deployment,True
26549,deployment,True
26550,deployment,True
26551,deployment,True
26552,deployment,True
26553,deployment,True
26554,deployment,True
26555,deployment,True
26556,deployment,True
26557,deployment,True
26558,deployment,True
26559,deployment,True
26560,deployment,True
26561,deployment,True
26562,deployment,True
26563,deployment,True
26564,deployment,True
26565,deployment,True
26566,deployment,True
26567,deployment,True
26568,deployment,True
26569,deployment,True
26570,deployment,True
26571,deployment,True
26572,deployment,True
26573,deployment,True
26574,deployment,True
26575,deployment,True
26576,deployment,True
26577,deployment,True
26578,deployment,True
26579,deployment,True
26580,deployment,True
26581,deployment,True
26582,deployment,True
26583,deployment,True
26584,deployment,True
26585,deployment,True
26586,deployment,True
26587,deployment,True
26588,deployment,True
26589,deployment,True
26590,deployment,True
26591,deployment,True
26592,deployment,True
26593,deployment,True
26594,deployment,True
26595,deployment,True
26596,deployment,True
26597,deployment,True
26598,deployment,True
26599,deployment,True
26600,deployment,True
26601,deployment,True
26602,deployment,True
26603,deployment,True
26604,deployment,True
26605,deployment,True
26606,deployment,True
26607,deployment,True
26608,deployment,True
26609,deployment,True
26610,deployment,True
26611,deployment,True
26612,deployment,True
26613,deployment,True
26614,deployment,True
26615,deployment,True
26616,deployment,True
26617,deployment,True
26618,deployment,True
26619,deployment,True
26620,deployment,True
26621,deployment,True
26622,deployment,True
26623,deployment,True
26624,protocol,True
26625,protocol,True
26626,protocol,True
26627,protocol,True
26628,protocol,False
26629,protocol,False
26630,principle,True
26631,deployment,True
26632,deployment,True
26633,deployment,True
26634,deployment,False
26635,deployment,False
26636,principle,True
26637,protocol,True
26638,protocol,True
26639,protocol,True
26640,protocol,True
26641,protocol,True
26642,protocol,True
26643,protocol,True
26644,protocol,True
26645,protocol,True
26646,protocol,True
26647,protocol,True
26648,protocol,True
26649,protocol,True
26650,protocol,True
26651,protocol,True
26652,protocol,True
26653,protocol,True
26654,protocol,True
26655,deployment,True
26656,deployment,True
26657,protocol,True
26658,protocol,True
26659,principle,True
26660,protocol,True
26661,protocol,True
26662,protocol,True
26663,protocol,True
26664,protocol,True
26665,protocol,True
26666,protocol,True
26667,protocol,False
26668,protocol,False
26669,protocol,True
26670,protocol,True
26671,protocol,True
26672,protocol,True
26673,protocol,True
26674,protocol,True
26675,principle,True
26676,protocol,True
26677,protocol,True
26678,deployment,True
26679,principle,True
26680,principle,True
26681,protocol,True
26682,protocol,True
26683,protocol,True
26684,protocol,True
26685,protocol,True
26686,protocol,True
26687,protocol,True
26688,protocol,True
26689,deployment,True
26690,protocol,True
26691,protocol,True
26692,protocol,True
26693,protocol,True
26694,protocol,True
26695,protocol,True
26696,protocol,True
26697,deployment,False
26698,principle,True
26699,principle,True
26700,principle,True
26701,deployment,True
26702,deployment,True
26703,deployment,True
26704,deployment,True
26705,deployment,True
26706,principle,True
26707,protocol,True
26708,protocol,True
26709,protocol,True
26710,protocol,True
26711,protocol,True
26712,principle,True
26713,deployment,True
26714,protocol,True
26715,protocol,True
26716,protocol,True
26717,deployment,True
26718,deployment,True
26719,deployment,True
26720,deployment,True
26721,deployment,False
26722,deployment,False
26723,deployment,False
26724,deployment,False
26725,deployment,False
26726,deployment,False
26727,deployment,False
26728,deployment,True
26729,deployment,True
26730,deployment,False
26731,deployment,False
26732,deployment,True
26733,deployment,True
26734,deployment,False
26735,deployment,False
26736,deployment,False
26737,deployment,False
26738,deployment,False
26739,deployment,False
26740,deployment,False
26741,deployment,True
26742,deployment,True
26743,protocol,True
26744,deployment,True
26745,protocol,True
26746,deployment,False
26747,deployment,True
26748,deployment,True
26749,deployment,True
26750,deployment,True
26751,deployment,True
26752,deployment,True
26753,deployment,True
26754,deployment,True
26755,deployment,True
26756,deployment,True
26757,deployment,True
26758,deployment,True
26759,deployment,True
26760,deployment,True
26761,deployment,True
26762,deployment,True
26763,deployment,True
26764,deployment,True
26765,deployment,True
26766,deployment,True
26767,deployment,False
26768,protocol,True
26769,deployment,True
26770,deployment,True
26771,protocol,True
26772,protocol,True
26773,protocol,True
26774,protocol,True
26775,protocol,True
26776,deployment,True
26777,deployment,True
26778,deployment,True
26779,deployment,True
26780,deployment,True
26781,deployment,True
26782,protocol,True
26783,protocol,True
26784,deployment,True
26785,protocol,True
26786,deployment,False
26787,deployment,True
26788,deployment,False
26789,protocol,False
26790,deployment,False
26791,deployment,False
26792,protocol,True
26793,deployment,True
26794,deployment,True
26795,protocol,True
26796,protocol,False
26797,deployment,True
26798,protocol,False
26799,deployment,True
26800,deployment,False
26801,deployment,False
26802,protocol,False
26803,deployment,False
26804,deployment,False
26805,protocol,False
26806,deployment,False
26807,protocol,False
26808,deployment,False
26809,deployment,False
26810,deployment,False
26811,deployment,False
26812,deployment,False
26813,deployment,False
26814,deployment,False
26815,deployment,False
26816,deployment,False
26817,deployment,False
26818,deployment,False
26819,deployment,False
26820,deployment,False
26821,deployment,False
26822,deployment,False
26823,protocol,False
26824,protocol,False
26825,deployment,False
26826,deployment,False
26827,deployment,False
26828,deployment,False
26829,deployment,False
26830,deployment,False
26831,deployment,False
26832,deployment,False
26833,deployment,False
26834,protocol,False
26835,protocol,False
26836,deployment,False
26837,deployment,False
26838,deployment,False
26839,deployment,False
26840,protocol,False
26841,deployment,False
26842,deployment,False
26843,deployment,False
26844,protocol,False
26845,deployment,False
26846,protocol,False
26847,protocol,False
26848,deployment,False
26849,deployment,False
26850,protocol,False
26851,protocol,False
26852,deployment,False
26853,protocol,False
26854,protocol,False
26855,deployment,False
26856,deployment,False
26857,protocol,False
26858,deployment,False
26859,deployment,False
26860,protocol,False
26861,deployment,False
26862,deployment,False
26863,deployment,False
26864,deployment,False
26865,deployment,False
26866,protocol,False
26867,protocol,False
26868,deployment,False
26869,protocol,False
26870,protocol,False
26871,deployment,False
26872,protocol,False
26873,protocol,False
26874,deployment,False
26875,protocol,False
26876,deployment,False
26877,deployment,False
26878,deployment,False
26879,protocol,False
26880,protocol,False
26881,protocol,False
26882,protocol,False
26883,deployment,False
26884,deployment,False
26885,deployment,True
26886,deployment,True
26887,protocol,True
26888,deployment,True
26889,deployment,True
26890,deployment,True
26891,protocol,True
26892,deployment,False
26893,deployment,False
26894,deployment,False
26895,deployment,False
26896,deployment,False
26897,protocol,False
26898,deployment,False
26899,deployment,True
26900,protocol,True
26901,deployment,True
26902,protocol,True
26903,deployment,True
26904,deployment,False
26905,protocol,True
26906,protocol,True
26907,deployment,True
26908,deployment,True
26909,deployment,True
26910,protocol,True
26911,protocol,True
26912,deployment,True
26913,deployment,True
26914,deployment,True
26915,protocol,True
26916,protocol,False
26917,protocol,False
26918,deployment,False
26919,protocol,False
26920,protocol,False
26921,deployment,True
26922,deployment,False
26923,deployment,True
26924,deployment,True
26925,protocol,True
26926,protocol,True
26927,protocol,True
26928,protocol,True
26929,protocol,True
26930,deployment,True
26931,deployment,True
26932,deployment,True
26933,deployment,True
26934,deployment,True
26935,deployment,True
26936,deployment,True
26937,deployment,True
26938,deployment,True
26939,deployment,True
26940,deployment,True
26941,deployment,True
26942,deployment,True
26943,deployment,True
26944,protocol,True
26945,protocol,True
26946,protocol,True
26947,deployment,True
26948,deployment,True
26949,protocol,True
26950,deployment,True
26951,protocol,True
26952,protocol,True
26953,protocol,True
26954,protocol,True
26955,protocol,True
26956,protocol,True
26957,protocol,True
26958,deployment,True
26959,deployment,True
26960,deployment,True
26961,deployment,True
26962,deployment,True
26963,deployment,True
26964,deployment,True
26965,deployment,True
26966,deployment,True
26967,protocol,True
26968,protocol,True
26969,protocol,True
26970,deployment,True
26971,protocol,True
26972,protocol,True
26973,protocol,True
26974,deployment,True
26975,deployment,True
26976,deployment,True
26977,deployment,True
26978,deployment,True
26979,deployment,True
26980,deployment,True
26981,deployment,True
26982,deployment,True
26983,deployment,True
26984,deployment,True
26985,protocol,True
26986,deployment,True
26987,deployment,True
26988,protocol,True
26989,protocol,True
26990,protocol,True
26991,deployment,True
26992,deployment,True
26993,deployment,True
26994,deployment,True
26995,deployment,True
26996,protocol,True
26997,protocol,True
26998,protocol,True
26999,protocol,True
27000,protocol,True
27001,deployment,True
27002,protocol,True
27003,deployment,True
27004,protocol,True
27005,deployment,True
27006,protocol,True
27007,deployment,True
27008,protocol,True
27009,deployment,True
27010,deployment,False
27011,protocol,True
27012,protocol,False
27013,deployment,True
27014,protocol,True
27015,protocol,False
27016,deployment,True
27017,protocol,True
27018,deployment,True
27019,protocol,True
27020,deployment,True
27021,protocol,True
27022,deployment,True
27023,deployment,True
27024,deployment,True
27025,deployment,True
27026,protocol,True
27027,deployment,True
27028,deployment,False
27029,protocol,True
27030,protocol,False
27031,deployment,True
27032,protocol,True
27033,protocol,False
27034,deployment,True
27035,protocol,True
27036,deployment,True
27037,deployment,True
27038,deployment,True
27039,deployment,True
27040,deployment,True
27041,deployment,True
27042,deployment,True
27043,deployment,True
27044,deployment,True
27045,deployment,True
27046,deployment,True
27047,deployment,True
27048,deployment,True
27049,protocol,True
27050,protocol,True
27051,protocol,True
27052,protocol,True
27053,protocol,True
27054,protocol,True
27055,protocol,True
27056,protocol,True
27057,deployment,True
27058,deployment,True
27059,protocol,True
27060,deployment,True
27061,protocol,True
27062,deployment,True
27063,deployment,True
27064,protocol,True
27065,deployment,True
27066,deployment,True
27067,deployment,True
27068,deployment,True
27069,deployment,True
27070,deployment,True
27071,deployment,True
27072,deployment,True
27073,protocol,True
27074,deployment,True
27075,protocol,True
27076,deployment,True
27077,deployment,True
27078,deployment,True
27079,protocol,True
27080,protocol,False
27081,deployment,False
27082,deployment,False
27083,protocol,False
27084,protocol,False
27085,deployment,True
27086,deployment,True
27087,deployment,True
27088,deployment,True
27089,protocol,True
27090,protocol,True
27091,protocol,True
27092,protocol,True
27093,protocol,True
27094,deployment,True
27095,deployment,True
27096,deployment,True
27097,protocol,True
27098,protocol,True
27099,protocol,True
27100,protocol,True
27101,protocol,True
27102,protocol,True
27103,protocol,True
27104,protocol,True
27105,deployment,True
27106,deployment,True
27107,deployment,True
27108,protocol,True
27109,protocol,True
27110,protocol,True
27111,protocol,True
27112,deployment,False
27113,protocol,True
27114,protocol,True
27115,protocol,True
27116,protocol,True
27117,deployment,True
27118,deployment,True
27119,deployment,True
27120,deployment,True
27121,deployment,True
27122,deployment,True
27123,deployment,True
27124,deployment,True
27125,protocol,True
27126,protocol,True
27127,deployment,False
27128,deployment,True
27129,protocol,True
27130,protocol,True
27131,deployment,False
27132,deployment,True
27133,deployment,True
27134,deployment,True
27135,protocol,True
27136,protocol,True
27137,deployment,True
27138,deployment,True
27139,protocol,True
27140,protocol,True
27141,protocol,True
27142,protocol,True
27143,deployment,True
27144,deployment,True
27145,deployment,True
27146,deployment,True
27147,deployment,True
27148,deployment,True
27149,deployment,True
27150,deployment,True
27151,protocol,True
27152,protocol,True
27153,protocol,True
27154,protocol,True
27155,deployment,False
27156,deployment,True
27157,protocol,True
27158,protocol,True
27159,deployment,False
27160,deployment,True
27161,protocol,True
27162,protocol,True
27163,protocol,True
27164,deployment,True
27165,deployment,True
27166,principle,True
27167,deployment,True
27168,principle,True
27169,deployment,True
27170,deployment,False
27171,deployment,True
27172,deployment,True
27173,deployment,True
27174,deployment,True
27175,deployment,True
27176,deployment,True
27177,deployment,True
27178,deployment,True
27179,deployment,True
27180,protocol,True
27181,deployment,True
27182,deployment,True
27183,deployment,True
27184,deployment,True
27185,deployment,True
27186,deployment,True
27187,deployment,True
27188,deployment,True
27189,deployment,True
27190,deployment,True
27191,deployment,True
27192,deployment,True
27193,deployment,True
27194,deployment,True
27195,deployment,True
27196,deployment,True
27197,deployment,True
27198,deployment,True
27199,deployment,True
27200,deployment,True
27201,deployment,True
27202,deployment,True
27203,deployment,True
27204,deployment,True
27205,deployment,True
27206,deployment,True
27207,deployment,True
27208,deployment,True
27209,deployment,True
27210,deployment,True
27211,deployment,True
27212,deployment,True
27213,deployment,True
27214,deployment,True
27215,deployment,True
27216,deployment,True
27217,deployment,True
27218,deployment,True
27219,deployment,True
27220,deployment,True
27221,deployment,True
27222,deployment,True
27223,deployment,True
27224,deployment,True
27225,deployment,True
27226,deployment,True
27227,deployment,True
27228,deployment,True
27229,deployment,True
27230,deployment,True
27231,deployment,True
27232,deployment,True
27233,deployment,True
27234,deployment,True
27235,deployment,True
27236,deployment,True
27237,deployment,True
27238,deployment,True
27239,deployment,True
27240,deployment,True
27241,deployment,True
27242,deployment,True
27243,deployment,True
27244,deployment,True
27245,deployment,True
27246,deployment,True
27247,deployment,True
27248,deployment,True
27249,deployment,True
27250,deployment,True
27251,deployment,True
27252,deployment,True
27253,deployment,True
27254,deployment,True
27255,deployment,True
27256,deployment,True
27257,deployment,True
27258,deployment,True
27259,deployment,True
27260,deployment,True
27261,deployment,True
27262,deployment,True
27263,deployment,True
27264,deployment,True
27265,deployment,True
27266,protocol,True
27267,protocol,True
27268,deployment,True
27269,deployment,True
27270,deployment,True
27271,deployment,True
27272,deployment,True
27273,deployment,True
27274,deployment,True
27275,deployment,True
27276,deployment,True
27277,deployment,True
27278,deployment,True
27279,deployment,True
27280,deployment,True
27281,deployment,False
27282,deployment,False
27283,deployment,False
27284,deployment,False
27285,deployment,True
27286,deployment,True
27287,deployment,True
27288,deployment,True
27289,deployment,True
27290,deployment,True
27291,deployment,True
27292,deployment,True
27293,deployment,True
27294,deployment,True
27295,deployment,True
27296,deployment,True
27297,deployment,True
27298,deployment,True
27299,deployment,True
27300,protocol,True
27301,deployment,True
27302,deployment,True
27303,deployment,True
27304,deployment,True
27305,deployment,True
27306,deployment,True
27307,deployment,True
27308,deployment,True
27309,deployment,True
27310,deployment,True
27311,deployment,True
27312,deployment,True
27313,deployment,True
27314,deployment,True
27315,deployment,True
27316,deployment,True
27317,deployment,True
27318,protocol,True
27319,deployment,True
27320,deployment,True
27321,deployment,True
27322,deployment,True
27323,deployment,True
27324,deployment,True
27325,deployment,True
27326,deployment,True
27327,deployment,True
27328,deployment,True
27329,deployment,True
27330,deployment,True
27331,deployment,True
27332,deployment,True
27333,deployment,True
27334,deployment,True
27335,deployment,True
27336,deployment,True
27337,deployment,True
27338,deployment,True
27339,deployment,True
27340,deployment,True
27341,deployment,True
27342,deployment,True
27343,deployment,True
27344,deployment,True
27345,deployment,True
27346,deployment,True
27347,deployment,True
27348,deployment,True
27349,protocol,False
27350,protocol,False
27351,protocol,False
27352,protocol,False
27353,protocol,False
27354,protocol,False
27355,protocol,False
27356,protocol,False
27357,protocol,False
27358,protocol,False
27359,protocol,False
27360,protocol,False
27361,protocol,False
27362,protocol,False
27363,protocol,False
27364,protocol,False
27365,protocol,False
27366,protocol,False
27367,protocol,False
27368,protocol,False
27369,protocol,False
27370,protocol,False
27371,protocol,False
27372,protocol,False
27373,protocol,False
27374,protocol,False
27375,protocol,False
27376,protocol,False
27377,protocol,False
27378,protocol,False
27379,protocol,False
27380,protocol,False
27381,protocol,False
27382,protocol,False
27383,protocol,False
27384,protocol,False
27385,protocol,False
27386,protocol,False
27387,protocol,False
27388,protocol,False
27389,protocol,False
27390,protocol,False
27391,protocol,False
27392,protocol,False
27393,protocol,False
27394,protocol,False
27395,protocol,False
27396,protocol,False
27397,protocol,False
27398,protocol,False
27399,protocol,False
27400,protocol,False
27401,protocol,False
27402,protocol,False
27403,protocol,False
27404,protocol,False
27405,protocol,False
27406,protocol,False
27407,protocol,False
27408,protocol,False
27409,protocol,False
27410,protocol,False
27411,protocol,False
27412,protocol,False
27413,protocol,False
27414,protocol,False
27415,protocol,False
27416,protocol,False
27417,protocol,False
27418,protocol,False
27419,protocol,False
27420,protocol,False
27421,protocol,False
27422,protocol,False
27423,protocol,False
27424,protocol,False
27425,protocol,False
27426,protocol,False
27427,protocol,False
27428,protocol,False
27429,protocol,False
27430,protocol,False
27431,protocol,False
27432,protocol,False
27433,protocol,False
27434,protocol,False
27435,protocol,False
27436,protocol,False
27437,protocol,False
27438,protocol,False
27439,protocol,False
27440,protocol,False
27441,protocol,False
27442,protocol,False
27443,deployment,False
27444,deployment,False
27445,protocol,True
27446,protocol,True
27447,deployment,True
27448,deployment,False
27449,protocol,True
27450,protocol,True
27451,deployment,True
27452,deployment,True
27453,protocol,True
27454,protocol,True
27455,deployment,False
27456,deployment,False
27457,protocol,True
27458,deployment,False
27459,deployment,False
27460,deployment,False
27461,protocol,True
27462,protocol,True
27463,deployment,True
27464,deployment,True
27465,protocol,True
27466,deployment,True
27467,protocol,True
27468,deployment,True
27469,protocol,True
27470,deployment,True
27471,protocol,True
27472,deployment,False
27473,deployment,False
27474,deployment,False
27475,deployment,False
27476,deployment,False
27477,deployment,False
27478,protocol,False
27479,protocol,False
27480,protocol,True
27481,deployment,True
27482,deployment,False
27483,protocol,False
27484,deployment,True
27485,deployment,True
27486,deployment,True
27487,deployment,False
27488,deployment,False
27489,deployment,False
27490,protocol,True
27491,protocol,True
27492,deployment,True
27493,protocol,True
27494,deployment,True
27495,protocol,True
27496,deployment,True
27497,deployment,False
27498,protocol,False
27499,deployment,True
27500,deployment,False
27501,protocol,False
27502,deployment,False
27503,protocol,False
27504,deployment,False
27505,deployment,True
27506,deployment,True
27507,deployment,True
27508,deployment,True
27509,deployment,False
27510,protocol,True
27511,protocol,True
27512,deployment,True
27513,deployment,True
27514,deployment,True
27515,deployment,True
27516,deployment,True
27517,deployment,False
27518,protocol,True
27519,deployment,True
27520,deployment,True
27521,deployment,True
27522,deployment,True
27523,deployment,True
27524,deployment,True
27525,deployment,True
27526,deployment,True
27527,deployment,True
27528,deployment,False
27529,protocol,True
27530,protocol,True
27531,protocol,True
27532,protocol,True
27533,protocol,True
27534,protocol,True
27535,deployment,False
27536,deployment,True
27537,deployment,True
27538,deployment,True
27539,deployment,True
27540,protocol,False
27541,deployment,True
27542,protocol,True
27543,protocol,True
27544,deployment,True
27545,principle,False
27546,protocol,True
27547,protocol,True
27548,principle,False
27549,principle,False
27550,protocol,True
27551,protocol,True
27552,deployment,True
27553,principle,False
27554,principle,False
27555,principle,False
27556,deployment,True
27557,protocol,True
27558,protocol,True
27559,principle,False
27560,protocol,True
27561,protocol,True
27562,deployment,True
27563,deployment,True
27564,principle,False
27565,protocol,True
27566,protocol,True
27567,principle,False
27568,principle,False
27569,protocol,True
27570,protocol,True
27571,principle,False
27572,deployment,True
27573,deployment,False
27574,deployment,False
27575,deployment,True
27576,deployment,True
27577,deployment,True
27578,deployment,True
27579,principle,False
27580,protocol,True
27581,protocol,True
27582,principle,False
27583,deployment,True
27584,deployment,True
27585,principle,False
27586,principle,False
27587,deployment,True
27588,principle,False
27589,principle,False
27590,principle,False
27591,principle,False
27592,protocol,True
27593,principle,False
27594,protocol,True
27595,principle,False
27596,protocol,True
27597,protocol,True
27598,principle,False
27599,protocol,True
27600,protocol,True
27601,protocol,True
27602,protocol,True
27603,protocol,True
27604,protocol,True
27605,deployment,True
27606,deployment,True
27607,protocol,True
27608,protocol,True
27609,deployment,True
27610,deployment,True
27611,principle,False
27612,deployment,True
27613,protocol,True
27614,deployment,True
27615,deployment,True
27616,protocol,True
27617,protocol,True
27618,deployment,True
27619,protocol,True
27620,protocol,True
27621,deployment,True
27622,deployment,True
27623,deployment,True
27624,deployment,True
27625,deployment,True
27626,protocol,True
27627,deployment,True
27628,deployment,True
27629,protocol,True
27630,deployment,True
27631,protocol,True
27632,protocol,True
27633,deployment,True
27634,protocol,True
27635,deployment,True
27636,deployment,True
27637,deployment,True
27638,deployment,False
27639,deployment,False
27640,deployment,False
27641,deployment,False
27642,protocol,False
27643,protocol,False
27644,protocol,False
27645,protocol,False
27646,deployment,True
27647,deployment,True
27648,deployment,True
27649,protocol,True
27650,protocol,True
27651,protocol,True
27652,protocol,True
27653,protocol,True
27654,protocol,False
27655,protocol,True
27656,protocol,False
27657,protocol,False
27658,protocol,False
27659,deployment,True
27660,deployment,True
27661,deployment,True
27662,deployment,True
27663,protocol,False
27664,protocol,False
27665,protocol,False
27666,protocol,False
27667,deployment,False
27668,deployment,True
27669,protocol,True
27670,deployment,True
27671,deployment,True
27672,deployment,True
27673,deployment,True
27674,protocol,True
27675,deployment,True
27676,deployment,True
27677,deployment,True
27678,deployment,True
27679,deployment,True
27680,deployment,True
27681,deployment,True
27682,protocol,True
27683,protocol,True
27684,protocol,True
27685,protocol,False
27686,protocol,True
27687,protocol,False
27688,protocol,True
27689,deployment,True
27690,deployment,True
27691,deployment,True
27692,protocol,False
27693,protocol,True
27694,protocol,True
27695,protocol,True
27696,protocol,True
27697,protocol,True
27698,protocol,True
27699,protocol,True
27700,protocol,True
27701,protocol,True
27702,protocol,True
27703,protocol,True
27704,protocol,True
27705,protocol,False
27706,protocol,True
27707,protocol,True
27708,protocol,True
27709,protocol,True
27710,protocol,True
27711,protocol,True
27712,protocol,True
27713,protocol,True
27714,protocol,True
27715,protocol,True
27716,protocol,True
27717,deployment,True
27718,protocol,True
27719,protocol,True
27720,deployment,True
27721,protocol,True
27722,deployment,True
27723,deployment,False
27724,deployment,True
27725,deployment,True
27726,protocol,True
27727,protocol,True
27728,protocol,True
27729,protocol,True
27730,deployment,True
27731,protocol,True
27732,deployment,False
27733,deployment,False
27734,deployment,False
27735,deployment,False
27736,protocol,True
27737,deployment,True
27738,deployment,True
27739,protocol,True
27740,deployment,True
27741,protocol,True
27742,deployment,True
27743,deployment,True
27744,deployment,True
27745,protocol,True
27746,protocol,True
27747,protocol,True
27748,deployment,True
27749,deployment,True
27750,protocol,True
27751,deployment,True
27752,protocol,True
27753,protocol,True
27754,protocol,True
27755,protocol,True
27756,protocol,True
27757,protocol,True
27758,deployment,True
27759,protocol,True
27760,protocol,True
27761,protocol,True
27762,protocol,True
27763,deployment,True
27764,protocol,True
27765,deployment,True
27766,protocol,True
27767,protocol,True
27768,protocol,True
27769,deployment,True
27770,deployment,True
27771,protocol,True
27772,deployment,True
27773,protocol,True
27774,protocol,True
27775,protocol,True
27776,deployment,True
27777,deployment,True
27778,protocol,True
27779,deployment,True
27780,protocol,True
27781,protocol,True
27782,protocol,True
27783,protocol,True
27784,deployment,True
27785,deployment,True
27786,deployment,True
27787,deployment,True
27788,deployment,True
27789,deployment,True
27790,protocol,True
27791,deployment,True
27792,protocol,True
27793,deployment,True
27794,deployment,True
27795,deployment,True
27796,deployment,True
27797,deployment,True
27798,deployment,True
27799,deployment,True
27800,deployment,True
27801,deployment,True
27802,deployment,True
27803,deployment,True
27804,deployment,True
27805,protocol,True
27806,deployment,True
27807,deployment,True
27808,deployment,True
27809,deployment,True
27810,deployment,True
27811,protocol,True
27812,deployment,True
27813,protocol,True
27814,deployment,True
27815,protocol,False
27816,deployment,False
27817,protocol,False
27818,protocol,False
27819,protocol,False
27820,protocol,False
27821,deployment,False
27822,deployment,False
27823,deployment,False
27824,deployment,False
27825,deployment,False
27826,deployment,False
27827,protocol,False
27828,protocol,False
27829,protocol,False
27830,deployment,False
27831,protocol,False
27832,protocol,False
27833,protocol,False
27834,deployment,False
27835,deployment,False
27836,protocol,False
27837,protocol,False
27838,protocol,False
27839,deployment,False
27840,protocol,False
27841,protocol,False
27842,deployment,False
27843,protocol,False
27844,deployment,False
27845,protocol,False
27846,protocol,False
27847,deployment,False
27848,protocol,False
27849,deployment,False
27850,protocol,False
27851,protocol,False
27852,protocol,False
27853,protocol,False
27854,deployment,False
27855,deployment,False
27856,deployment,False
27857,deployment,False
27858,deployment,False
27859,deployment,False
27860,protocol,False
27861,deployment,False
27862,deployment,False
27863,protocol,False
27864,protocol,False
27865,deployment,False
27866,protocol,False
27867,protocol,False
27868,protocol,False
27869,deployment,False
27870,protocol,False
27871,deployment,False
27872,deployment,False
27873,deployment,False
27874,deployment,False
27875,protocol,False
27876,deployment,False
27877,deployment,False
27878,deployment,False
27879,protocol,False
27880,deployment,False
27881,protocol,False
27882,protocol,False
27883,protocol,False
27884,protocol,False
27885,deployment,False
27886,deployment,False
27887,deployment,False
27888,protocol,False
27889,protocol,False
27890,protocol,False
27891,protocol,False
27892,deployment,False
27893,deployment,False
27894,deployment,False
27895,deployment,False
27896,deployment,False
27897,deployment,False
27898,protocol,False
27899,protocol,False
27900,deployment,False
27901,deployment,False
27902,deployment,False
27903,deployment,False
27904,protocol,False
27905,protocol,False
27906,deployment,False
27907,deployment,False
27908,deployment,False
27909,protocol,True
27910,protocol,True
27911,protocol,True
27912,protocol,True
27913,protocol,True
27914,protocol,True
27915,protocol,True
27916,deployment,True
27917,deployment,True
27918,deployment,True
27919,protocol,True
27920,deployment,True
27921,protocol,True
27922,protocol,True
27923,protocol,True
27924,protocol,True
27925,protocol,True
27926,protocol,True
27927,protocol,True
27928,protocol,True
27929,protocol,True
27930,protocol,True
27931,protocol,True
27932,protocol,True
27933,protocol,True
27934,protocol,True
27935,protocol,True
27936,protocol,True
27937,protocol,True
27938,protocol,True
27939,protocol,True
27940,deployment,True
27941,deployment,True
27942,protocol,True
27943,protocol,True
27944,protocol,True
27945,deployment,True
27946,deployment,True
27947,protocol,True
27948,deployment,True
27949,deployment,True
27950,protocol,True
27951,deployment,True
27952,deployment,True
27953,protocol,True
27954,deployment,True
27955,protocol,True
27956,protocol,True
27957,deployment,True
27958,deployment,True
27959,protocol,True
27960,protocol,True
27961,protocol,True
27962,deployment,True
27963,deployment,True
27964,deployment,True
27965,protocol,True
27966,protocol,True
27967,protocol,True
27968,protocol,True
27969,deployment,True
27970,deployment,True
27971,protocol,True
27972,deployment,True
27973,deployment,True
27974,deployment,True
27975,protocol,True
27976,protocol,True
27977,protocol,True
27978,protocol,True
27979,protocol,True
27980,protocol,True
27981,deployment,True
27982,protocol,True
27983,protocol,True
27984,protocol,True
27985,protocol,True
27986,protocol,True
27987,deployment,True
27988,deployment,True
27989,deployment,True
27990,deployment,True
27991,deployment,True
27992,deployment,True
27993,deployment,True
27994,deployment,True
27995,deployment,True
27996,deployment,True
27997,deployment,True
27998,protocol,True
27999,deployment,True
28000,deployment,True
28001,deployment,True
28002,protocol,True
28003,protocol,True
28004,deployment,True
28005,deployment,False
28006,protocol,False
28007,protocol,False
28008,deployment,False
28009,deployment,False
28010,deployment,False
28011,deployment,False
28012,protocol,False
28013,protocol,False
28014,protocol,False
28015,deployment,True
28016,protocol,True
28017,deployment,False
28018,protocol,False
28019,protocol,False
28020,protocol,False
28021,protocol,True
28022,protocol,False
28023,protocol,False
28024,protocol,False
28025,protocol,False
28026,protocol,False
28027,deployment,False
28028,protocol,False
28029,protocol,False
28030,protocol,False
28031,protocol,False
28032,deployment,False
28033,deployment,False
28034,protocol,False
28035,protocol,False
28036,deployment,False
28037,protocol,False
28038,protocol,False
28039,protocol,False
28040,protocol,False
28041,deployment,False
28042,deployment,False
28043,deployment,True
28044,deployment,False
28045,protocol,False
28046,protocol,False
28047,protocol,False
28048,deployment,False
28049,protocol,False
28050,protocol,False
28051,deployment,False
28052,deployment,False
28053,deployment,False
28054,deployment,False
28055,deployment,False
28056,deployment,False
28057,protocol,False
28058,deployment,False
28059,deployment,False
28060,deployment,False
28061,deployment,False
28062,deployment,False
28063,protocol,False
28064,deployment,False
28065,protocol,False
28066,protocol,False
28067,protocol,False
28068,protocol,False
28069,protocol,False
28070,protocol,False
28071,protocol,False
28072,protocol,False
28073,protocol,False
28074,deployment,False
28075,deployment,False
28076,deployment,False
28077,deployment,True
28078,deployment,False
28079,deployment,False
28080,protocol,True
28081,protocol,False
28082,deployment,False
28083,protocol,False
28084,protocol,False
28085,protocol,False
28086,protocol,False
28087,protocol,False
28088,deployment,False
28089,deployment,True
28090,deployment,True
28091,deployment,True
28092,deployment,True
28093,deployment,True
28094,deployment,True
28095,deployment,True
28096,deployment,False
28097,deployment,False
28098,deployment,False
28099,deployment,False
28100,deployment,False
28101,deployment,True
28102,deployment,True
28103,deployment,True
28104,deployment,True
28105,deployment,True
28106,deployment,True
28107,deployment,True
28108,deployment,True
28109,deployment,False
28110,deployment,True
28111,deployment,True
28112,deployment,True
28113,deployment,True
28114,deployment,True
28115,deployment,True
28116,deployment,True
28117,deployment,True
28118,deployment,True
28119,deployment,True
28120,deployment,True
28121,deployment,True
28122,deployment,True
28123,deployment,True
28124,deployment,True
28125,deployment,True
28126,deployment,True
28127,deployment,True
28128,deployment,True
28129,deployment,True
28130,deployment,True
28131,deployment,True
28132,deployment,True
28133,deployment,True
28134,deployment,True
28135,deployment,True
28136,deployment,True
28137,deployment,True
28138,deployment,True
28139,deployment,True
28140,deployment,True
28141,deployment,True
28142,deployment,True
28143,deployment,True
28144,deployment,True
28145,deployment,True
28146,deployment,True
28147,deployment,True
28148,deployment,True
28149,deployment,True
28150,deployment,True
28151,deployment,True
28152,deployment,True
28153,deployment,True
28154,deployment,True
28155,deployment,True
28156,deployment,True
28157,deployment,True
28158,deployment,True
28159,deployment,True
28160,deployment,True
28161,deployment,True
28162,deployment,True
28163,deployment,True
28164,deployment,True
28165,deployment,True
28166,deployment,True
28167,deployment,True
28168,deployment,True
28169,deployment,True
28170,deployment,True
28171,deployment,True
28172,deployment,True
28173,deployment,True
28174,deployment,True
28175,deployment,True
28176,deployment,True
28177,deployment,True
28178,deployment,True
28179,deployment,False
28180,deployment,False
28181,deployment,True
28182,deployment,True
28183,deployment,True
28184,deployment,True
28185,deployment,True
28186,deployment,True
28187,deployment,True
28188,deployment,False
28189,deployment,False
28190,deployment,True
28191,deployment,True
28192,deployment,True
28193,deployment,True
28194,deployment,True
28195,deployment,True
28196,deployment,True
28197,deployment,True
28198,deployment,True
28199,deployment,True
28200,deployment,True
28201,deployment,True
28202,deployment,True
28203,deployment,True
28204,deployment,True
28205,deployment,True
28206,deployment,True
28207,deployment,True
28208,deployment,True
28209,deployment,True
28210,deployment,True
28211,deployment,True
28212,deployment,True
28213,deployment,True
28214,deployment,True
28215,deployment,True
28216,protocol,True
28217,protocol,True
28218,protocol,True
28219,protocol,True
28220,protocol,True
28221,protocol,True
28222,deployment,True
28223,deployment,True
28224,deployment,True
28225,protocol,True
28226,deployment,True
28227,deployment,True
28228,protocol,True
28229,deployment,True
28230,deployment,True
28231,deployment,True
28232,protocol,True
28233,deployment,True
28234,deployment,True
28235,deployment,True
28236,deployment,True
28237,deployment,True
28238,deployment,True
28239,protocol,True
28240,deployment,True
28241,deployment,True
28242,protocol,True
28243,deployment,True
28244,deployment,True
28245,deployment,True
28246,deployment,True
28247,deployment,True
28248,protocol,True
28249,deployment,True
28250,deployment,True
28251,deployment,True
28252,protocol,True
28253,deployment,True
28254,deployment,True
28255,deployment,True
28256,deployment,True
28257,deployment,True
28258,deployment,True
28259,deployment,True
28260,deployment,True
28261,protocol,True
28262,protocol,True
28263,protocol,True
28264,protocol,True
28265,protocol,True
28266,protocol,True
28267,deployment,True
28268,deployment,True
28269,deployment,True
28270,deployment,True
28271,deployment,True
28272,deployment,True
28273,deployment,True
28274,deployment,True
28275,deployment,True
28276,deployment,True
28277,deployment,True
28278,deployment,True
28279,deployment,True
28280,deployment,True
28281,protocol,True
28282,protocol,True
28283,deployment,True
28284,deployment,True
28285,deployment,True
28286,deployment,True
28287,deployment,True
28288,deployment,True
28289,deployment,True
28290,deployment,True
28291,deployment,True
28292,deployment,True
28293,deployment,True
28294,deployment,True
28295,deployment,True
28296,deployment,False
28297,deployment,True
28298,protocol,True
28299,protocol,True
28300,deployment,True
28301,deployment,True
28302,deployment,False
28303,deployment,False
28304,deployment,True
28305,deployment,False
28306,deployment,True
28307,deployment,True
28308,deployment,False
28309,protocol,False
28310,deployment,True
28311,protocol,True
28312,protocol,True
28313,deployment,True
28314,protocol,True
28315,protocol,True
28316,deployment,True
28317,protocol,True
28318,protocol,True
28319,deployment,True
28320,deployment,False
28321,deployment,True
28322,deployment,True
28323,deployment,True
28324,deployment,True
28325,deployment,True
28326,deployment,True
28327,deployment,False
28328,protocol,True
28329,protocol,True
28330,protocol,True
28331,protocol,True
28332,deployment,True
28333,deployment,False
28334,deployment,True
28335,protocol,True
28336,protocol,True
28337,protocol,True
28338,protocol,True
28339,deployment,True
28340,deployment,True
28341,protocol,True
28342,protocol,True
28343,deployment,True
28344,deployment,True
28345,deployment,True
28346,deployment,True
28347,deployment,True
28348,deployment,True
28349,deployment,True
28350,protocol,True
28351,protocol,True
28352,protocol,True
28353,protocol,False
28354,deployment,True
28355,protocol,True
28356,deployment,True
28357,deployment,True
28358,deployment,True
28359,deployment,True
28360,deployment,True
28361,deployment,True
28362,deployment,True
28363,deployment,True
28364,deployment,True
28365,protocol,True
28366,protocol,True
28367,deployment,True
28368,deployment,False
28369,deployment,True
28370,deployment,True
28371,deployment,True
28372,deployment,True
28373,deployment,True
28374,deployment,True
28375,deployment,True
28376,deployment,True
28377,protocol,True
28378,protocol,True
28379,deployment,True
28380,deployment,True
28381,deployment,False
28382,deployment,False
28383,deployment,False
28384,deployment,False
28385,deployment,True
28386,deployment,True
28387,deployment,True
28388,deployment,True
28389,deployment,True
28390,deployment,True
28391,deployment,False
28392,deployment,False
28393,deployment,True
28394,deployment,True
28395,deployment,True
28396,deployment,True
28397,deployment,True
28398,deployment,True
28399,deployment,True
28400,deployment,True
28401,deployment,False
28402,deployment,False
28403,deployment,False
28404,deployment,False
28405,deployment,False
28406,protocol,True
28407,protocol,True
28408,deployment,True
28409,deployment,False
28410,deployment,False
28411,deployment,False
28412,deployment,False
28413,deployment,True
28414,deployment,True
28415,deployment,True
28416,deployment,True
28417,deployment,True
28418,protocol,True
28419,deployment,True
28420,deployment,False
28421,deployment,False
28422,deployment,False
28423,deployment,False
28424,deployment,False
28425,deployment,True
28426,deployment,True
28427,deployment,True
28428,deployment,True
28429,protocol,True
28430,deployment,True
28431,deployment,True
28432,deployment,True
28433,deployment,True
28434,protocol,True
28435,deployment,True
28436,deployment,True
28437,deployment,True
28438,protocol,True
28439,deployment,True
28440,deployment,True
28441,deployment,True
28442,deployment,True
28443,deployment,True
28444,deployment,True
28445,deployment,True
28446,deployment,True
28447,deployment,True
28448,deployment,True
28449,deployment,True
28450,deployment,True
28451,deployment,True
28452,deployment,True
28453,deployment,True
28454,deployment,True
28455,deployment,True
28456,deployment,True
28457,deployment,True
28458,deployment,True
28459,deployment,True
28460,deployment,True
28461,protocol,True
28462,protocol,True
28463,protocol,True
28464,deployment,False
28465,deployment,True
28466,deployment,True
28467,deployment,True
28468,deployment,True
28469,deployment,True
28470,deployment,True
28471,deployment,True
28472,deployment,True
28473,deployment,False
28474,deployment,False
28475,deployment,False
28476,deployment,False
28477,deployment,False
28478,protocol,False
28479,protocol,False
28480,deployment,False
28481,deployment,True
28482,deployment,True
28483,protocol,True
28484,deployment,True
28485,protocol,True
28486,protocol,True
28487,protocol,True
28488,deployment,False
28489,protocol,False
28490,deployment,True
28491,protocol,False
28492,deployment,False
28493,deployment,False
28494,protocol,True
28495,protocol,True
28496,deployment,True
28497,protocol,True
28498,deployment,True
28499,protocol,True
28500,deployment,True
28501,deployment,True
28502,deployment,True
28503,deployment,True
28504,deployment,True
28505,deployment,True
28506,deployment,True
28507,deployment,True
28508,deployment,True
28509,deployment,True
28510,protocol,True
28511,deployment,True
28512,deployment,True
28513,deployment,False
28514,deployment,True
28515,deployment,True
28516,deployment,True
28517,deployment,True
28518,deployment,True
28519,deployment,True
28520,deployment,False
28521,deployment,False
28522,deployment,False
28523,deployment,False
28524,protocol,False
28525,deployment,False
28526,deployment,False
28527,deployment,False
28528,deployment,False
28529,deployment,False
28530,deployment,False
28531,deployment,False
28532,deployment,False
28533,protocol,False
28534,deployment,False
28535,deployment,False
28536,deployment,False
28537,deployment,False
28538,protocol,False
28539,deployment,False
28540,deployment,False
28541,deployment,False
28542,deployment,False
28543,deployment,False
28544,deployment,False
28545,deployment,False
28546,protocol,False
28547,protocol,False
28548,deployment,False
28549,deployment,False
28550,deployment,False
28551,protocol,False
28552,deployment,False
28553,deployment,False
28554,deployment,False
28555,protocol,False
28556,deployment,False
28557,deployment,False
28558,deployment,False
28559,deployment,False
28560,deployment,False
28561,protocol,False
28562,protocol,False
28563,deployment,False
28564,deployment,False
28565,deployment,False
28566,deployment,False
28567,deployment,False
28568,deployment,False
28569,deployment,False
28570,deployment,False
28571,deployment,False
28572,deployment,False
28573,deployment,False
28574,deployment,False
28575,deployment,False
28576,deployment,False
28577,deployment,False
28578,deployment,False
28579,deployment,False
28580,deployment,False
28581,deployment,False
28582,deployment,False
28583,deployment,False
28584,deployment,False
28585,deployment,False
28586,deployment,False
28587,deployment,False
28588,deployment,False
28589,protocol,False
28590,protocol,False
28591,deployment,False
28592,deployment,False
28593,deployment,False
28594,deployment,False
28595,deployment,False
28596,deployment,False
28597,protocol,False
28598,deployment,False
28599,protocol,False
28600,deployment,False
28601,deployment,False
28602,protocol,False
28603,deployment,True
28604,protocol,True
28605,deployment,True
28606,deployment,True
28607,deployment,True
28608,protocol,True
28609,deployment,False
28610,deployment,True
28611,deployment,True
28612,protocol,True
28613,deployment,False
28614,protocol,True
28615,deployment,False
28616,deployment,False
28617,deployment,False
28618,deployment,False
28619,deployment,False
28620,deployment,False
28621,deployment,False
28622,deployment,False
28623,protocol,True
28624,protocol,True
28625,deployment,False
28626,deployment,False
28627,deployment,False
28628,deployment,False
28629,deployment,False
28630,deployment,True
28631,deployment,True
28632,deployment,True
28633,deployment,True
28634,deployment,True
28635,deployment,True
28636,deployment,False
28637,deployment,False
28638,deployment,False
28639,deployment,False
28640,deployment,False
28641,deployment,False
28642,deployment,False
28643,deployment,False
28644,deployment,False
28645,deployment,False
28646,deployment,False
28647,deployment,False
28648,deployment,False
28649,deployment,False
28650,deployment,False
28651,deployment,False
28652,deployment,False
28653,deployment,False
28654,deployment,False
28655,deployment,False
28656,deployment,False
28657,protocol,True
28658,deployment,False
28659,deployment,False
28660,deployment,False
28661,deployment,False
28662,deployment,False
28663,deployment,False
28664,deployment,False
28665,deployment,False
28666,deployment,True
28667,deployment,False
28668,deployment,False
28669,deployment,False
28670,deployment,False
28671,deployment,False
28672,deployment,False
28673,protocol,True
28674,deployment,False
28675,deployment,False
28676,deployment,False
28677,deployment,False
28678,deployment,False
28679,deployment,False
28680,deployment,False
28681,deployment,False
28682,protocol,True
28683,deployment,False
28684,deployment,True
28685,deployment,True
28686,deployment,True
28687,deployment,False
28688,deployment,False
28689,deployment,False
28690,deployment,True
28691,deployment,False
28692,deployment,False
28693,deployment,False
28694,deployment,False
28695,deployment,False
28696,principle,True
28697,deployment,False
28698,deployment,False
28699,deployment,True
28700,deployment,True
28701,deployment,True
28702,deployment,True
28703,deployment,True
28704,deployment,True
28705,deployment,True
28706,deployment,True
28707,protocol,True
28708,protocol,True
28709,deployment,True
28710,deployment,True
28711,deployment,True
28712,deployment,True
28713,deployment,True
28714,deployment,True
28715,deployment,True
28716,deployment,True
28717,protocol,True
28718,protocol,True
28719,deployment,True
28720,deployment,True
28721,deployment,True
28722,deployment,True
28723,deployment,True
28724,deployment,True
28725,deployment,True
28726,deployment,True
28727,protocol,True
28728,protocol,True
28729,protocol,True
28730,protocol,True
28731,deployment,True
28732,deployment,True
28733,deployment,True
28734,protocol,True
28735,deployment,True
28736,deployment,True
28737,deployment,True
28738,deployment,True
28739,deployment,True
28740,protocol,True
28741,deployment,True
28742,deployment,True
28743,deployment,True
28744,principle,True
28745,principle,True
28746,deployment,True
28747,deployment,True
28748,deployment,True
28749,deployment,True
28750,protocol,True
28751,deployment,True
28752,deployment,True
28753,deployment,True
28754,deployment,True
28755,protocol,True
28756,deployment,True
28757,deployment,True
28758,deployment,True
28759,deployment,True
28760,deployment,True
28761,deployment,True
28762,deployment,True
28763,deployment,True
28764,protocol,True
28765,deployment,True
28766,deployment,True
28767,deployment,True
28768,deployment,True
28769,deployment,True
28770,protocol,True
28771,deployment,True
28772,deployment,True
28773,deployment,True
28774,protocol,True
28775,deployment,True
28776,deployment,True
28777,deployment,True
28778,deployment,True
28779,deployment,True
28780,deployment,True
28781,deployment,True
28782,deployment,True
28783,deployment,True
28784,deployment,True
28785,protocol,True
28786,deployment,True
28787,deployment,True
28788,deployment,True
28789,protocol,True
28790,protocol,True
28791,deployment,True
28792,deployment,True
28793,deployment,True
28794,deployment,True
28795,deployment,True
28796,protocol,True
28797,protocol,True
28798,protocol,True
28799,protocol,True
28800,deployment,True
28801,protocol,True
28802,protocol,True
28803,deployment,True
28804,deployment,True
28805,deployment,True
28806,deployment,True
28807,deployment,True
28808,deployment,True
28809,deployment,True
28810,deployment,True
28811,deployment,True
28812,deployment,True
28813,deployment,True
28814,protocol,True
28815,protocol,True
28816,deployment,True
28817,deployment,True
28818,deployment,True
28819,deployment,True
28820,deployment,True
28821,protocol,True
28822,protocol,True
28823,protocol,True
28824,deployment,True
28825,deployment,True
28826,deployment,True
28827,deployment,True
28828,deployment,True
28829,deployment,True
28830,deployment,True
28831,deployment,True
28832,protocol,True
28833,deployment,True
28834,deployment,True
28835,protocol,True
28836,protocol,True
28837,deployment,True
28838,deployment,True
28839,deployment,True
28840,deployment,True
28841,deployment,True
28842,protocol,True
28843,protocol,True
28844,deployment,True
28845,deployment,True
28846,protocol,True
28847,deployment,True
28848,deployment,True
28849,deployment,True
28850,deployment,True
28851,deployment,True
28852,deployment,True
28853,deployment,True
28854,protocol,True
28855,deployment,True
28856,deployment,True
28857,protocol,True
28858,deployment,True
28859,deployment,True
28860,deployment,True
28861,deployment,True
28862,protocol,True
28863,protocol,True
28864,deployment,True
28865,deployment,True
28866,protocol,True
28867,protocol,True
28868,protocol,True
28869,protocol,True
28870,deployment,True
28871,protocol,True
28872,protocol,True
28873,deployment,True
28874,deployment,True
28875,deployment,True
28876,deployment,True
28877,deployment,True
28878,protocol,True
28879,protocol,True
28880,protocol,True
28881,protocol,True
28882,protocol,True
28883,protocol,True
28884,protocol,True
28885,protocol,True
28886,deployment,True
28887,deployment,True
28888,deployment,True
28889,protocol,True
28890,protocol,True
28891,protocol,True
28892,deployment,False
28893,deployment,False
28894,deployment,False
28895,deployment,False
28896,protocol,False
28897,protocol,False
28898,deployment,False
28899,deployment,False
28900,deployment,False
28901,deployment,True
28902,protocol,True
28903,protocol,True
28904,protocol,True
28905,protocol,True
28906,deployment,True
28907,deployment,True
28908,deployment,True
28909,deployment,True
28910,deployment,True
28911,protocol,True
28912,protocol,True
28913,deployment,True
28914,deployment,True
28915,deployment,True
28916,deployment,True
28917,principle,True
28918,deployment,True
28919,deployment,True
28920,principle,True
28921,deployment,True
28922,deployment,True
28923,deployment,True
28924,protocol,True
28925,protocol,True
28926,protocol,True
28927,deployment,True
28928,deployment,True
28929,deployment,True
28930,deployment,True
28931,principle,True
28932,deployment,True
28933,deployment,True
28934,deployment,True
28935,deployment,True
28936,deployment,True
28937,protocol,True
28938,protocol,True
28939,protocol,True
28940,protocol,True
28941,protocol,True
28942,protocol,True
28943,protocol,True
28944,protocol,True
28945,principle,True
28946,deployment,True
28947,deployment,True
28948,principle,True
28949,deployment,True
28950,deployment,True
28951,protocol,True
28952,protocol,True
28953,deployment,True
28954,protocol,True
28955,protocol,True
28956,deployment,True
28957,protocol,True
28958,protocol,True
28959,deployment,True
28960,protocol,True
28961,protocol,True
28962,protocol,True
28963,protocol,True
28964,protocol,True
28965,protocol,True
28966,protocol,True
28967,protocol,True
28968,protocol,True
28969,protocol,True
28970,protocol,True
28971,protocol,True
28972,protocol,True
28973,principle,True
28974,protocol,True
28975,protocol,True
28976,protocol,True
28977,protocol,True
28978,protocol,True
28979,protocol,True
28980,protocol,True
28981,protocol,True
28982,protocol,True
28983,protocol,True
28984,protocol,True
28985,deployment,False
28986,deployment,False
28987,deployment,False
28988,deployment,False
28989,deployment,False
28990,deployment,False
28991,deployment,False
28992,deployment,False
28993,deployment,False
28994,deployment,False
28995,deployment,False
28996,deployment,False
28997,deployment,False
28998,deployment,False
28999,deployment,False
29000,deployment,False
29001,deployment,False
29002,deployment,False
29003,deployment,False
29004,deployment,False
29005,deployment,False
29006,deployment,False
29007,deployment,False
29008,deployment,False
29009,deployment,False
29010,deployment,False
29011,deployment,False
29012,deployment,False
29013,deployment,False
29014,deployment,False
29015,deployment,False
29016,deployment,False
29017,deployment,False
29018,deployment,False
29019,deployment,False
29020,deployment,False
29021,deployment,False
29022,protocol,True
29023,deployment,False
29024,deployment,False
29025,deployment,False
29026,deployment,False
29027,deployment,False
29028,deployment,False
29029,deployment,False
29030,protocol,True
29031,deployment,False
29032,protocol,True
29033,protocol,True
29034,deployment,False
29035,deployment,False
29036,deployment,False
29037,deployment,False
29038,protocol,True
29039,deployment,False
29040,deployment,False
29041,deployment,False
29042,deployment,False
29043,protocol,True
29044,deployment,False
29045,deployment,False
29046,deployment,False
29047,deployment,False
29048,deployment,False
29049,deployment,False
29050,deployment,False
29051,deployment,False
29052,deployment,False
29053,deployment,False
29054,deployment,False
29055,deployment,False
29056,deployment,False
29057,deployment,False
29058,deployment,False
29059,deployment,False
29060,deployment,False
29061,deployment,False
29062,deployment,False
29063,deployment,False
29064,deployment,False
29065,deployment,False
29066,deployment,False
29067,deployment,False
29068,deployment,False
29069,deployment,False
29070,deployment,False
29071,deployment,False
29072,deployment,False
29073,deployment,False
29074,deployment,False
29075,deployment,True
29076,deployment,True
29077,deployment,True
29078,deployment,True
29079,deployment,True
29080,deployment,True
29081,deployment,False
29082,deployment,True
29083,deployment,True
29084,deployment,True
29085,protocol,True
29086,protocol,True
29087,protocol,True
29088,protocol,True
29089,protocol,True
29090,deployment,True
29091,protocol,True
29092,protocol,True
29093,deployment,True
29094,protocol,True
29095,protocol,True
29096,protocol,True
29097,deployment,False
29098,deployment,False
29099,protocol,True
29100,protocol,True
29101,protocol,True
29102,deployment,False
29103,deployment,False
29104,deployment,False
29105,deployment,False
29106,deployment,False
29107,deployment,False
29108,deployment,True
29109,deployment,False
29110,protocol,False
29111,protocol,False
29112,protocol,True
29113,protocol,False
29114,protocol,True
29115,protocol,True
29116,protocol,False
29117,protocol,False
29118,protocol,True
29119,deployment,True
29120,protocol,True
29121,deployment,True
29122,deployment,True
29123,protocol,True
29124,deployment,True
29125,protocol,True
29126,deployment,True
29127,deployment,False
29128,deployment,False
29129,deployment,False
29130,deployment,False
29131,deployment,False
29132,deployment,False
29133,deployment,False
29134,deployment,False
29135,deployment,False
29136,deployment,True
29137,deployment,True
29138,deployment,True
29139,deployment,True
29140,deployment,True
29141,deployment,True
29142,deployment,True
29143,deployment,True
29144,deployment,True
29145,deployment,True
29146,deployment,False
29147,deployment,False
29148,deployment,False
29149,deployment,True
29150,deployment,False
29151,deployment,False
29152,deployment,False
29153,deployment,False
29154,deployment,False
29155,deployment,False
29156,deployment,False
29157,deployment,True
29158,deployment,False
29159,deployment,True
29160,deployment,False
29161,deployment,True
29162,deployment,False
29163,deployment,False
29164,protocol,False
29165,protocol,True
29166,protocol,True
29167,deployment,False
29168,deployment,True
29169,protocol,True
29170,protocol,True
29171,protocol,True
29172,deployment,True
29173,protocol,True
29174,deployment,True
29175,protocol,True
29176,deployment,True
29177,protocol,True
29178,deployment,True
29179,protocol,True
29180,protocol,True
29181,protocol,True
29182,protocol,True
29183,protocol,True
29184,deployment,False
29185,deployment,False
29186,deployment,False
29187,deployment,True
29188,deployment,True
29189,protocol,False
29190,protocol,True
29191,protocol,True
29192,deployment,False
29193,deployment,False
29194,protocol,False
29195,deployment,True
29196,deployment,False
29197,deployment,False
29198,deployment,False
29199,deployment,False
29200,deployment,False
29201,deployment,False
29202,protocol,True
29203,protocol,True
29204,protocol,True
29205,protocol,False
29206,protocol,True
29207,protocol,True
29208,protocol,True
29209,protocol,False
29210,protocol,False
29211,protocol,False
29212,protocol,False
29213,protocol,False
29214,protocol,False
29215,protocol,False
29216,protocol,False
29217,protocol,False
29218,deployment,False
29219,deployment,False
29220,protocol,False
29221,deployment,False
29222,deployment,True
29223,deployment,True
29224,deployment,True
29225,protocol,True
29226,protocol,True
29227,deployment,True
29228,deployment,False
29229,deployment,False
29230,deployment,True
29231,deployment,False
29232,protocol,False
29233,protocol,True
29234,protocol,False
29235,protocol,False
29236,deployment,False
29237,deployment,False
29238,protocol,True
29239,protocol,True
29240,protocol,True
29241,protocol,True
29242,deployment,False
29243,deployment,False
29244,deployment,False
29245,deployment,False
29246,deployment,False
29247,deployment,False
29248,deployment,False
29249,deployment,False
29250,deployment,False
29251,deployment,False
29252,deployment,False
29253,deployment,False
29254,deployment,False
29255,deployment,False
29256,protocol,True
29257,protocol,True
29258,protocol,True
29259,protocol,True
29260,deployment,False
29261,protocol,True
29262,protocol,True
29263,protocol,True
29264,protocol,True
29265,deployment,False
29266,deployment,False
29267,protocol,True
29268,protocol,True
29269,protocol,True
29270,deployment,False
29271,deployment,False
29272,deployment,False
29273,deployment,False
29274,deployment,False
29275,deployment,False
29276,deployment,False
29277,deployment,False
29278,deployment,False
29279,deployment,False
29280,deployment,False
29281,deployment,False
29282,deployment,False
29283,deployment,False
29284,deployment,False
29285,deployment,False
29286,deployment,False
29287,deployment,False
29288,protocol,True
29289,protocol,True
29290,protocol,True
29291,deployment,False
29292,protocol,True
29293,deployment,False
29294,deployment,False
29295,deployment,False
29296,deployment,False
29297,protocol,True
29298,protocol,True
29299,protocol,True
29300,protocol,True
29301,protocol,True
29302,protocol,True
29303,deployment,False
29304,deployment,False
29305,deployment,False
29306,deployment,False
29307,protocol,True
29308,protocol,True
29309,deployment,False
29310,deployment,False
29311,deployment,False
29312,protocol,True
29313,deployment,False
29314,protocol,True
29315,deployment,False
29316,protocol,True
29317,protocol,True
29318,protocol,True
29319,protocol,True
29320,protocol,True
29321,protocol,True
29322,protocol,True
29323,protocol,True
29324,deployment,False
29325,deployment,False
29326,protocol,True
29327,deployment,False
29328,deployment,False
29329,deployment,False
29330,deployment,False
29331,deployment,False
29332,deployment,False
29333,protocol,True
29334,deployment,False
29335,protocol,True
29336,deployment,False
29337,deployment,False
29338,deployment,False
29339,deployment,False
29340,protocol,True
29341,protocol,True
29342,deployment,False
29343,deployment,False
29344,deployment,False
29345,deployment,False
29346,deployment,True
29347,deployment,True
29348,deployment,True
29349,deployment,True
29350,deployment,True
29351,deployment,True
29352,protocol,True
29353,protocol,True
29354,deployment,True
29355,protocol,True
29356,deployment,True
29357,protocol,True
29358,deployment,True
29359,protocol,True
29360,protocol,True
29361,protocol,True
29362,protocol,True
29363,deployment,False
29364,protocol,True
29365,deployment,False
29366,protocol,True
29367,deployment,True
29368,deployment,True
29369,protocol,True
29370,protocol,True
29371,deployment,True
29372,deployment,False
29373,deployment,False
29374,protocol,False
29375,deployment,False
29376,deployment,False
29377,deployment,True
29378,protocol,True
29379,protocol,True
29380,protocol,True
29381,deployment,True
29382,deployment,True
29383,protocol,True
29384,deployment,True
29385,protocol,True
29386,protocol,True
29387,protocol,True
29388,protocol,True
29389,protocol,True
29390,deployment,True
29391,deployment,True
29392,deployment,True
29393,deployment,True
29394,deployment,True
29395,deployment,True
29396,principle,True
29397,deployment,False
29398,deployment,False
29399,deployment,False
29400,deployment,False
29401,deployment,True
29402,deployment,True
29403,protocol,False
29404,protocol,False
29405,protocol,True
29406,protocol,True
29407,deployment,False
29408,deployment,False
29409,principle,True
29410,deployment,True
29411,protocol,True
29412,protocol,True
29413,protocol,True
29414,deployment,False
29415,principle,True
29416,principle,True
29417,principle,True
29418,protocol,False
29419,protocol,False
29420,protocol,True
29421,protocol,True
29422,protocol,True
29423,protocol,True
29424,principle,True
29425,principle,True
29426,principle,True
29427,principle,True
29428,principle,True
29429,principle,True
29430,principle,True
29431,principle,True
29432,deployment,False
29433,deployment,False
29434,deployment,False
29435,deployment,False
29436,deployment,True
29437,deployment,True
29438,deployment,False
29439,deployment,True
29440,deployment,True
29441,deployment,True
29442,deployment,True
29443,deployment,False
29444,deployment,True
29445,deployment,True
29446,deployment,True
29447,deployment,True
29448,deployment,False
29449,deployment,True
29450,deployment,True
29451,deployment,False
29452,deployment,True
29453,deployment,True
29454,deployment,True
29455,deployment,True
29456,deployment,True
29457,deployment,True
29458,deployment,True
29459,deployment,True
29460,deployment,True
29461,deployment,False
29462,deployment,False
29463,deployment,False
29464,deployment,True
29465,deployment,True
29466,deployment,True
29467,deployment,True
29468,deployment,True
29469,deployment,True
29470,deployment,True
29471,deployment,True
29472,deployment,True
29473,deployment,True
29474,deployment,True
29475,deployment,True
29476,deployment,True
29477,deployment,True
29478,deployment,True
29479,deployment,True
29480,deployment,True
29481,deployment,True
29482,deployment,True
29483,deployment,True
29484,deployment,True
29485,deployment,True
29486,deployment,True
29487,deployment,True
29488,deployment,True
29489,deployment,True
29490,deployment,True
29491,deployment,True
29492,deployment,True
29493,deployment,True
29494,deployment,True
29495,deployment,True
29496,deployment,True
29497,deployment,True
29498,deployment,True
29499,deployment,True
29500,deployment,True
29501,deployment,True
29502,deployment,True
29503,deployment,True
29504,deployment,True
29505,deployment,True
29506,deployment,True
29507,deployment,True
29508,deployment,True
29509,deployment,True
29510,deployment,True
29511,deployment,False
29512,deployment,False
29513,deployment,False
29514,deployment,False
29515,deployment,False
29516,deployment,False
29517,deployment,True
29518,deployment,False
29519,deployment,False
29520,deployment,False
29521,deployment,False
29522,deployment,False
29523,deployment,False
29524,deployment,False
29525,deployment,False
29526,deployment,False
29527,deployment,False
29528,deployment,False
29529,deployment,False
29530,deployment,False
29531,deployment,False
29532,deployment,False
29533,protocol,False
29534,deployment,True
29535,protocol,True
29536,deployment,True
29537,deployment,False
29538,deployment,True
29539,protocol,True
29540,deployment,True
29541,protocol,False
29542,deployment,False
29543,deployment,False
29544,protocol,False
29545,deployment,False
29546,protocol,False
29547,deployment,True
29548,protocol,True
29549,deployment,True
29550,protocol,True
29551,deployment,False
29552,deployment,True
29553,deployment,True
29554,deployment,True
29555,deployment,True
29556,deployment,False
29557,deployment,False
29558,deployment,False
29559,deployment,False
29560,deployment,False
29561,deployment,False
29562,protocol,False
29563,protocol,False
29564,deployment,True
29565,deployment,True
29566,deployment,True
29567,deployment,True
29568,deployment,True
29569,deployment,True
29570,deployment,True
29571,deployment,True
29572,deployment,True
29573,deployment,True
29574,deployment,True
29575,deployment,True
29576,deployment,True
29577,deployment,True
29578,deployment,True
29579,deployment,True
29580,deployment,True
29581,deployment,True
29582,protocol,True
29583,protocol,True
29584,protocol,True
29585,protocol,True
29586,deployment,True
29587,deployment,True
29588,deployment,True
29589,protocol,True
29590,deployment,True
29591,protocol,True
29592,protocol,True
29593,protocol,True
29594,protocol,True
29595,deployment,True
29596,deployment,True
29597,deployment,True
29598,deployment,True
29599,deployment,True
29600,deployment,True
29601,protocol,True
29602,deployment,True
29603,deployment,True
29604,deployment,True
29605,deployment,True
29606,protocol,True
29607,deployment,True
29608,deployment,True
29609,deployment,True
29610,protocol,True
29611,principle,True
29612,principle,True
29613,deployment,True
29614,deployment,True
29615,deployment,True
29616,deployment,True
29617,deployment,True
29618,deployment,True
29619,protocol,True
29620,deployment,True
29621,deployment,True
29622,deployment,False
29623,deployment,False
29624,deployment,False
29625,deployment,False
29626,deployment,False
29627,deployment,False
29628,deployment,False
29629,deployment,False
29630,deployment,False
29631,deployment,False
29632,deployment,False
29633,protocol,True
29634,protocol,False
29635,protocol,True
29636,deployment,False
29637,deployment,False
29638,protocol,True
29639,protocol,True
29640,protocol,False
29641,protocol,False
29642,protocol,False
29643,deployment,False
29644,deployment,False
29645,deployment,False
29646,deployment,False
29647,protocol,False
29648,protocol,False
29649,deployment,False
29650,deployment,False
29651,deployment,False
29652,deployment,False
29653,protocol,False
29654,deployment,False
29655,deployment,False
29656,protocol,True
29657,protocol,True
29658,protocol,True
29659,protocol,True
29660,protocol,True
29661,protocol,False
29662,protocol,True
29663,protocol,False
29664,protocol,False
29665,protocol,False
29666,protocol,False
29667,protocol,False
29668,protocol,False
29669,protocol,False
29670,protocol,False
29671,protocol,False
29672,protocol,True
29673,protocol,False
29674,protocol,True
29675,protocol,True
29676,protocol,True
29677,protocol,True
29678,protocol,True
29679,protocol,True
29680,protocol,True
29681,protocol,True
29682,protocol,False
29683,protocol,False
29684,protocol,False
29685,protocol,True
29686,protocol,False
29687,protocol,False
29688,protocol,True
29689,protocol,True
29690,protocol,True
29691,protocol,True
29692,protocol,True
29693,protocol,False
29694,protocol,True
29695,protocol,False
29696,protocol,False
29697,protocol,False
29698,protocol,False
29699,protocol,False
29700,protocol,False
29701,protocol,False
29702,protocol,True
29703,protocol,True
29704,protocol,True
29705,protocol,False
29706,protocol,False
29707,protocol,False
29708,protocol,False
29709,protocol,True
29710,protocol,True
29711,protocol,True
29712,protocol,False
29713,deployment,False
29714,deployment,False
29715,deployment,False
29716,deployment,False
29717,deployment,False
29718,deployment,False
29719,deployment,False
29720,deployment,False
29721,deployment,False
29722,deployment,False
29723,deployment,False
29724,deployment,False
29725,deployment,False
29726,deployment,False
29727,deployment,False
29728,deployment,False
29729,deployment,False
29730,deployment,False
29731,deployment,False
29732,deployment,False
29733,deployment,False
29734,deployment,False
29735,deployment,False
29736,deployment,False
29737,deployment,False
29738,deployment,False
29739,deployment,False
29740,deployment,False
29741,deployment,False
29742,deployment,False
29743,deployment,False
29744,deployment,False
29745,deployment,False
29746,deployment,False
29747,deployment,False
29748,deployment,False
29749,deployment,False
29750,deployment,False
29751,deployment,False
29752,deployment,False
29753,deployment,False
29754,deployment,False
29755,deployment,False
29756,deployment,False
29757,deployment,False
29758,deployment,False
29759,deployment,False
29760,deployment,False
29761,deployment,False
29762,deployment,False
29763,deployment,False
29764,deployment,False
29765,deployment,False
29766,deployment,False
29767,deployment,False
29768,deployment,False
29769,deployment,False
29770,deployment,False
29771,deployment,False
29772,deployment,False
29773,deployment,False
29774,deployment,False
29775,deployment,False
29776,deployment,False
29777,deployment,False
29778,deployment,False
29779,deployment,False
29780,deployment,False
29781,deployment,False
29782,deployment,False
29783,deployment,False
29784,deployment,False
29785,protocol,True
29786,deployment,False
29787,deployment,False
29788,deployment,False
29789,deployment,False
29790,deployment,False
29791,deployment,False
29792,deployment,False
29793,deployment,False
29794,deployment,False
29795,deployment,False
29796,deployment,False
29797,deployment,False
29798,deployment,False
29799,deployment,False
29800,deployment,False
29801,deployment,False
29802,deployment,False
29803,deployment,True
29804,deployment,True
29805,deployment,False
29806,protocol,True
29807,deployment,True
29808,deployment,False
29809,deployment,False
29810,protocol,True
29811,protocol,True
29812,deployment,True
29813,protocol,True
29814,deployment,True
29815,deployment,True
29816,protocol,True
29817,protocol,True
29818,deployment,True
29819,deployment,False
29820,deployment,True
29821,deployment,True
29822,deployment,True
29823,deployment,True
29824,deployment,True
29825,deployment,True
29826,deployment,True
29827,deployment,True
29828,deployment,True
29829,deployment,True
29830,deployment,True
29831,deployment,True
29832,deployment,True
29833,deployment,True
29834,deployment,True
29835,deployment,True
29836,deployment,True
29837,deployment,True
29838,deployment,True
29839,deployment,True
29840,deployment,False
29841,deployment,True
29842,deployment,True
29843,deployment,True
29844,deployment,True
29845,deployment,True
29846,deployment,True
29847,deployment,True
29848,deployment,True
29849,deployment,False
29850,deployment,False
29851,deployment,True
29852,deployment,True
29853,deployment,True
29854,deployment,True
29855,deployment,True
29856,deployment,True
29857,deployment,True
29858,deployment,True
29859,deployment,True
29860,deployment,True
29861,deployment,True
29862,deployment,True
29863,deployment,True
29864,deployment,True
29865,deployment,False
29866,deployment,False
29867,deployment,False
29868,deployment,False
29869,deployment,False
29870,deployment,False
29871,deployment,False
29872,deployment,False
29873,deployment,False
29874,deployment,False
29875,deployment,False
29876,deployment,False
29877,deployment,False
29878,deployment,False
29879,deployment,False
29880,deployment,False
29881,deployment,False
29882,deployment,False
29883,deployment,False
29884,deployment,False
29885,deployment,False
29886,deployment,True
29887,deployment,True
29888,deployment,True
29889,deployment,True
29890,deployment,True
29891,protocol,True
29892,deployment,True
29893,deployment,False
29894,deployment,True
29895,deployment,False
29896,deployment,False
29897,protocol,True
29898,protocol,True
29899,deployment,False
29900,deployment,False
29901,deployment,False
29902,deployment,False
29903,deployment,False
29904,deployment,False
29905,deployment,False
29906,deployment,False
29907,deployment,False
29908,deployment,False
29909,deployment,False
29910,deployment,False
29911,deployment,False
29912,deployment,False
29913,deployment,False
29914,deployment,False
29915,deployment,False
29916,deployment,False
29917,deployment,False
29918,deployment,False
29919,deployment,False
29920,deployment,False
29921,deployment,False
29922,deployment,False
29923,deployment,False
29924,deployment,False
29925,deployment,False
29926,deployment,False
29927,deployment,False
29928,deployment,False
29929,deployment,False
29930,deployment,False
29931,deployment,False
29932,deployment,False
29933,deployment,False
29934,deployment,False
29935,deployment,False
29936,deployment,False
29937,deployment,False
29938,deployment,False
29939,deployment,False
29940,deployment,False
29941,deployment,False
29942,deployment,False
29943,deployment,False
29944,deployment,False
29945,deployment,False
29946,deployment,False
29947,deployment,False
29948,deployment,False
29949,deployment,False
29950,deployment,False
29951,deployment,False
29952,deployment,False
29953,deployment,False
29954,deployment,False
29955,deployment,False
29956,deployment,False
29957,deployment,False
29958,deployment,False
29959,deployment,False
29960,deployment,False
29961,deployment,False
29962,deployment,False
29963,deployment,False
29964,deployment,False
29965,deployment,False
29966,deployment,False
29967,deployment,False
29968,deployment,False
29969,deployment,False
29970,deployment,False
29971,deployment,False
29972,deployment,False
29973,deployment,False
29974,deployment,False
29975,deployment,False
29976,deployment,False
29977,protocol,False
29978,protocol,False
29979,protocol,False
29980,protocol,False
29981,protocol,False
29982,protocol,False
29983,protocol,False
29984,protocol,False
29985,protocol,False
29986,protocol,False
29987,protocol,False
29988,protocol,False
29989,protocol,False
29990,protocol,False
29991,protocol,False
29992,protocol,False
29993,protocol,False
29994,protocol,False
29995,protocol,False
29996,protocol,False
29997,protocol,False
29998,protocol,False
29999,protocol,False
30000,protocol,False
30001,protocol,False
30002,protocol,False
30003,protocol,False
30004,protocol,False
30005,protocol,False
30006,protocol,False
30007,protocol,False
30008,protocol,False
30009,protocol,False
30010,protocol,False
30011,protocol,False
30012,protocol,False
30013,protocol,False
30014,protocol,False
30015,protocol,False
30016,protocol,False
30017,protocol,False
30018,protocol,False
30019,protocol,False
30020,protocol,False
30021,protocol,False
30022,protocol,False
30023,protocol,False
30024,protocol,False
30025,protocol,False
30026,protocol,False
30027,protocol,False
30028,protocol,False
30029,protocol,False
30030,protocol,False
30031,protocol,False
30032,protocol,False
30033,protocol,False
30034,protocol,False
30035,protocol,False
30036,protocol,False
30037,protocol,False
30038,protocol,False
30039,protocol,False
30040,protocol,False
30041,protocol,False
30042,protocol,False
30043,protocol,False
30044,protocol,False
30045,protocol,False
30046,protocol,False
30047,protocol,False
30048,protocol,False
30049,protocol,False
30050,protocol,False
30051,protocol,False
30052,protocol,False
30053,protocol,False
30054,protocol,False
30055,protocol,False
30056,protocol,False
30057,protocol,False
30058,protocol,False
30059,protocol,False
30060,protocol,False
30061,protocol,False
30062,protocol,False
30063,protocol,False
30064,protocol,False
30065,protocol,False
30066,protocol,False
30067,protocol,False
30068,protocol,False
30069,protocol,False
30070,protocol,False
30071,protocol,False
30072,protocol,False
30073,protocol,False
30074,protocol,False
30075,protocol,False
30076,protocol,False
30077,protocol,False
30078,protocol,False
30079,protocol,True
30080,protocol,True
30081,protocol,False
30082,protocol,False
30083,protocol,False
30084,protocol,False
30085,protocol,False
30086,protocol,False
30087,protocol,False
30088,protocol,False
30089,protocol,False
30090,protocol,False
30091,protocol,False
30092,protocol,False
30093,protocol,False
30094,protocol,True
30095,protocol,False
30096,protocol,False
30097,protocol,False
30098,protocol,False
30099,protocol,False
30100,protocol,False
30101,protocol,False
30102,protocol,False
30103,protocol,False
30104,protocol,False
30105,protocol,False
30106,protocol,False
30107,protocol,False
30108,protocol,False
30109,protocol,False
30110,protocol,False
30111,protocol,False
30112,protocol,False
30113,protocol,False
30114,protocol,False
30115,protocol,False
30116,protocol,False
30117,protocol,False
30118,protocol,False
30119,protocol,False
30120,protocol,False
30121,protocol,False
30122,protocol,False
30123,protocol,False
30124,protocol,False
30125,protocol,False
30126,protocol,False
30127,protocol,False
30128,protocol,False
30129,protocol,False
30130,protocol,False
30131,protocol,False
30132,protocol,False
30133,protocol,False
30134,protocol,False
30135,protocol,False
30136,protocol,False
30137,protocol,False
30138,protocol,False
30139,protocol,False
30140,protocol,False
30141,protocol,False
30142,protocol,False
30143,protocol,False
30144,protocol,False
30145,protocol,False
30146,protocol,False
30147,protocol,False
30148,protocol,False
30149,protocol,False
30150,protocol,False
30151,protocol,False
30152,protocol,False
30153,protocol,False
30154,protocol,False
30155,protocol,False
30156,protocol,False
30157,protocol,False
30158,protocol,False
30159,protocol,False
30160,protocol,False
30161,protocol,False
30162,protocol,False
30163,protocol,False
30164,protocol,False
30165,protocol,False
30166,protocol,False
30167,protocol,False
30168,protocol,False
30169,protocol,False
30170,protocol,False
30171,protocol,False
30172,protocol,False
30173,protocol,False
30174,protocol,False
30175,protocol,False
30176,protocol,False
30177,protocol,False
30178,protocol,False
30179,protocol,False
30180,protocol,False
30181,protocol,False
30182,protocol,False
30183,protocol,False
30184,protocol,False
30185,protocol,False
30186,protocol,False
30187,protocol,False
30188,protocol,False
30189,protocol,False
30190,protocol,False
30191,protocol,False
30192,protocol,False
30193,protocol,False
30194,protocol,False
30195,protocol,False
30196,protocol,False
30197,protocol,False
30198,protocol,False
30199,protocol,False
30200,protocol,False
30201,protocol,False
30202,protocol,False
30203,protocol,False
30204,protocol,False
30205,protocol,False
30206,protocol,False
30207,protocol,False
30208,protocol,False
30209,protocol,False
30210,protocol,False
30211,protocol,False
30212,protocol,False
30213,protocol,False
30214,protocol,False
30215,protocol,False
30216,protocol,False
30217,protocol,False
30218,protocol,False
30219,protocol,False
30220,protocol,False
30221,protocol,False
30222,protocol,False
30223,protocol,False
30224,protocol,False
30225,protocol,False
30226,protocol,False
30227,protocol,False
30228,protocol,False
30229,protocol,False
30230,protocol,False
30231,protocol,False
30232,protocol,False
30233,protocol,False
30234,protocol,False
30235,protocol,False
30236,protocol,False
30237,protocol,False
30238,protocol,False
30239,protocol,False
30240,protocol,False
30241,protocol,False
30242,protocol,False
30243,protocol,False
30244,protocol,False
30245,protocol,False
30246,protocol,False
30247,protocol,False
30248,protocol,False
30249,protocol,False
30250,protocol,False
30251,deployment,True
30252,deployment,False
30253,deployment,False
30254,deployment,False
30255,deployment,False
30256,deployment,False
30257,deployment,False
30258,deployment,False
30259,deployment,False
30260,deployment,False
30261,deployment,False
30262,protocol,True
30263,deployment,True
30264,deployment,False
30265,deployment,False
30266,deployment,True
30267,deployment,False
30268,protocol,True
30269,deployment,False
30270,deployment,False
30271,deployment,False
30272,deployment,False
30273,deployment,False
30274,deployment,False
30275,deployment,False
30276,deployment,False
30277,deployment,False
30278,protocol,True
30279,deployment,False
30280,deployment,False
30281,deployment,False
30282,deployment,False
30283,deployment,False
30284,deployment,False
30285,deployment,False
30286,deployment,False
30287,deployment,False
30288,deployment,False
30289,deployment,True
30290,deployment,False
30291,deployment,False
30292,deployment,False
30293,deployment,False
30294,deployment,False
30295,deployment,False
30296,deployment,False
30297,deployment,False
30298,deployment,False
30299,deployment,False
30300,deployment,False
30301,deployment,False
30302,deployment,False
30303,deployment,False
30304,deployment,False
30305,deployment,False
30306,deployment,False
30307,deployment,False
30308,deployment,False
30309,deployment,False
30310,deployment,False
30311,deployment,False
30312,deployment,False
30313,deployment,False
30314,deployment,False
30315,deployment,False
30316,deployment,False
30317,deployment,False
30318,deployment,False
30319,deployment,False
30320,deployment,False
30321,deployment,False
30322,deployment,False
30323,deployment,False
30324,deployment,False
30325,deployment,False
30326,deployment,False
30327,protocol,True
30328,deployment,False
30329,deployment,False
30330,deployment,False
30331,deployment,False
30332,deployment,False
30333,deployment,False
30334,principle,True
30335,deployment,False
30336,deployment,False
30337,deployment,False
30338,deployment,False
30339,deployment,False
30340,deployment,False
30341,deployment,False
30342,deployment,False
30343,deployment,False
30344,deployment,False
30345,deployment,False
30346,deployment,False
30347,protocol,True
30348,protocol,True
30349,protocol,True
30350,protocol,True
30351,deployment,False
30352,deployment,False
30353,deployment,False
30354,deployment,False
30355,protocol,True
30356,deployment,True
30357,protocol,True
30358,deployment,False
30359,protocol,True
30360,deployment,True
30361,protocol,True
30362,deployment,True
30363,deployment,True
30364,deployment,True
30365,deployment,True
30366,deployment,True
30367,deployment,True
30368,deployment,True
30369,deployment,True
30370,deployment,True
30371,deployment,True
30372,protocol,True
30373,deployment,True
30374,deployment,True
30375,deployment,True
30376,deployment,True
30377,deployment,True
30378,deployment,True
30379,deployment,True
30380,deployment,True
30381,deployment,True
30382,deployment,True
30383,deployment,True
30384,deployment,True
30385,deployment,True
30386,deployment,True
30387,deployment,True
30388,deployment,True
30389,deployment,True
30390,deployment,True
30391,deployment,True
30392,deployment,True
30393,deployment,True
30394,deployment,True
30395,deployment,True
30396,deployment,True
30397,deployment,True
30398,deployment,True
30399,deployment,True
30400,deployment,True
30401,deployment,True
30402,deployment,True
30403,deployment,True
30404,deployment,True
30405,deployment,True
30406,deployment,True
30407,deployment,True
30408,deployment,True
30409,deployment,True
30410,deployment,True
30411,deployment,True
30412,deployment,True
30413,deployment,True
30414,deployment,True
30415,deployment,True
30416,deployment,True
30417,deployment,True
30418,deployment,True
30419,deployment,True
30420,deployment,True
30421,deployment,True
30422,deployment,True
30423,deployment,True
30424,deployment,True
30425,deployment,True
30426,deployment,True
30427,deployment,True
30428,deployment,True
30429,deployment,True
30430,deployment,True
30431,deployment,True
30432,deployment,True
30433,deployment,True
30434,deployment,True
30435,deployment,True
30436,deployment,True
30437,protocol,True
30438,deployment,True
30439,deployment,True
30440,deployment,True
30441,deployment,True
30442,deployment,True
30443,deployment,True
30444,deployment,True
30445,deployment,True
30446,deployment,True
30447,deployment,True
30448,deployment,True
30449,deployment,True
30450,deployment,False
30451,deployment,True
30452,deployment,True
30453,deployment,True
30454,deployment,True
30455,deployment,True
30456,deployment,True
30457,deployment,True
30458,deployment,True
30459,deployment,False
30460,deployment,False
30461,deployment,True
30462,deployment,False
30463,deployment,False
30464,deployment,False
30465,deployment,True
30466,deployment,True
30467,deployment,True
30468,deployment,True
30469,deployment,False
30470,deployment,False
30471,deployment,True
30472,deployment,True
30473,deployment,False
30474,deployment,True
30475,deployment,True
30476,deployment,False
30477,deployment,True
30478,deployment,True
30479,deployment,True
30480,deployment,True
30481,deployment,True
30482,deployment,True
30483,deployment,True
30484,deployment,True
30485,deployment,True
30486,deployment,True
30487,deployment,True
30488,deployment,True
30489,deployment,True
30490,deployment,True
30491,deployment,True
30492,deployment,True
30493,deployment,False
30494,deployment,False
30495,deployment,True
30496,deployment,True
30497,deployment,False
30498,deployment,False
30499,deployment,True
30500,deployment,True
30501,deployment,False
30502,deployment,True
30503,deployment,True
30504,deployment,True
30505,deployment,False
30506,deployment,True
30507,deployment,True
30508,deployment,True
30509,deployment,True
30510,deployment,True
30511,deployment,True
30512,deployment,True
30513,deployment,True
30514,deployment,True
30515,deployment,True
30516,deployment,True
30517,deployment,True
30518,deployment,True
30519,deployment,True
30520,deployment,True
30521,deployment,True
30522,deployment,True
30523,deployment,True
30524,deployment,True
30525,deployment,True
30526,deployment,True
30527,deployment,True
30528,deployment,True
30529,deployment,True
30530,deployment,True
30531,deployment,False
30532,deployment,True
30533,deployment,True
30534,deployment,True
30535,deployment,True
30536,deployment,True
30537,deployment,True
30538,deployment,True
30539,deployment,True
30540,deployment,True
30541,deployment,True
30542,deployment,True
30543,deployment,True
30544,deployment,True
30545,deployment,True
30546,protocol,True
30547,protocol,True
30548,protocol,True
30549,deployment,True
30550,protocol,True
30551,deployment,True
30552,deployment,True
30553,protocol,True
30554,deployment,True
30555,deployment,True
30556,deployment,True
30557,deployment,True
30558,deployment,True
30559,protocol,True
30560,deployment,True
30561,deployment,True
30562,deployment,True
30563,protocol,True
30564,deployment,True
30565,protocol,True
30566,deployment,True
30567,deployment,True
30568,deployment,True
30569,deployment,True
30570,deployment,True
30571,protocol,True
30572,deployment,True
30573,deployment,True
30574,deployment,True
30575,deployment,True
30576,deployment,True
30577,deployment,True
30578,deployment,True
30579,protocol,True
30580,deployment,True
30581,deployment,True
30582,deployment,True
30583,deployment,True
30584,deployment,True
30585,deployment,True
30586,deployment,True
30587,deployment,True
30588,deployment,True
30589,deployment,True
30590,deployment,True
30591,deployment,True
30592,deployment,True
30593,deployment,True
30594,deployment,True
30595,deployment,True
30596,deployment,True
30597,deployment,True
30598,deployment,True
30599,deployment,True
30600,deployment,True
30601,deployment,True
30602,deployment,True
30603,deployment,True
30604,deployment,True
30605,deployment,True
30606,deployment,True
30607,deployment,True
30608,deployment,True
30609,deployment,True
30610,deployment,True
30611,deployment,True
30612,deployment,True
30613,deployment,True
30614,deployment,True
30615,deployment,True
30616,deployment,True
30617,deployment,True
30618,deployment,True
30619,deployment,True
30620,deployment,True
30621,deployment,True
30622,deployment,True
30623,deployment,True
30624,deployment,True
30625,deployment,True
30626,deployment,True
30627,deployment,True
30628,deployment,True
30629,deployment,True
30630,deployment,True
30631,deployment,True
30632,deployment,True
30633,deployment,True
30634,deployment,True
30635,deployment,True
30636,deployment,True
30637,deployment,True
30638,deployment,True
30639,deployment,True
30640,deployment,True
30641,deployment,True
30642,deployment,True
30643,deployment,True
30644,deployment,True
30645,deployment,True
30646,deployment,True
30647,deployment,True
30648,protocol,True
30649,deployment,True
30650,deployment,True
30651,deployment,True
30652,deployment,True
30653,deployment,True
30654,deployment,True
30655,protocol,False
30656,protocol,True
30657,protocol,False
30658,protocol,False
30659,protocol,False
30660,protocol,False
30661,deployment,False
30662,deployment,True
30663,deployment,False
30664,deployment,False
30665,deployment,False
30666,deployment,False
30667,deployment,False
30668,deployment,False
30669,deployment,False
30670,deployment,False
30671,deployment,False
30672,deployment,False
30673,deployment,False
30674,deployment,False
30675,deployment,False
30676,deployment,False
30677,deployment,False
30678,deployment,False
30679,deployment,False
30680,principle,True
30681,deployment,False
30682,deployment,False
30683,protocol,False
30684,protocol,False
30685,protocol,False
30686,principle,True
30687,principle,True
30688,protocol,True
30689,deployment,False
30690,deployment,False
30691,protocol,False
30692,protocol,False
30693,protocol,False
30694,protocol,False
30695,deployment,False
30696,deployment,False
30697,protocol,False
30698,deployment,False
30699,deployment,False
30700,deployment,False
30701,deployment,False
30702,deployment,False
30703,deployment,False
30704,deployment,False
30705,deployment,False
30706,deployment,False
30707,deployment,False
30708,deployment,False
30709,protocol,False
30710,protocol,False
30711,protocol,False
30712,protocol,False
30713,deployment,False
30714,deployment,False
30715,deployment,False
30716,deployment,False
30717,deployment,False
30718,deployment,False
30719,deployment,False
30720,protocol,False
30721,protocol,False
30722,deployment,False
30723,deployment,False
30724,deployment,False
30725,deployment,False
30726,deployment,False
30727,deployment,False
30728,deployment,False
30729,deployment,False
30730,deployment,False
30731,deployment,False
30732,deployment,False
30733,deployment,False
30734,protocol,False
30735,deployment,False
30736,deployment,False
30737,deployment,False
30738,deployment,False
30739,protocol,False
30740,protocol,False
30741,protocol,False
30742,deployment,False
30743,deployment,False
30744,protocol,False
30745,protocol,False
30746,deployment,False
30747,deployment,False
30748,protocol,False
30749,protocol,False
30750,deployment,False
30751,deployment,False
30752,protocol,False
30753,deployment,False
30754,deployment,False
30755,protocol,False
30756,protocol,False
30757,protocol,False
30758,protocol,False
30759,protocol,True
30760,protocol,False
30761,protocol,False
30762,protocol,False
30763,protocol,False
30764,protocol,False
30765,protocol,False
30766,protocol,True
30767,protocol,False
30768,protocol,False
30769,protocol,False
30770,deployment,False
30771,principle,True
30772,deployment,False
30773,deployment,False
30774,deployment,False
30775,deployment,False
30776,principle,True
30777,deployment,False
30778,principle,True
30779,principle,True
30780,deployment,False
30781,principle,False
30782,principle,True
30783,protocol,True
30784,protocol,False
30785,protocol,False
30786,protocol,False
30787,protocol,True
30788,protocol,False
30789,protocol,False
30790,protocol,False
30791,deployment,False
30792,deployment,False
30793,deployment,False
30794,deployment,False
30795,deployment,False
30796,deployment,False
30797,deployment,False
30798,deployment,False
30799,deployment,False
30800,deployment,False
30801,deployment,False
30802,deployment,False
30803,deployment,False
30804,deployment,False
30805,deployment,False
30806,deployment,False
30807,deployment,False
30808,deployment,False
30809,deployment,False
30810,deployment,False
30811,deployment,False
30812,deployment,False
30813,deployment,False
30814,deployment,False
30815,deployment,False
30816,deployment,False
30817,deployment,False
30818,deployment,False
30819,deployment,False
30820,deployment,False
30821,deployment,False
30822,deployment,False
30823,deployment,False
30824,deployment,False
30825,deployment,False
30826,deployment,False
30827,deployment,False
30828,deployment,False
30829,deployment,False
30830,deployment,False
30831,deployment,False
30832,deployment,False
30833,deployment,False
30834,deployment,False
30835,deployment,False
30836,deployment,False
30837,deployment,False
30838,deployment,False
30839,deployment,False
30840,deployment,False
30841,deployment,False
30842,deployment,False
30843,deployment,False
30844,deployment,False
30845,deployment,False
30846,deployment,False
30847,deployment,False
30848,deployment,False
30849,deployment,False
30850,deployment,False
30851,deployment,False
30852,deployment,False
30853,protocol,False
30854,protocol,False
30855,deployment,False
30856,deployment,False
30857,deployment,False
30858,deployment,False
30859,deployment,False
30860,deployment,False
30861,protocol,False
30862,deployment,False
30863,deployment,False
30864,deployment,False
30865,deployment,False
30866,deployment,False
30867,deployment,False
30868,deployment,False
30869,deployment,False
30870,deployment,False
30871,deployment,False
30872,protocol,False
30873,deployment,False
30874,deployment,False
30875,deployment,False
30876,deployment,False
30877,deployment,False
30878,deployment,False
30879,deployment,False
30880,deployment,False
30881,deployment,False
30882,protocol,False
30883,deployment,False
30884,deployment,False
30885,deployment,False
30886,deployment,False
30887,deployment,False
30888,deployment,False
30889,deployment,False
30890,deployment,False
30891,protocol,False
30892,deployment,False
30893,deployment,False
30894,deployment,False
30895,deployment,False
30896,protocol,False
30897,deployment,False
30898,deployment,False
30899,deployment,False
30900,protocol,True
30901,deployment,False
30902,deployment,False
30903,deployment,False
30904,deployment,False
30905,deployment,False
30906,deployment,False
30907,deployment,False
30908,deployment,False
30909,deployment,False
30910,deployment,False
30911,deployment,False
30912,deployment,False
30913,deployment,False
30914,deployment,False
30915,deployment,False
30916,deployment,False
30917,deployment,False
30918,deployment,False
30919,deployment,False
30920,deployment,False
30921,deployment,False
30922,deployment,False
30923,deployment,False
30924,deployment,False
30925,deployment,False
30926,deployment,False
30927,deployment,False
30928,protocol,True
30929,protocol,True
30930,deployment,False
30931,deployment,False
30932,deployment,False
30933,deployment,False
30934,deployment,False
30935,deployment,False
30936,deployment,False
30937,deployment,False
30938,deployment,False
30939,protocol,True
30940,deployment,False
30941,protocol,True
30942,deployment,False
30943,protocol,True
30944,protocol,True
30945,deployment,False
30946,deployment,False
30947,protocol,True
30948,protocol,True
30949,deployment,False
30950,deployment,False
30951,deployment,False
30952,deployment,False
30953,deployment,False
30954,deployment,False
30955,deployment,False
30956,deployment,False
30957,deployment,False
30958,deployment,False
30959,deployment,False
30960,deployment,False
30961,protocol,True
30962,protocol,True
30963,deployment,False
30964,deployment,False
30965,deployment,False
30966,deployment,False
30967,deployment,False
30968,deployment,False
30969,protocol,True
30970,deployment,False
30971,deployment,False
30972,protocol,True
30973,protocol,True
30974,deployment,False
30975,deployment,False
30976,deployment,False
30977,deployment,False
30978,deployment,False
30979,deployment,False
30980,deployment,False
30981,deployment,False
30982,deployment,False
30983,deployment,False
30984,deployment,False
30985,deployment,False
30986,deployment,False
30987,protocol,False
30988,deployment,False
30989,deployment,False
30990,deployment,False
30991,deployment,False
30992,deployment,False
30993,deployment,False
30994,protocol,False
30995,deployment,False
30996,deployment,False
30997,deployment,False
30998,protocol,False
30999,deployment,False
31000,deployment,False
31001,deployment,False
31002,deployment,False
31003,protocol,False
31004,protocol,False
31005,protocol,False
31006,protocol,False
31007,protocol,False
31008,deployment,False
31009,deployment,False
31010,deployment,False
31011,deployment,False
31012,deployment,False
31013,protocol,False
31014,protocol,False
31015,deployment,False
31016,deployment,False
31017,deployment,False
31018,protocol,False
31019,protocol,False
31020,deployment,False
31021,protocol,False
31022,deployment,False
31023,protocol,False
31024,deployment,False
31025,protocol,False
31026,deployment,False
31027,protocol,False
31028,protocol,False
31029,protocol,False
31030,deployment,False
31031,deployment,False
31032,deployment,False
31033,deployment,False
31034,deployment,False
31035,deployment,False
31036,deployment,False
31037,deployment,False
31038,deployment,False
31039,deployment,False
31040,protocol,False
31041,protocol,False
31042,protocol,False
31043,deployment,False
31044,deployment,False
31045,deployment,False
31046,deployment,False
31047,deployment,False
31048,protocol,False
31049,protocol,False
31050,protocol,False
31051,protocol,False
31052,protocol,False
31053,protocol,False
31054,protocol,False
31055,protocol,False
31056,protocol,False
31057,protocol,False
31058,protocol,False
31059,protocol,False
31060,deployment,False
31061,deployment,False
31062,deployment,False
31063,deployment,False
31064,deployment,False
31065,deployment,False
31066,deployment,False
31067,deployment,False
31068,deployment,False
31069,deployment,False
31070,deployment,False
31071,deployment,False
31072,deployment,False
31073,deployment,False
31074,deployment,False
31075,deployment,False
31076,deployment,False
31077,deployment,False
31078,deployment,False
31079,deployment,False
31080,deployment,False
31081,deployment,False
31082,deployment,False
31083,deployment,False
31084,deployment,False
31085,deployment,False
31086,deployment,False
31087,deployment,False
31088,deployment,False
31089,deployment,False
31090,deployment,False
31091,deployment,False
31092,deployment,False
31093,deployment,False
31094,deployment,False
31095,deployment,False
31096,deployment,False
31097,deployment,False
31098,deployment,False
31099,deployment,False
31100,deployment,False
31101,deployment,False
31102,deployment,False
31103,deployment,False
31104,deployment,False
31105,deployment,False
31106,deployment,False
31107,deployment,False
31108,deployment,False
31109,deployment,False
31110,deployment,False
31111,deployment,False
31112,deployment,False
31113,deployment,False
31114,deployment,False
31115,deployment,False
31116,deployment,False
31117,deployment,False
31118,deployment,False
31119,deployment,False
31120,deployment,False
31121,deployment,False
31122,deployment,False
31123,deployment,False
31124,protocol,False
31125,protocol,False
31126,deployment,False
31127,deployment,False
31128,deployment,False
31129,deployment,False
31130,deployment,False
31131,deployment,False
31132,protocol,False
31133,protocol,False
31134,protocol,False
31135,protocol,False
31136,protocol,False
31137,deployment,False
31138,deployment,False
31139,protocol,False
31140,protocol,False
31141,protocol,False
31142,protocol,False
31143,protocol,False
31144,protocol,False
31145,deployment,False
31146,protocol,False
31147,protocol,False
31148,protocol,False
31149,deployment,False
31150,protocol,False
31151,protocol,False
31152,deployment,False
31153,protocol,False
31154,protocol,False
31155,protocol,False
31156,protocol,False
31157,protocol,False
31158,protocol,False
31159,protocol,False
31160,protocol,False
31161,protocol,False
31162,deployment,False
31163,protocol,False
31164,deployment,False
31165,deployment,False
31166,deployment,False
31167,protocol,False
31168,protocol,False
31169,protocol,False
31170,protocol,False
31171,protocol,False
31172,protocol,False
31173,protocol,False
31174,protocol,False
31175,protocol,False
31176,protocol,False
31177,protocol,False
31178,protocol,False
31179,protocol,False
31180,protocol,False
31181,protocol,False
31182,protocol,False
31183,protocol,False
31184,deployment,False
31185,deployment,False
31186,deployment,False
31187,deployment,False
31188,protocol,False
31189,deployment,False
31190,deployment,False
31191,deployment,False
31192,protocol,False
31193,protocol,False
31194,protocol,False
31195,protocol,False
31196,protocol,False
31197,protocol,False
31198,protocol,False
31199,protocol,False
31200,protocol,False
31201,protocol,False
31202,protocol,False
31203,protocol,False
31204,protocol,False
31205,protocol,False
31206,protocol,False
31207,protocol,False
31208,protocol,False
31209,deployment,False
31210,deployment,False
31211,deployment,False
31212,deployment,False
31213,protocol,False
31214,protocol,False
31215,protocol,False
31216,protocol,False
31217,protocol,False
31218,deployment,False
31219,deployment,False
31220,deployment,False
31221,deployment,False
31222,deployment,False
31223,protocol,False
31224,deployment,False
31225,protocol,False
31226,protocol,False
31227,deployment,False
31228,deployment,False
31229,deployment,False
31230,deployment,False
31231,deployment,False
31232,deployment,False
31233,protocol,False
31234,protocol,False
31235,deployment,False
31236,deployment,False
31237,deployment,False
31238,deployment,False
31239,deployment,False
31240,deployment,False
31241,deployment,False
31242,deployment,False
31243,deployment,False
31244,deployment,False
31245,deployment,False
31246,deployment,False
31247,deployment,False
31248,deployment,False
31249,deployment,False
31250,protocol,False
31251,deployment,False
31252,protocol,False
31253,deployment,False
31254,deployment,False
31255,deployment,False
31256,protocol,False
31257,deployment,False
31258,deployment,False
31259,deployment,True
31260,deployment,False
31261,protocol,False
31262,deployment,False
31263,protocol,False
31264,protocol,False
31265,deployment,False
31266,deployment,False
31267,deployment,False
31268,protocol,False
31269,deployment,False
31270,deployment,False
31271,deployment,False
31272,protocol,False
31273,deployment,False
31274,deployment,False
31275,protocol,False
31276,deployment,False
31277,deployment,False
31278,protocol,False
31279,protocol,False
31280,deployment,False
31281,deployment,False
31282,deployment,False
31283,deployment,False
31284,deployment,False
31285,protocol,False
31286,deployment,False
31287,deployment,False
31288,deployment,False
31289,deployment,False
31290,deployment,False
31291,deployment,False
31292,protocol,False
31293,deployment,False
31294,protocol,False
31295,deployment,False
31296,protocol,False
31297,deployment,False
31298,deployment,False
31299,deployment,False
31300,protocol,False
31301,protocol,False
31302,deployment,False
31303,deployment,False
31304,protocol,False
31305,deployment,False
31306,deployment,False
31307,protocol,False
31308,protocol,False
31309,deployment,False
31310,deployment,False
31311,protocol,False
31312,deployment,False
31313,deployment,False
31314,protocol,False
31315,protocol,False
31316,protocol,False
31317,protocol,False
31318,protocol,True
31319,protocol,False
31320,protocol,True
31321,protocol,False
31322,protocol,False
31323,protocol,False
31324,protocol,False
31325,protocol,False
31326,protocol,False
31327,protocol,False
31328,protocol,False
31329,protocol,False
31330,protocol,False
31331,protocol,False
31332,protocol,True
31333,protocol,False
31334,protocol,False
31335,protocol,False
31336,protocol,False
31337,protocol,False
31338,protocol,False
31339,protocol,False
31340,protocol,False
31341,protocol,False
31342,protocol,False
31343,protocol,False
31344,protocol,False
31345,protocol,False
31346,protocol,False
31347,protocol,True
31348,protocol,True
31349,protocol,False
31350,protocol,False
31351,protocol,False
31352,protocol,True
31353,protocol,True
31354,protocol,True
31355,protocol,True
31356,protocol,True
31357,deployment,True
31358,deployment,True
31359,deployment,False
31360,deployment,True
31361,deployment,False
31362,deployment,True
31363,deployment,True
31364,deployment,False
31365,deployment,False
31366,deployment,False
31367,deployment,False
31368,deployment,False
31369,deployment,False
31370,deployment,False
31371,deployment,False
31372,deployment,False
31373,deployment,False
31374,deployment,False
31375,deployment,False
31376,deployment,False
31377,deployment,False
31378,deployment,False
31379,deployment,False
31380,deployment,False
31381,deployment,False
31382,deployment,False
31383,deployment,False
31384,deployment,False
31385,deployment,False
31386,deployment,False
31387,deployment,False
31388,deployment,False
31389,deployment,False
31390,deployment,False
31391,deployment,False
31392,deployment,False
31393,deployment,False
31394,deployment,False
31395,deployment,False
31396,deployment,False
31397,deployment,False
31398,deployment,False
31399,protocol,False
31400,deployment,False
31401,principle,True
31402,deployment,False
31403,deployment,False
31404,deployment,False
31405,protocol,False
31406,protocol,False
31407,deployment,False
31408,deployment,False
31409,protocol,False
31410,deployment,False
31411,protocol,False
31412,deployment,False
31413,deployment,False
31414,deployment,False
31415,deployment,False
31416,deployment,False
31417,deployment,False
31418,protocol,False
31419,protocol,False
31420,deployment,False
31421,deployment,False
31422,deployment,False
31423,deployment,False
31424,deployment,False
31425,deployment,False
31426,deployment,False
31427,deployment,False
31428,deployment,False
31429,protocol,False
31430,protocol,True
31431,protocol,False
31432,protocol,True
31433,deployment,False
31434,deployment,False
31435,deployment,False
31436,deployment,False
31437,principle,True
31438,principle,True
31439,deployment,False
31440,deployment,False
31441,deployment,False
31442,principle,True
31443,principle,True
31444,principle,True
31445,principle,True
31446,principle,True
31447,principle,True
31448,principle,True
31449,protocol,False
31450,deployment,False
31451,deployment,False
31452,deployment,False
31453,deployment,False
31454,deployment,False
31455,deployment,False
31456,principle,True
31457,principle,True
31458,deployment,False
31459,deployment,False
31460,deployment,False
31461,deployment,False
31462,deployment,False
31463,deployment,False
31464,deployment,False
31465,protocol,False
31466,protocol,False
31467,protocol,False
31468,protocol,False
31469,deployment,False
31470,protocol,False
31471,protocol,False
31472,deployment,False
31473,deployment,False
31474,deployment,False
31475,deployment,False
31476,deployment,False
31477,deployment,False
31478,deployment,False
31479,deployment,False
31480,protocol,False
31481,protocol,False
31482,protocol,False
31483,protocol,False
31484,protocol,False
31485,protocol,False
31486,protocol,True
31487,protocol,False
31488,protocol,False
31489,deployment,False
31490,deployment,False
31491,deployment,False
31492,deployment,False
31493,deployment,False
31494,deployment,False
31495,deployment,False
31496,deployment,False
31497,deployment,False
31498,deployment,False
31499,deployment,False
31500,deployment,False
31501,deployment,False
31502,deployment,False
31503,deployment,False
31504,deployment,False
31505,deployment,False
31506,deployment,False
31507,deployment,False
31508,deployment,False
31509,deployment,False
31510,deployment,False
31511,deployment,False
31512,deployment,False
31513,deployment,False
31514,deployment,False
31515,deployment,False
31516,deployment,False
31517,deployment,False
31518,deployment,False
31519,deployment,False
31520,deployment,False
31521,deployment,False
31522,deployment,False
31523,deployment,False
31524,deployment,False
31525,deployment,False
31526,deployment,False
31527,deployment,False
31528,deployment,False
31529,deployment,False
31530,deployment,False
31531,deployment,False
31532,deployment,False
31533,deployment,False
31534,deployment,False
31535,deployment,False
31536,protocol,False
31537,protocol,False
31538,deployment,False
31539,deployment,False
31540,deployment,False
31541,deployment,False
31542,deployment,False
31543,deployment,False
31544,deployment,False
31545,deployment,False
31546,deployment,False
31547,deployment,False
31548,deployment,False
31549,deployment,False
31550,deployment,False
31551,deployment,False
31552,deployment,False
31553,deployment,False
31554,deployment,False
31555,deployment,False
31556,deployment,False
31557,deployment,False
31558,deployment,False
31559,deployment,False
31560,deployment,False
31561,deployment,False
31562,deployment,False
31563,deployment,False
31564,deployment,False
31565,deployment,False
31566,deployment,False
31567,deployment,False
31568,deployment,False
31569,deployment,False
31570,deployment,False
31571,deployment,False
31572,deployment,False
31573,deployment,False
31574,deployment,False
31575,deployment,False
31576,deployment,False
31577,deployment,False
31578,deployment,False
31579,deployment,False
31580,deployment,False
31581,deployment,False
31582,deployment,False
31583,deployment,False
31584,deployment,False
31585,deployment,False
31586,deployment,False
31587,deployment,False
31588,deployment,False
31589,deployment,False
31590,deployment,False
31591,deployment,False
31592,deployment,False
31593,deployment,False
31594,deployment,False
31595,deployment,False
31596,deployment,False
31597,deployment,False
31598,deployment,False
31599,deployment,False
31600,deployment,False
31601,deployment,False
31602,deployment,False
31603,deployment,False
31604,deployment,False
31605,deployment,False
31606,deployment,False
31607,deployment,False
31608,deployment,False
31609,deployment,False
31610,deployment,False
31611,deployment,False
31612,deployment,False
31613,protocol,True
31614,deployment,False
31615,deployment,False
31616,deployment,False
31617,deployment,False
31618,deployment,False
31619,deployment,False
31620,deployment,False
31621,deployment,False
31622,protocol,True
31623,protocol,True
31624,protocol,True
31625,deployment,False
31626,deployment,False
31627,deployment,False
31628,protocol,True
31629,deployment,False
31630,protocol,True
31631,deployment,False
31632,deployment,False
31633,deployment,False
31634,deployment,False
31635,protocol,True
31636,protocol,True
31637,protocol,True
31638,deployment,False
31639,deployment,False
31640,deployment,False
31641,deployment,False
31642,deployment,False
31643,protocol,True
31644,protocol,True
31645,deployment,False
31646,deployment,False
31647,deployment,False
31648,deployment,False
31649,deployment,False
31650,deployment,False
31651,protocol,True
31652,protocol,True
31653,deployment,False
31654,deployment,False
31655,protocol,True
31656,protocol,True
31657,deployment,False
31658,deployment,False
31659,protocol,True
31660,deployment,False
31661,deployment,False
31662,deployment,False
31663,deployment,False
31664,deployment,False
31665,deployment,False
31666,deployment,False
31667,deployment,False
31668,protocol,True
31669,protocol,True
31670,protocol,True
31671,deployment,False
31672,deployment,False
31673,deployment,False
31674,deployment,False
31675,deployment,False
31676,deployment,False
31677,deployment,False
31678,protocol,True
31679,deployment,False
31680,protocol,True
31681,deployment,False
31682,deployment,False
31683,deployment,False
31684,deployment,False
31685,deployment,False
31686,deployment,False
31687,deployment,False
31688,deployment,False
31689,protocol,True
31690,deployment,False
31691,deployment,False
31692,deployment,False
31693,deployment,False
31694,deployment,False
31695,deployment,False
31696,deployment,False
31697,deployment,False
31698,deployment,False
31699,deployment,False
31700,deployment,False
31701,deployment,False
31702,deployment,False
31703,deployment,False
31704,deployment,False
31705,deployment,False
31706,deployment,False
31707,deployment,False
31708,protocol,False
31709,protocol,False
31710,protocol,False
31711,protocol,False
31712,protocol,False
31713,protocol,False
31714,protocol,False
31715,protocol,False
31716,protocol,False
31717,protocol,False
31718,protocol,False
31719,protocol,False
31720,protocol,False
31721,protocol,False
31722,protocol,False
31723,protocol,False
31724,protocol,False
31725,protocol,False
31726,protocol,False
31727,protocol,False
31728,protocol,False
31729,protocol,False
31730,protocol,False
31731,protocol,False
31732,protocol,False
31733,protocol,False
31734,protocol,False
31735,protocol,False
31736,protocol,False
31737,protocol,False
31738,protocol,False
31739,protocol,False
31740,protocol,False
31741,protocol,False
31742,protocol,False
31743,protocol,False
31744,protocol,False
31745,protocol,False
31746,protocol,False
31747,protocol,False
31748,protocol,False
31749,protocol,False
31750,protocol,False
31751,protocol,False
31752,protocol,False
31753,protocol,False
31754,protocol,False
31755,protocol,False
31756,protocol,False
31757,protocol,False
31758,protocol,False
31759,protocol,False
31760,protocol,False
31761,protocol,False
31762,protocol,False
31763,protocol,False
31764,protocol,False
31765,protocol,False
31766,protocol,False
31767,protocol,False
31768,protocol,False
31769,protocol,False
31770,protocol,False
31771,protocol,False
31772,protocol,False
31773,protocol,False
31774,protocol,False
31775,protocol,False
31776,protocol,False
31777,protocol,False
31778,protocol,False
31779,protocol,False
31780,protocol,False
31781,protocol,False
31782,protocol,False
31783,protocol,False
31784,protocol,False
31785,protocol,False
31786,protocol,False
31787,protocol,False
31788,protocol,False
31789,protocol,True
31790,protocol,True
31791,protocol,True
31792,protocol,True
31793,protocol,False
31794,protocol,True
31795,protocol,True
31796,protocol,True
31797,protocol,True
31798,protocol,True
31799,protocol,True
31800,protocol,True
31801,protocol,True
31802,protocol,True
31803,protocol,True
31804,protocol,True
31805,protocol,False
31806,protocol,True
31807,protocol,True
31808,protocol,True
31809,protocol,True
31810,protocol,True
31811,protocol,True
31812,protocol,False
31813,protocol,True
31814,protocol,True
31815,protocol,True
31816,protocol,True
31817,protocol,True
31818,protocol,False
31819,protocol,False
31820,protocol,True
31821,protocol,False
31822,protocol,False
31823,protocol,True
31824,protocol,True
31825,protocol,True
31826,protocol,True
31827,protocol,True
31828,protocol,True
31829,protocol,True
31830,protocol,True
31831,protocol,False
31832,protocol,False
31833,protocol,True
31834,protocol,True
31835,protocol,True
31836,protocol,True
31837,protocol,False
31838,protocol,False
31839,protocol,False
31840,protocol,False
31841,protocol,True
31842,protocol,False
31843,protocol,True
31844,protocol,True
31845,protocol,False
31846,protocol,False
31847,protocol,True
31848,protocol,True
31849,protocol,True
31850,protocol,False
31851,protocol,False
31852,protocol,True
31853,protocol,True
31854,protocol,True
31855,protocol,True
31856,protocol,True
31857,protocol,True
31858,protocol,True
31859,protocol,True
31860,protocol,True
31861,protocol,True
31862,protocol,True
31863,protocol,False
31864,protocol,True
31865,protocol,True
31866,protocol,True
31867,protocol,True
31868,protocol,True
31869,protocol,True
31870,protocol,True
31871,protocol,True
31872,protocol,True
31873,protocol,True
31874,protocol,True
31875,protocol,True
31876,protocol,False
31877,protocol,False
31878,protocol,True
31879,protocol,False
31880,protocol,False
31881,protocol,False
31882,protocol,False
31883,protocol,False
31884,protocol,False
31885,protocol,True
31886,protocol,False
31887,protocol,False
31888,protocol,False
31889,protocol,False
31890,protocol,True
31891,protocol,False
31892,protocol,False
31893,protocol,False
31894,protocol,False
31895,protocol,False
31896,protocol,False
31897,protocol,True
31898,protocol,True
31899,protocol,False
31900,protocol,True
31901,protocol,True
31902,protocol,True
31903,protocol,True
31904,protocol,True
31905,protocol,True
31906,protocol,False
31907,protocol,False
31908,protocol,False
31909,protocol,True
31910,protocol,True
31911,protocol,True
31912,protocol,False
31913,protocol,False
31914,protocol,True
31915,protocol,True
31916,protocol,True
31917,protocol,False
31918,protocol,False
31919,protocol,False
31920,protocol,True
31921,protocol,True
31922,protocol,True
31923,protocol,True
31924,protocol,True
31925,protocol,True
31926,protocol,True
31927,protocol,True
31928,protocol,True
31929,protocol,True
31930,protocol,True
31931,protocol,True
31932,protocol,True
31933,protocol,True
31934,protocol,True
31935,protocol,True
31936,protocol,True
31937,protocol,True
31938,protocol,True
31939,protocol,True
31940,protocol,True
31941,protocol,True
31942,protocol,False
31943,protocol,False
31944,protocol,False
31945,protocol,False
31946,protocol,False
31947,protocol,False
31948,protocol,False
31949,protocol,False
31950,protocol,False
31951,protocol,False
31952,protocol,True
31953,protocol,True
31954,protocol,True
31955,protocol,True
31956,protocol,True
31957,protocol,True
31958,protocol,True
31959,protocol,True
31960,protocol,True
31961,protocol,True
31962,protocol,True
31963,protocol,True
31964,protocol,True
31965,protocol,True
31966,protocol,True
31967,protocol,True
31968,protocol,True
31969,protocol,True
31970,protocol,True
31971,protocol,True
31972,protocol,True
31973,protocol,True
31974,protocol,True
31975,protocol,True
31976,protocol,True
31977,protocol,True
31978,protocol,True
31979,protocol,False
31980,protocol,True
31981,protocol,True
31982,protocol,True
31983,protocol,True
31984,protocol,True
31985,protocol,True
31986,protocol,True
31987,protocol,True
31988,protocol,True
31989,protocol,True
31990,protocol,True
31991,protocol,True
31992,protocol,True
31993,protocol,True
31994,protocol,True
31995,protocol,False
31996,protocol,True
31997,protocol,True
31998,protocol,True
31999,protocol,True
32000,protocol,True
32001,protocol,True
32002,protocol,True
32003,protocol,True
32004,protocol,True
32005,protocol,True
32006,protocol,True
32007,protocol,True
32008,protocol,True
32009,protocol,True
32010,protocol,True
32011,protocol,True
32012,protocol,True
32013,deployment,True
32014,deployment,True
32015,protocol,False
32016,principle,True
32017,principle,True
32018,protocol,True
32019,deployment,True
32020,protocol,True
32021,protocol,True
32022,protocol,True
32023,protocol,True
32024,deployment,True
32025,protocol,True
32026,deployment,True
32027,protocol,True
32028,deployment,True
32029,protocol,True
32030,protocol,True
32031,deployment,True
32032,deployment,True
32033,deployment,True
32034,deployment,True
32035,deployment,True
32036,protocol,True
32037,deployment,True
32038,deployment,True
32039,protocol,True
32040,protocol,True
32041,protocol,True
32042,protocol,True
32043,protocol,True
32044,protocol,True
32045,deployment,True
32046,deployment,True
32047,protocol,True
32048,protocol,True
32049,protocol,True
32050,deployment,True
32051,deployment,True
32052,deployment,True
32053,deployment,True
32054,deployment,True
32055,protocol,True
32056,deployment,True
32057,deployment,True
32058,protocol,True
32059,deployment,True
32060,protocol,True
32061,protocol,True
32062,deployment,True
32063,protocol,True
32064,protocol,True
32065,protocol,True
32066,protocol,True
32067,deployment,True
32068,protocol,False
32069,deployment,True
32070,deployment,True
32071,deployment,True
32072,deployment,True
32073,deployment,True
32074,protocol,False
32075,deployment,True
32076,deployment,True
32077,protocol,True
32078,protocol,False
32079,deployment,True
32080,protocol,True
32081,deployment,True
32082,deployment,True
32083,protocol,False
32084,protocol,False
32085,protocol,False
32086,deployment,True
32087,deployment,True
32088,protocol,False
32089,protocol,False
32090,deployment,True
32091,deployment,True
32092,deployment,True
32093,protocol,False
32094,protocol,False
32095,deployment,True
32096,protocol,True
32097,deployment,True
32098,protocol,True
32099,protocol,False
32100,protocol,False
32101,protocol,False
32102,deployment,True
32103,deployment,False
32104,deployment,False
32105,protocol,False
32106,protocol,False
32107,deployment,False
32108,protocol,False
32109,deployment,False
32110,protocol,False
32111,protocol,False
32112,protocol,False
32113,protocol,False
32114,deployment,False
32115,deployment,False
32116,deployment,False
32117,protocol,False
32118,protocol,False
32119,protocol,False
32120,protocol,False
32121,protocol,False
32122,protocol,False
32123,protocol,False
32124,protocol,False
32125,protocol,False
32126,protocol,False
32127,protocol,False
32128,deployment,False
32129,deployment,False
32130,deployment,False
32131,protocol,False
32132,deployment,False
32133,protocol,False
32134,deployment,False
32135,deployment,False
32136,protocol,False
32137,protocol,False
32138,protocol,False
32139,protocol,False
32140,protocol,False
32141,protocol,False
32142,deployment,False
32143,deployment,False
32144,deployment,False
32145,deployment,False
32146,deployment,False
32147,deployment,False
32148,deployment,False
32149,deployment,False
32150,deployment,False
32151,deployment,False
32152,deployment,False
32153,deployment,False
32154,deployment,False
32155,deployment,False
32156,deployment,False
32157,deployment,False
32158,deployment,False
32159,deployment,False
32160,deployment,False
32161,deployment,False
32162,deployment,False
32163,deployment,False
32164,deployment,False
32165,deployment,False
32166,deployment,False
32167,deployment,False
32168,deployment,False
32169,deployment,False
32170,deployment,False
32171,deployment,False
32172,deployment,False
32173,deployment,False
32174,deployment,False
32175,deployment,False
32176,deployment,False
32177,deployment,False
32178,deployment,False
32179,deployment,False
32180,deployment,False
32181,deployment,False
32182,deployment,False
32183,deployment,False
32184,deployment,False
32185,deployment,False
32186,deployment,False
32187,deployment,False
32188,deployment,False
32189,deployment,False
32190,deployment,False
32191,deployment,False
32192,deployment,False
32193,deployment,False
32194,deployment,False
32195,deployment,False
32196,deployment,False
32197,deployment,False
32198,deployment,False
32199,deployment,False
32200,deployment,False
32201,deployment,False
32202,deployment,False
32203,deployment,False
32204,deployment,False
32205,deployment,False
32206,deployment,False
32207,deployment,False
32208,deployment,False
32209,deployment,True
32210,deployment,True
32211,deployment,True
32212,deployment,True
32213,deployment,False
32214,deployment,False
32215,deployment,True
32216,deployment,True
32217,deployment,True
32218,deployment,True
32219,deployment,True
32220,deployment,True
32221,deployment,False
32222,deployment,False
32223,deployment,True
32224,deployment,True
32225,deployment,True
32226,deployment,True
32227,deployment,False
32228,deployment,True
32229,deployment,True
32230,deployment,True
32231,deployment,True
32232,protocol,True
32233,deployment,True
32234,deployment,True
32235,deployment,True
32236,deployment,True
32237,deployment,True
32238,deployment,False
32239,deployment,False
32240,deployment,False
32241,deployment,False
32242,deployment,False
32243,deployment,True
32244,deployment,True
32245,deployment,False
32246,deployment,False
32247,deployment,False
32248,protocol,True
32249,deployment,True
32250,deployment,True
32251,deployment,True
32252,deployment,True
32253,deployment,False
32254,protocol,True
32255,protocol,True
32256,protocol,True
32257,deployment,True
32258,deployment,True
32259,deployment,True
32260,deployment,False
32261,protocol,True
32262,deployment,False
32263,deployment,True
32264,deployment,True
32265,deployment,True
32266,deployment,False
32267,deployment,False
32268,deployment,False
32269,deployment,True
32270,deployment,False
32271,deployment,False
32272,deployment,False
32273,deployment,False
32274,deployment,True
32275,deployment,True
32276,deployment,True
32277,deployment,True
32278,deployment,True
32279,deployment,True
32280,deployment,True
32281,deployment,True
32282,deployment,False
32283,deployment,True
32284,deployment,True
32285,deployment,False
32286,deployment,False
32287,deployment,False
32288,deployment,False
32289,deployment,False
32290,deployment,True
32291,deployment,True
32292,deployment,False
32293,deployment,False
32294,deployment,False
32295,deployment,False
32296,deployment,False
32297,deployment,False
32298,deployment,False
32299,deployment,False
32300,deployment,True
32301,deployment,True
32302,deployment,True
32303,deployment,True
32304,deployment,True
32305,deployment,True
32306,deployment,True
32307,deployment,True
32308,deployment,True
32309,deployment,True
32310,deployment,True
32311,deployment,True
32312,deployment,True
32313,deployment,True
32314,deployment,True
32315,deployment,True
32316,deployment,True
32317,deployment,True
32318,deployment,True
32319,deployment,True
32320,deployment,True
32321,deployment,True
32322,deployment,True
32323,deployment,False
32324,deployment,True
32325,deployment,True
32326,deployment,False
32327,deployment,True
32328,deployment,True
32329,deployment,True
32330,deployment,False
32331,deployment,True
32332,deployment,True
32333,deployment,False
32334,deployment,True
32335,deployment,True
32336,deployment,True
32337,deployment,True
32338,deployment,True
32339,deployment,True
32340,deployment,True
32341,deployment,True
32342,deployment,True
32343,deployment,True
32344,deployment,True
32345,deployment,True
32346,deployment,True
32347,deployment,True
32348,deployment,True
32349,deployment,True
32350,deployment,True
32351,deployment,True
32352,deployment,True
32353,deployment,False
32354,deployment,False
32355,deployment,False
32356,deployment,False
32357,deployment,False
32358,deployment,True
32359,deployment,True
32360,deployment,True
32361,deployment,True
32362,deployment,True
32363,deployment,True
32364,deployment,True
32365,deployment,True
32366,deployment,True
32367,deployment,True
32368,deployment,True
32369,deployment,True
32370,deployment,True
32371,deployment,True
32372,deployment,True
32373,deployment,True
32374,deployment,True
32375,deployment,True
32376,deployment,True
32377,deployment,True
32378,deployment,False
32379,deployment,False
32380,deployment,False
32381,deployment,True
32382,deployment,False
32383,deployment,True
32384,deployment,True
32385,deployment,True
32386,deployment,True
32387,deployment,True
32388,deployment,True
32389,deployment,True
32390,deployment,True
32391,deployment,True
32392,deployment,True
32393,deployment,True
32394,deployment,True
32395,deployment,True
32396,deployment,True
32397,deployment,True
32398,deployment,True
32399,deployment,True
32400,deployment,True
32401,deployment,True
32402,deployment,True
32403,deployment,False
32404,deployment,False
32405,deployment,True
32406,deployment,True
32407,deployment,False
32408,protocol,False
32409,protocol,True
32410,protocol,True
32411,protocol,False
32412,protocol,False
32413,protocol,False
32414,protocol,False
32415,protocol,False
32416,protocol,False
32417,protocol,False
32418,protocol,False
32419,protocol,False
32420,protocol,False
32421,protocol,True
32422,protocol,True
32423,protocol,True
32424,protocol,True
32425,protocol,True
32426,protocol,False
32427,protocol,True
32428,protocol,False
32429,protocol,True
32430,protocol,True
32431,protocol,True
32432,protocol,True
32433,protocol,False
32434,protocol,False
32435,protocol,False
32436,protocol,False
32437,protocol,False
32438,protocol,False
32439,protocol,False
32440,protocol,True
32441,protocol,True
32442,protocol,True
32443,protocol,True
32444,protocol,False
32445,protocol,False
32446,protocol,True
32447,protocol,True
32448,protocol,False
32449,protocol,False
32450,protocol,False
32451,protocol,True
32452,protocol,True
32453,protocol,False
32454,protocol,False
32455,protocol,False
32456,protocol,False
32457,protocol,False
32458,protocol,False
32459,protocol,False
32460,protocol,True
32461,protocol,True
32462,protocol,False
32463,protocol,False
32464,protocol,False
32465,protocol,False
32466,protocol,False
32467,protocol,False
32468,protocol,False
32469,protocol,False
32470,protocol,False
32471,protocol,False
32472,protocol,True
32473,protocol,True
32474,protocol,False
32475,protocol,True
32476,protocol,True
32477,protocol,True
32478,protocol,True
32479,protocol,False
32480,protocol,False
32481,protocol,False
32482,protocol,False
32483,protocol,False
32484,protocol,True
32485,protocol,True
32486,protocol,False
32487,protocol,True
32488,protocol,True
32489,protocol,True
32490,protocol,True
32491,protocol,True
32492,protocol,True
32493,protocol,True
32494,protocol,True
32495,protocol,True
32496,protocol,True
32497,protocol,True
32498,protocol,True
32499,protocol,True
32500,protocol,True
32501,protocol,True
32502,deployment,True
32503,deployment,True
32504,deployment,True
32505,deployment,True
32506,deployment,True
32507,deployment,True
32508,deployment,True
32509,deployment,True
32510,deployment,True
32511,deployment,True
32512,deployment,True
32513,deployment,False
32514,deployment,True
32515,deployment,False
32516,deployment,True
32517,deployment,False
32518,deployment,False
32519,deployment,False
32520,deployment,True
32521,deployment,True
32522,deployment,True
32523,deployment,False
32524,deployment,True
32525,deployment,False
32526,deployment,False
32527,deployment,False
32528,deployment,False
32529,deployment,True
32530,deployment,False
32531,deployment,False
32532,deployment,False
32533,deployment,True
32534,deployment,True
32535,deployment,False
32536,deployment,True
32537,deployment,False
32538,deployment,False
32539,deployment,False
32540,deployment,False
32541,deployment,True
32542,deployment,True
32543,deployment,True
32544,deployment,True
32545,deployment,True
32546,deployment,True
32547,deployment,True
32548,deployment,True
32549,deployment,True
32550,deployment,True
32551,deployment,True
32552,deployment,False
32553,deployment,True
32554,deployment,True
32555,deployment,False
32556,deployment,False
32557,deployment,True
32558,deployment,True
32559,deployment,True
32560,deployment,True
32561,deployment,True
32562,deployment,True
32563,deployment,True
32564,deployment,True
32565,deployment,True
32566,deployment,False
32567,deployment,True
32568,deployment,True
32569,deployment,True
32570,deployment,True
32571,deployment,True
32572,deployment,False
32573,deployment,True
32574,deployment,True
32575,deployment,True
32576,deployment,True
32577,deployment,True
32578,deployment,True
32579,deployment,True
32580,deployment,True
32581,deployment,True
32582,deployment,True
32583,deployment,True
32584,deployment,True
32585,deployment,False
32586,deployment,False
32587,deployment,True
32588,deployment,True
32589,deployment,False
32590,deployment,False
32591,deployment,False
32592,deployment,True
32593,deployment,True
32594,deployment,True
32595,deployment,True
32596,deployment,True
32597,deployment,True
32598,deployment,True
32599,deployment,True
32600,protocol,True
32601,protocol,True
32602,deployment,False
32603,deployment,False
32604,deployment,False
32605,deployment,True
32606,deployment,True
32607,deployment,True
32608,deployment,True
32609,deployment,False
32610,deployment,True
32611,deployment,True
32612,deployment,True
32613,deployment,True
32614,deployment,True
32615,protocol,True
32616,protocol,True
32617,deployment,True
32618,deployment,True
32619,deployment,True
32620,deployment,True
32621,protocol,False
32622,deployment,True
32623,deployment,True
32624,deployment,True
32625,deployment,True
32626,deployment,True
32627,deployment,True
32628,deployment,True
32629,deployment,True
32630,deployment,True
32631,deployment,True
32632,deployment,True
32633,deployment,True
32634,deployment,True
32635,deployment,True
32636,deployment,True
32637,deployment,True
32638,deployment,True
32639,deployment,True
32640,deployment,True
32641,deployment,True
32642,deployment,True
32643,deployment,True
32644,deployment,True
32645,deployment,True
32646,deployment,True
32647,deployment,True
32648,deployment,True
32649,deployment,True
32650,deployment,True
32651,deployment,True
32652,deployment,True
32653,deployment,True
32654,deployment,True
32655,deployment,True
32656,deployment,True
32657,deployment,True
32658,deployment,True
32659,deployment,True
32660,deployment,True
32661,deployment,True
32662,deployment,True
32663,deployment,True
32664,deployment,True
32665,deployment,True
32666,deployment,True
32667,deployment,True
32668,deployment,True
32669,deployment,True
32670,deployment,True
32671,deployment,True
32672,deployment,True
32673,deployment,True
32674,deployment,True
32675,deployment,True
32676,deployment,True
32677,deployment,True
32678,deployment,True
32679,deployment,True
32680,deployment,True
32681,deployment,True
32682,deployment,True
32683,deployment,True
32684,deployment,True
32685,deployment,True
32686,deployment,True
32687,deployment,True
32688,deployment,True
32689,deployment,True
32690,deployment,True
32691,deployment,True
32692,deployment,True
32693,deployment,True
32694,deployment,True
32695,deployment,True
32696,deployment,True
32697,deployment,True
32698,deployment,True
32699,deployment,True
32700,deployment,True
32701,deployment,True
32702,deployment,True
32703,deployment,True
32704,protocol,False
32705,protocol,True
32706,protocol,True
32707,protocol,True
32708,protocol,True
32709,protocol,True
32710,protocol,True
32711,protocol,True
32712,protocol,True
32713,protocol,True
32714,protocol,True
32715,protocol,True
32716,protocol,True
32717,protocol,True
32718,protocol,True
32719,protocol,True
32720,protocol,True
32721,protocol,True
32722,protocol,True
32723,protocol,True
32724,protocol,True
32725,protocol,True
32726,protocol,True
32727,protocol,True
32728,protocol,True
32729,protocol,True
32730,protocol,True
32731,protocol,True
32732,protocol,True
32733,protocol,True
32734,protocol,True
32735,protocol,True
32736,protocol,True
32737,protocol,True
32738,protocol,True
32739,protocol,True
32740,protocol,True
32741,protocol,True
32742,protocol,True
32743,protocol,True
32744,protocol,True
32745,protocol,True
32746,protocol,True
32747,protocol,True
32748,protocol,True
32749,protocol,True
32750,protocol,True
32751,protocol,True
32752,protocol,True
32753,protocol,True
32754,protocol,True
32755,protocol,True
32756,protocol,True
32757,protocol,True
32758,protocol,True
32759,protocol,True
32760,protocol,True
32761,protocol,True
32762,protocol,True
32763,protocol,True
32764,protocol,True
32765,protocol,True
32766,protocol,True
32767,protocol,True
32768,protocol,True
32769,protocol,True
32770,protocol,True
32771,protocol,True
32772,protocol,True
32773,protocol,True
32774,protocol,True
32775,protocol,True
32776,protocol,True
32777,protocol,True
32778,protocol,True
32779,protocol,True
32780,protocol,True
32781,protocol,True
32782,protocol,True
32783,protocol,True
32784,protocol,True
32785,protocol,True
32786,protocol,True
32787,protocol,True
32788,protocol,True
32789,protocol,True
32790,protocol,True
32791,protocol,False
32792,protocol,False
32793,protocol,False
32794,protocol,False
32795,protocol,False
32796,protocol,False
32797,protocol,False
32798,protocol,False
32799,protocol,False
32800,protocol,False
32801,protocol,False
32802,protocol,False
32803,protocol,False
32804,protocol,False
32805,protocol,False
32806,protocol,False
32807,protocol,False
32808,protocol,False
32809,protocol,False
32810,protocol,False
32811,protocol,False
32812,protocol,True
32813,deployment,False
32814,deployment,False
32815,deployment,False
32816,deployment,False
32817,principle,True
32818,principle,True
32819,principle,True
32820,principle,True
32821,principle,False
32822,deployment,False
32823,deployment,False
32824,deployment,False
32825,deployment,False
32826,deployment,False
32827,deployment,False
32828,deployment,False
32829,deployment,False
32830,principle,True
32831,principle,True
32832,deployment,False
32833,principle,True
32834,principle,True
32835,deployment,False
32836,deployment,False
32837,deployment,False
32838,deployment,False
32839,deployment,False
32840,deployment,False
32841,deployment,False
32842,deployment,False
32843,deployment,False
32844,principle,True
32845,principle,True
32846,principle,True
32847,principle,True
32848,deployment,False
32849,deployment,False
32850,deployment,False
32851,deployment,False
32852,deployment,False
32853,deployment,False
32854,deployment,False
32855,deployment,False
32856,deployment,False
32857,deployment,False
32858,deployment,False
32859,deployment,False
32860,deployment,False
32861,principle,True
32862,principle,True
32863,deployment,False
32864,deployment,False
32865,deployment,False
32866,deployment,False
32867,deployment,False
32868,deployment,False
32869,deployment,False
32870,deployment,False
32871,deployment,False
32872,deployment,False
32873,deployment,False
32874,deployment,True
32875,protocol,True
32876,deployment,True
32877,deployment,True
32878,protocol,True
32879,protocol,True
32880,deployment,True
32881,deployment,True
32882,deployment,True
32883,deployment,True
32884,deployment,False
32885,protocol,True
32886,deployment,True
32887,deployment,False
32888,deployment,True
32889,deployment,False
32890,protocol,True
32891,protocol,True
32892,deployment,False
32893,deployment,True
32894,deployment,True
32895,protocol,True
32896,protocol,True
32897,protocol,True
32898,protocol,True
32899,protocol,True
32900,protocol,True
32901,deployment,True
32902,protocol,True
32903,protocol,True
32904,protocol,True
32905,deployment,True
32906,deployment,True
32907,deployment,True
32908,deployment,False
32909,deployment,True
32910,protocol,True
32911,protocol,True
32912,protocol,True
32913,protocol,True
32914,protocol,True
32915,deployment,False
32916,deployment,True
32917,protocol,True
32918,protocol,True
32919,protocol,True
32920,protocol,True
32921,deployment,True
32922,protocol,True
32923,deployment,True
32924,protocol,True
32925,protocol,True
32926,protocol,True
32927,protocol,True
32928,protocol,True
32929,deployment,True
32930,protocol,True
32931,protocol,True
32932,protocol,True
32933,deployment,True
32934,deployment,True
32935,protocol,True
32936,protocol,True
32937,protocol,True
32938,deployment,True
32939,protocol,True
32940,protocol,True
32941,deployment,True
32942,deployment,True
32943,deployment,True
32944,deployment,True
32945,deployment,True
32946,deployment,True
32947,deployment,True
32948,deployment,False
32949,deployment,False
32950,deployment,False
32951,deployment,True
32952,deployment,True
32953,protocol,True
32954,deployment,True
32955,deployment,True
32956,deployment,True
32957,protocol,True
32958,deployment,True
32959,protocol,True
32960,protocol,True
32961,protocol,True
32962,protocol,True
32963,deployment,True
32964,protocol,True
32965,deployment,True
32966,protocol,True
32967,protocol,True
32968,deployment,True
32969,deployment,True
32970,deployment,True
32971,deployment,False
32972,deployment,False
32973,deployment,True
32974,deployment,True
32975,deployment,True
32976,protocol,True
32977,protocol,True
32978,deployment,True
32979,deployment,True
32980,deployment,True
32981,deployment,False
32982,deployment,True
32983,protocol,True
32984,deployment,True
32985,protocol,True
32986,deployment,True
32987,protocol,True
32988,deployment,True
32989,protocol,True
32990,deployment,True
32991,protocol,True
32992,deployment,True
32993,protocol,True
32994,protocol,True
32995,deployment,False
32996,deployment,True
32997,deployment,False
32998,protocol,False
32999,deployment,False
33000,protocol,False
33001,protocol,False
33002,protocol,False
33003,deployment,False
33004,deployment,False
33005,protocol,False
33006,protocol,False
33007,protocol,True
33008,deployment,True
33009,protocol,True
33010,deployment,True
33011,protocol,True
33012,protocol,True
33013,protocol,True
33014,protocol,True
33015,protocol,True
33016,protocol,False
33017,deployment,False
33018,protocol,False
33019,deployment,True
33020,protocol,True
33021,protocol,True
33022,protocol,True
33023,deployment,False
33024,deployment,True
33025,deployment,True
33026,protocol,True
33027,protocol,True
33028,protocol,True
33029,protocol,True
33030,deployment,True
33031,protocol,True
33032,protocol,True
33033,deployment,False
33034,deployment,False
33035,deployment,False
33036,deployment,True
33037,protocol,True
33038,protocol,True
33039,protocol,True
33040,protocol,False
33041,deployment,False
33042,protocol,False
33043,deployment,True
33044,deployment,True
33045,protocol,True
33046,protocol,True
33047,protocol,True
33048,protocol,True
33049,deployment,False
33050,deployment,False
33051,deployment,True
33052,deployment,True
33053,deployment,True
33054,deployment,True
33055,deployment,True
33056,protocol,False
33057,deployment,False
33058,deployment,False
33059,deployment,False
33060,protocol,True
33061,protocol,True
33062,deployment,True
33063,deployment,False
33064,deployment,False
33065,deployment,True
33066,deployment,True
33067,protocol,False
33068,deployment,True
33069,deployment,False
33070,deployment,False
33071,deployment,False
33072,deployment,False
33073,deployment,True
33074,deployment,True
33075,deployment,False
33076,deployment,True
33077,deployment,True
33078,deployment,True
33079,deployment,True
33080,deployment,True
33081,deployment,False
33082,deployment,True
33083,deployment,False
33084,deployment,True
33085,deployment,False
33086,deployment,False
33087,deployment,True
33088,deployment,True
33089,deployment,False
33090,deployment,False
33091,deployment,False
33092,deployment,False
33093,deployment,False
33094,deployment,False
33095,deployment,False
33096,deployment,False
33097,deployment,False
33098,deployment,False
33099,deployment,False
33100,deployment,False
33101,deployment,False
33102,deployment,False
33103,deployment,False
33104,deployment,False
33105,deployment,False
33106,deployment,False
33107,deployment,False
33108,deployment,False
33109,deployment,False
33110,deployment,False
33111,deployment,True
33112,deployment,True
33113,deployment,True
33114,deployment,True
33115,deployment,True
33116,deployment,True
33117,deployment,True
33118,deployment,True
33119,deployment,True
33120,deployment,True
33121,deployment,True
33122,deployment,True
33123,deployment,True
33124,deployment,False
33125,deployment,True
33126,deployment,True
33127,deployment,True
33128,deployment,True
33129,deployment,True
33130,deployment,True
33131,deployment,True
33132,deployment,True
33133,deployment,True
33134,deployment,True
33135,deployment,True
33136,deployment,True
33137,deployment,True
33138,deployment,True
33139,deployment,True
33140,deployment,True
33141,deployment,True
33142,deployment,True
33143,deployment,True
33144,deployment,True
33145,deployment,True
33146,deployment,True
33147,deployment,True
33148,deployment,True
33149,deployment,True
33150,deployment,True
33151,deployment,True
33152,deployment,True
33153,deployment,False
33154,deployment,False
33155,deployment,False
33156,deployment,False
33157,deployment,False
33158,deployment,False
33159,deployment,False
33160,deployment,False
33161,deployment,False
33162,deployment,False
33163,deployment,True
33164,deployment,False
33165,deployment,False
33166,deployment,False
33167,deployment,False
33168,deployment,False
33169,deployment,False
33170,deployment,False
33171,deployment,False
33172,deployment,False
33173,deployment,False
33174,deployment,True
33175,deployment,True
33176,deployment,True
33177,deployment,True
33178,deployment,True
33179,deployment,True
33180,deployment,True
33181,deployment,True
33182,deployment,True
33183,deployment,True
33184,deployment,True
33185,deployment,True
33186,deployment,True
33187,deployment,True
33188,deployment,True
33189,deployment,True
33190,deployment,True
33191,deployment,True
33192,deployment,True
33193,deployment,True
33194,deployment,True
33195,deployment,True
33196,deployment,True
33197,deployment,True
33198,deployment,True
33199,deployment,True
33200,deployment,True
33201,deployment,True
33202,deployment,True
33203,deployment,True
33204,deployment,True
33205,deployment,True
33206,deployment,True
33207,deployment,True
33208,deployment,True
33209,deployment,True
33210,deployment,True
33211,deployment,True
33212,deployment,True
33213,deployment,True
33214,deployment,True
33215,deployment,True
33216,deployment,False
33217,deployment,True
33218,deployment,False
33219,deployment,False
33220,deployment,False
33221,deployment,False
33222,deployment,False
33223,deployment,True
33224,deployment,True
33225,deployment,False
33226,deployment,False
33227,deployment,True
33228,deployment,True
33229,deployment,True
33230,deployment,False
33231,deployment,True
33232,deployment,False
33233,deployment,True
33234,deployment,False
33235,deployment,False
33236,deployment,False
33237,deployment,False
33238,deployment,True
33239,deployment,True
33240,deployment,True
33241,deployment,True
33242,deployment,True
33243,deployment,True
33244,deployment,False
33245,deployment,True
33246,deployment,True
33247,deployment,True
33248,deployment,False
33249,deployment,False
33250,deployment,False
33251,deployment,False
33252,deployment,False
33253,deployment,False
33254,deployment,False
33255,deployment,False
33256,deployment,False
33257,deployment,False
33258,deployment,False
33259,deployment,True
33260,deployment,False
33261,deployment,False
33262,deployment,False
33263,deployment,True
33264,deployment,True
33265,deployment,False
33266,deployment,False
33267,deployment,False
33268,deployment,False
33269,deployment,False
33270,deployment,False
33271,deployment,False
33272,deployment,False
33273,deployment,True
33274,deployment,False
33275,deployment,False
33276,deployment,False
33277,deployment,False
33278,deployment,False
33279,deployment,False
33280,deployment,False
33281,deployment,False
33282,deployment,False
33283,deployment,False
33284,deployment,False
33285,deployment,False
33286,deployment,False
33287,deployment,False
33288,deployment,False
33289,deployment,False
33290,deployment,False
33291,deployment,False
33292,deployment,False
33293,deployment,False
33294,deployment,False
33295,deployment,False
33296,deployment,False
33297,deployment,False
33298,deployment,False
33299,deployment,False
33300,deployment,True
33301,deployment,False
33302,deployment,False
33303,deployment,False
33304,deployment,False
33305,deployment,False
33306,deployment,False
33307,deployment,False
33308,deployment,False
33309,deployment,False
33310,deployment,False
33311,deployment,False
33312,deployment,False
33313,deployment,False
33314,deployment,False
33315,deployment,False
33316,deployment,False
33317,deployment,False
33318,deployment,False
33319,deployment,False
33320,deployment,False
33321,deployment,False
33322,deployment,False
33323,deployment,False
33324,deployment,False
33325,deployment,False
33326,deployment,False
33327,deployment,False
33328,deployment,False
33329,deployment,False
33330,deployment,False
33331,deployment,False
33332,deployment,False
33333,deployment,False
33334,deployment,False
33335,deployment,False
33336,protocol,True
33337,protocol,True
33338,deployment,False
33339,deployment,False
33340,protocol,True
33341,protocol,True
33342,deployment,False
33343,deployment,False
33344,protocol,False
33345,deployment,False
33346,deployment,False
33347,deployment,False
33348,deployment,False
33349,deployment,False
33350,protocol,False
33351,protocol,False
33352,protocol,False
33353,deployment,True
33354,protocol,True
33355,deployment,True
33356,deployment,False
33357,deployment,False
33358,deployment,False
33359,deployment,False
33360,protocol,False
33361,protocol,False
33362,deployment,False
33363,deployment,False
33364,deployment,True
33365,deployment,True
33366,deployment,True
33367,deployment,False
33368,deployment,False
33369,protocol,False
33370,deployment,False
33371,deployment,True
33372,deployment,False
33373,deployment,False
33374,deployment,False
33375,deployment,False
33376,deployment,False
33377,deployment,False
33378,deployment,False
33379,deployment,True
33380,deployment,True
33381,deployment,True
33382,protocol,True
33383,deployment,True
33384,deployment,True
33385,deployment,True
33386,deployment,False
33387,deployment,True
33388,deployment,True
33389,deployment,False
33390,deployment,False
33391,deployment,True
33392,deployment,True
33393,deployment,True
33394,deployment,True
33395,protocol,True
33396,protocol,True
33397,deployment,True
33398,deployment,False
33399,deployment,False
33400,deployment,True
33401,deployment,True
33402,deployment,True
33403,deployment,True
33404,protocol,True
33405,protocol,True
33406,protocol,False
33407,deployment,True
33408,protocol,False
33409,protocol,False
33410,deployment,True
33411,deployment,True
33412,protocol,True
33413,deployment,True
33414,deployment,True
33415,protocol,False
33416,protocol,True
33417,deployment,True
33418,protocol,False
33419,protocol,True
33420,deployment,True
33421,protocol,True
33422,protocol,True
33423,deployment,False
33424,deployment,True
33425,deployment,True
33426,deployment,False
33427,principle,True
33428,deployment,False
33429,deployment,False
33430,deployment,False
33431,deployment,False
33432,deployment,False
33433,principle,True
33434,protocol,False
33435,principle,True
33436,protocol,False
33437,deployment,False
33438,deployment,True
33439,deployment,True
33440,protocol,True
33441,deployment,True
33442,deployment,True
33443,protocol,True
33444,deployment,True
33445,protocol,False
33446,protocol,False
33447,deployment,False
33448,protocol,False
33449,protocol,False
33450,protocol,False
33451,protocol,False
33452,protocol,False
33453,protocol,False
33454,deployment,False
33455,deployment,False
33456,deployment,False
33457,deployment,False
33458,deployment,False
33459,deployment,False
33460,deployment,False
33461,deployment,False
33462,protocol,False
33463,protocol,False
33464,deployment,False
33465,deployment,False
33466,protocol,False
33467,protocol,False
33468,deployment,False
33469,deployment,False
33470,deployment,False
33471,deployment,False
33472,deployment,False
33473,protocol,False
33474,protocol,False
33475,deployment,False
33476,deployment,False
33477,deployment,False
33478,deployment,False
33479,protocol,False
33480,protocol,False
33481,deployment,False
33482,deployment,False
33483,deployment,False
33484,deployment,False
33485,deployment,False
33486,protocol,False
33487,protocol,False
33488,deployment,False
33489,deployment,False
33490,deployment,False
33491,deployment,False
33492,deployment,False
33493,deployment,False
33494,deployment,False
33495,deployment,False
33496,deployment,False
33497,deployment,False
33498,deployment,False
33499,protocol,False
33500,protocol,False
33501,protocol,False
33502,deployment,False
33503,protocol,False
33504,deployment,False
33505,deployment,False
33506,deployment,False
33507,protocol,False
33508,protocol,False
33509,protocol,False
33510,protocol,False
33511,protocol,False
33512,deployment,False
33513,deployment,False
33514,protocol,False
33515,protocol,False
33516,protocol,False
33517,deployment,False
33518,protocol,False
33519,protocol,False
33520,protocol,False
33521,protocol,False
33522,protocol,False
33523,protocol,False
33524,protocol,False
33525,protocol,False
33526,protocol,False
33527,deployment,False
33528,deployment,False
33529,deployment,False
33530,deployment,False
33531,protocol,False
33532,protocol,False
33533,deployment,False
33534,deployment,False
33535,deployment,False
33536,deployment,False
33537,protocol,False
33538,deployment,False
33539,deployment,False
33540,protocol,False
33541,protocol,False
33542,deployment,False
33543,deployment,False
33544,deployment,False
33545,deployment,False
33546,protocol,False
33547,protocol,False
33548,deployment,False
33549,deployment,False
33550,deployment,False
33551,deployment,False
33552,deployment,False
33553,deployment,False
33554,deployment,False
33555,deployment,False
33556,deployment,False
33557,deployment,True
33558,deployment,True
33559,protocol,True
33560,protocol,True
33561,deployment,True
33562,deployment,True
33563,protocol,True
33564,protocol,True
33565,protocol,True
33566,deployment,True
33567,deployment,True
33568,deployment,True
33569,deployment,True
33570,deployment,True
33571,deployment,True
33572,deployment,True
33573,deployment,True
33574,deployment,True
33575,protocol,True
33576,protocol,True
33577,deployment,True
33578,deployment,True
33579,deployment,True
33580,deployment,True
33581,deployment,True
33582,deployment,True
33583,deployment,True
33584,deployment,True
33585,deployment,True
33586,protocol,True
33587,protocol,True
33588,deployment,True
33589,deployment,True
33590,protocol,True
33591,protocol,True
33592,deployment,True
33593,deployment,True
33594,deployment,True
33595,deployment,True
33596,deployment,True
33597,deployment,True
33598,deployment,True
33599,protocol,True
33600,protocol,True
33601,deployment,True
33602,deployment,True
33603,protocol,True
33604,protocol,True
33605,deployment,True
33606,deployment,True
33607,deployment,True
33608,deployment,True
33609,deployment,True
33610,protocol,False
33611,deployment,True
33612,deployment,True
33613,deployment,True
33614,deployment,True
33615,deployment,True
33616,deployment,True
33617,deployment,True
33618,deployment,True
33619,deployment,True
33620,deployment,True
33621,deployment,True
33622,deployment,True
33623,deployment,True
33624,deployment,True
33625,deployment,True
33626,protocol,True
33627,protocol,True
33628,deployment,True
33629,protocol,False
33630,protocol,False
33631,protocol,False
33632,protocol,False
33633,protocol,False
33634,protocol,False
33635,protocol,False
33636,deployment,True
33637,deployment,True
33638,protocol,True
33639,protocol,True
33640,deployment,True
33641,deployment,True
33642,deployment,True
33643,deployment,True
33644,protocol,True
33645,protocol,True
33646,deployment,True
33647,deployment,True
33648,deployment,True
33649,protocol,True
33650,protocol,True
33651,protocol,True
33652,deployment,True
33653,deployment,True
33654,protocol,False
33655,protocol,False
33656,deployment,True
33657,protocol,True
33658,protocol,True
33659,deployment,True
33660,deployment,True
33661,deployment,True
33662,deployment,True
33663,protocol,True
33664,protocol,True
33665,deployment,True
33666,deployment,True
33667,protocol,True
33668,protocol,True
33669,protocol,True
33670,protocol,True
33671,deployment,False
33672,deployment,False
33673,deployment,True
33674,deployment,True
33675,deployment,True
33676,deployment,True
33677,deployment,True
33678,deployment,True
33679,deployment,True
33680,deployment,True
33681,deployment,True
33682,deployment,True
33683,deployment,True
33684,protocol,True
33685,protocol,True
33686,protocol,True
33687,protocol,True
33688,protocol,True
33689,protocol,True
33690,deployment,True
33691,deployment,True
33692,deployment,True
33693,protocol,True
33694,protocol,True
33695,protocol,True
33696,deployment,True
33697,deployment,False
33698,deployment,True
33699,deployment,True
33700,protocol,True
33701,protocol,True
33702,deployment,True
33703,deployment,True
33704,deployment,False
33705,deployment,True
33706,protocol,True
33707,protocol,True
33708,deployment,True
33709,deployment,True
33710,deployment,False
33711,protocol,True
33712,protocol,True
33713,protocol,True
33714,deployment,True
33715,protocol,True
33716,protocol,True
33717,protocol,True
33718,deployment,True
33719,protocol,True
33720,protocol,True
33721,deployment,True
33722,deployment,True
33723,protocol,True
33724,protocol,True
33725,deployment,True
33726,principle,True
33727,protocol,True
33728,protocol,True
33729,deployment,True
33730,deployment,True
33731,protocol,True
33732,protocol,True
33733,protocol,True
33734,protocol,True
33735,principle,True
33736,protocol,True
33737,protocol,True
33738,principle,True
33739,deployment,True
33740,deployment,True
33741,deployment,True
33742,deployment,True
33743,protocol,True
33744,protocol,True
33745,protocol,True
33746,protocol,True
33747,protocol,True
33748,deployment,True
33749,deployment,True
33750,deployment,True
33751,deployment,True
33752,protocol,True
33753,protocol,True
33754,protocol,True
33755,protocol,True
33756,deployment,True
33757,deployment,True
33758,deployment,True
33759,protocol,True
33760,deployment,True
33761,protocol,True
33762,deployment,True
33763,deployment,True
33764,deployment,True
33765,deployment,True
33766,protocol,True
33767,deployment,True
33768,protocol,True
33769,deployment,True
33770,deployment,True
33771,protocol,True
33772,deployment,True
33773,protocol,True
33774,deployment,True
33775,deployment,True
33776,protocol,True
33777,deployment,True
33778,deployment,True
33779,protocol,True
33780,deployment,True
33781,protocol,True
33782,protocol,True
33783,deployment,True
33784,deployment,True
33785,deployment,True
33786,deployment,True
33787,deployment,True
33788,deployment,True
33789,deployment,True
33790,deployment,True
33791,deployment,True
33792,deployment,True
33793,deployment,True
33794,deployment,True
33795,deployment,True
33796,deployment,True
33797,protocol,True
33798,protocol,False
33799,deployment,False
33800,protocol,False
33801,deployment,False
33802,deployment,False
33803,deployment,False
33804,protocol,False
33805,protocol,False
33806,deployment,False
33807,deployment,False
33808,protocol,False
33809,protocol,False
33810,deployment,False
33811,protocol,False
33812,deployment,False
33813,protocol,False
33814,deployment,False
33815,protocol,False
33816,deployment,False
33817,protocol,False
33818,protocol,False
33819,protocol,False
33820,deployment,False
33821,deployment,False
33822,deployment,False
33823,deployment,False
33824,deployment,False
33825,deployment,False
33826,deployment,False
33827,protocol,False
33828,deployment,False
33829,protocol,False
33830,protocol,False
33831,deployment,False
33832,deployment,False
33833,deployment,False
33834,protocol,False
33835,deployment,False
33836,deployment,False
33837,deployment,False
33838,deployment,False
33839,deployment,False
33840,deployment,False
33841,protocol,False
33842,deployment,False
33843,deployment,False
33844,protocol,False
33845,deployment,False
33846,deployment,False
33847,deployment,False
33848,deployment,False
33849,deployment,False
33850,deployment,False
33851,deployment,False
33852,deployment,False
33853,deployment,False
33854,deployment,False
33855,protocol,False
33856,deployment,False
33857,deployment,False
33858,deployment,False
33859,protocol,False
33860,protocol,False
33861,deployment,False
33862,deployment,False
33863,deployment,False
33864,deployment,False
33865,deployment,False
33866,deployment,False
33867,deployment,False
33868,protocol,False
33869,protocol,False
33870,deployment,False
33871,protocol,False
33872,deployment,False
33873,protocol,False
33874,protocol,False
33875,deployment,False
33876,deployment,False
33877,deployment,False
33878,deployment,False
33879,deployment,False
33880,protocol,False
33881,protocol,False
33882,deployment,False
33883,deployment,False
33884,deployment,False
33885,deployment,False
33886,protocol,False
33887,protocol,False
33888,deployment,False
33889,protocol,False
33890,protocol,False
33891,protocol,False
33892,protocol,False
33893,protocol,False
33894,protocol,False
33895,deployment,False
33896,protocol,False
33897,deployment,False
33898,deployment,False
33899,deployment,False
33900,protocol,False
33901,protocol,False
33902,protocol,False
33903,protocol,False
33904,protocol,False
33905,protocol,False
33906,protocol,False
33907,deployment,False
33908,deployment,False
33909,deployment,False
33910,deployment,False
33911,deployment,False
33912,deployment,False
33913,deployment,False
33914,deployment,False
33915,deployment,False
33916,protocol,False
33917,protocol,True
33918,deployment,False
33919,deployment,False
33920,deployment,False
33921,deployment,False
33922,deployment,False
33923,deployment,False
33924,deployment,False
33925,deployment,False
33926,deployment,False
33927,deployment,False
33928,deployment,False
33929,deployment,False
33930,deployment,False
33931,protocol,True
33932,deployment,False
33933,protocol,True
33934,deployment,False
33935,deployment,False
33936,deployment,False
33937,deployment,False
33938,deployment,False
33939,deployment,False
33940,deployment,False
33941,deployment,False
33942,deployment,False
33943,deployment,False
33944,protocol,True
33945,deployment,False
33946,deployment,False
33947,deployment,False
33948,deployment,False
33949,deployment,False
33950,deployment,False
33951,deployment,False
33952,deployment,False
33953,deployment,False
33954,deployment,False
33955,deployment,False
33956,deployment,False
33957,deployment,False
33958,deployment,False
33959,deployment,False
33960,deployment,False
33961,deployment,False
33962,deployment,False
33963,deployment,False
33964,deployment,False
33965,deployment,False
33966,protocol,True
33967,deployment,False
33968,deployment,False
33969,deployment,False
33970,deployment,False
33971,deployment,False
33972,deployment,False
33973,deployment,False
33974,deployment,False
33975,deployment,False
33976,deployment,False
33977,deployment,False
33978,deployment,False
33979,deployment,False
33980,deployment,False
33981,deployment,False
33982,deployment,False
33983,deployment,False
33984,deployment,False
33985,deployment,False
33986,deployment,False
33987,deployment,False
33988,deployment,False
33989,deployment,False
33990,deployment,False
33991,deployment,False
33992,deployment,False
33993,deployment,False
33994,deployment,False
33995,deployment,False
33996,deployment,False
33997,deployment,False
33998,deployment,False
33999,deployment,False
34000,protocol,True
34001,deployment,False
34002,protocol,True
34003,deployment,False
34004,protocol,True
34005,deployment,False
34006,protocol,True
34007,deployment,False
34008,protocol,True
34009,deployment,False
34010,deployment,False
34011,protocol,True
34012,protocol,True
34013,deployment,False
34014,deployment,False
34015,deployment,False
34016,deployment,False
34017,deployment,False
34018,deployment,False
34019,deployment,False
34020,deployment,False
34021,deployment,False
34022,deployment,False
34023,deployment,False
34024,deployment,False
34025,deployment,False
34026,deployment,False
34027,deployment,False
34028,deployment,False
34029,deployment,False
34030,deployment,False
34031,deployment,False
34032,deployment,False
34033,deployment,False
34034,deployment,False
34035,deployment,True
34036,protocol,True
34037,protocol,True
34038,deployment,False
34039,deployment,True
34040,deployment,True
34041,principle,True
34042,principle,True
34043,deployment,True
34044,deployment,False
34045,deployment,True
34046,deployment,True
34047,deployment,True
34048,deployment,True
34049,protocol,True
34050,protocol,True
34051,protocol,True
34052,protocol,True
34053,protocol,True
34054,protocol,True
34055,protocol,True
34056,protocol,True
34057,protocol,True
34058,protocol,True
34059,protocol,True
34060,protocol,True
34061,deployment,True
34062,deployment,True
34063,protocol,True
34064,protocol,True
34065,protocol,True
34066,protocol,True
34067,deployment,True
34068,deployment,True
34069,deployment,True
34070,protocol,True
34071,protocol,True
34072,protocol,True
34073,protocol,True
34074,deployment,True
34075,protocol,True
34076,protocol,True
34077,deployment,True
34078,deployment,True
34079,protocol,True
34080,protocol,True
34081,deployment,True
34082,deployment,True
34083,deployment,True
34084,protocol,True
34085,protocol,True
34086,protocol,True
34087,deployment,True
34088,deployment,True
34089,protocol,True
34090,protocol,True
34091,deployment,True
34092,deployment,True
34093,protocol,True
34094,protocol,True
34095,deployment,True
34096,deployment,True
34097,protocol,True
34098,protocol,True
34099,deployment,True
34100,deployment,True
34101,deployment,True
34102,protocol,True
34103,protocol,True
34104,deployment,False
34105,protocol,False
34106,deployment,True
34107,deployment,True
34108,protocol,True
34109,deployment,True
34110,deployment,True
34111,protocol,True
34112,protocol,True
34113,protocol,True
34114,protocol,True
34115,protocol,True
34116,deployment,True
34117,deployment,True
34118,deployment,True
34119,protocol,True
34120,protocol,True
34121,protocol,True
34122,protocol,True
34123,protocol,True
34124,protocol,True
34125,deployment,True
34126,deployment,True
34127,protocol,True
34128,protocol,True
34129,protocol,True
34130,protocol,True
34131,deployment,True
34132,protocol,True
34133,deployment,True
34134,protocol,True
34135,deployment,True
34136,deployment,True
34137,deployment,True
34138,deployment,True
34139,deployment,True
34140,deployment,True
34141,deployment,True
34142,deployment,True
34143,deployment,True
34144,protocol,True
34145,deployment,True
34146,deployment,True
34147,deployment,True
34148,deployment,False
34149,deployment,True
34150,deployment,True
34151,deployment,False
34152,deployment,True
34153,deployment,True
34154,deployment,True
34155,deployment,True
34156,deployment,True
34157,deployment,True
34158,deployment,False
34159,protocol,True
34160,protocol,True
34161,deployment,False
34162,deployment,False
34163,protocol,False
34164,protocol,False
34165,protocol,True
34166,protocol,True
34167,deployment,True
34168,deployment,True
34169,protocol,True
34170,deployment,True
34171,protocol,True
34172,protocol,True
34173,protocol,True
34174,protocol,True
34175,protocol,True
34176,protocol,True
34177,protocol,True
34178,protocol,True
34179,protocol,True
34180,deployment,False
34181,protocol,True
34182,protocol,True
34183,deployment,True
34184,protocol,True
34185,protocol,True
34186,protocol,True
34187,protocol,True
34188,deployment,True
34189,deployment,True
34190,deployment,True
34191,deployment,True
34192,deployment,True
34193,deployment,True
34194,protocol,True
34195,protocol,True
34196,protocol,True
34197,deployment,False
34198,deployment,True
34199,protocol,True
34200,protocol,True
34201,protocol,True
34202,deployment,False
34203,deployment,False
34204,deployment,True
34205,deployment,False
34206,deployment,False
34207,deployment,True
34208,deployment,True
34209,protocol,True
34210,protocol,True
34211,deployment,True
34212,deployment,True
34213,protocol,True
34214,protocol,True
34215,protocol,True
34216,protocol,True
34217,deployment,True
34218,deployment,True
34219,protocol,True
34220,protocol,True
34221,protocol,True
34222,protocol,True
34223,deployment,True
34224,deployment,True
34225,protocol,True
34226,protocol,True
34227,principle,True
34228,protocol,True
34229,principle,True
34230,deployment,True
34231,deployment,True
34232,protocol,True
34233,protocol,True
34234,deployment,True
34235,deployment,True
34236,protocol,True
34237,protocol,True
34238,protocol,True
34239,protocol,True
34240,deployment,True
34241,deployment,True
34242,protocol,True
34243,protocol,True
34244,deployment,True
34245,deployment,True
34246,protocol,False
34247,protocol,False
34248,protocol,False
34249,protocol,False
34250,deployment,False
34251,deployment,False
34252,protocol,False
34253,protocol,False
34254,deployment,False
34255,protocol,False
34256,protocol,False
34257,deployment,True
34258,deployment,False
34259,deployment,False
34260,protocol,False
34261,deployment,False
34262,protocol,False
34263,deployment,False
34264,deployment,True
34265,deployment,True
34266,deployment,True
34267,protocol,True
34268,protocol,True
34269,deployment,True
34270,protocol,True
34271,protocol,True
34272,deployment,False
34273,protocol,True
34274,protocol,True
34275,protocol,True
34276,protocol,True
34277,deployment,True
34278,deployment,True
34279,protocol,True
34280,protocol,True
34281,protocol,True
34282,protocol,True
34283,deployment,True
34284,deployment,True
34285,protocol,True
34286,protocol,True
34287,protocol,True
34288,protocol,True
34289,protocol,True
34290,protocol,True
34291,protocol,True
34292,deployment,True
34293,deployment,True
34294,protocol,True
34295,protocol,True
34296,protocol,True
34297,protocol,True
34298,deployment,True
34299,deployment,True
34300,protocol,True
34301,protocol,True
34302,protocol,True
34303,protocol,True
34304,deployment,True
34305,deployment,True
34306,protocol,True
34307,protocol,True
34308,deployment,True
34309,deployment,True
34310,protocol,True
34311,protocol,True
34312,deployment,True
34313,deployment,True
34314,protocol,True
34315,deployment,True
34316,protocol,True
34317,protocol,True
34318,protocol,True
34319,protocol,True
34320,protocol,True
34321,protocol,True
34322,protocol,True
34323,protocol,True
34324,protocol,True
34325,deployment,True
34326,deployment,True
34327,deployment,True
34328,protocol,True
34329,protocol,True
34330,protocol,True
34331,protocol,True
34332,deployment,True
34333,deployment,True
34334,protocol,True
34335,protocol,True
34336,protocol,True
34337,protocol,True
34338,deployment,True
34339,deployment,True
34340,deployment,True
34341,deployment,True
34342,deployment,True
34343,protocol,True
34344,protocol,True
34345,protocol,True
34346,protocol,True
34347,protocol,True
34348,protocol,True
34349,protocol,True
34350,protocol,True
34351,protocol,True
34352,deployment,True
34353,protocol,True
34354,protocol,True
34355,protocol,True
34356,protocol,True
34357,protocol,True
34358,protocol,True
34359,protocol,False
34360,protocol,False
34361,principle,False
34362,principle,False
34363,principle,False
34364,principle,False
34365,principle,False
34366,deployment,False
34367,deployment,False
34368,protocol,False
34369,protocol,False
34370,protocol,False
34371,protocol,False
34372,deployment,False
34373,deployment,False
34374,protocol,False
34375,protocol,False
34376,protocol,False
34377,protocol,False
34378,deployment,False
34379,deployment,False
34380,deployment,False
34381,deployment,False
34382,protocol,False
34383,protocol,False
34384,protocol,False
34385,protocol,False
34386,deployment,False
34387,deployment,False
34388,deployment,False
34389,protocol,False
34390,protocol,False
34391,protocol,False
34392,protocol,False
34393,deployment,False
34394,protocol,False
34395,protocol,False
34396,deployment,False
34397,protocol,False
34398,protocol,False
34399,protocol,False
34400,protocol,False
34401,protocol,False
34402,protocol,False
34403,deployment,False
34404,deployment,False
34405,deployment,False
34406,deployment,False
34407,deployment,False
34408,deployment,False
34409,deployment,False
34410,deployment,False
34411,protocol,False
34412,protocol,False
34413,protocol,False
34414,protocol,False
34415,protocol,False
34416,deployment,False
34417,deployment,False
34418,deployment,False
34419,deployment,False
34420,deployment,False
34421,deployment,False
34422,protocol,False
34423,protocol,False
34424,protocol,False
34425,protocol,False
34426,protocol,False
34427,protocol,False
34428,deployment,False
34429,deployment,False
34430,protocol,False
34431,protocol,False
34432,protocol,False
34433,protocol,False
34434,deployment,False
34435,deployment,False
34436,deployment,False
34437,deployment,False
34438,deployment,False
34439,deployment,False
34440,deployment,False
34441,protocol,False
34442,protocol,False
34443,deployment,False
34444,protocol,False
34445,deployment,False
34446,protocol,False
34447,protocol,False
34448,protocol,False
34449,protocol,False
34450,protocol,False
34451,protocol,False
34452,protocol,False
34453,protocol,False
34454,protocol,False
34455,deployment,False
34456,deployment,False
34457,deployment,False
34458,protocol,False
34459,protocol,False
34460,protocol,False
34461,protocol,False
34462,deployment,False
34463,deployment,False
34464,protocol,False
34465,protocol,False
34466,protocol,False
34467,protocol,False
34468,protocol,False
34469,protocol,False
34470,deployment,False
34471,protocol,False
34472,protocol,False
34473,deployment,False
34474,deployment,False
34475,deployment,False
34476,deployment,False
34477,deployment,False
34478,deployment,True
34479,deployment,True
34480,deployment,True
34481,deployment,True
34482,deployment,True
34483,deployment,True
34484,deployment,True
34485,deployment,True
34486,deployment,True
34487,deployment,True
34488,deployment,True
34489,deployment,True
34490,deployment,True
34491,deployment,True
34492,deployment,True
34493,deployment,False
34494,deployment,True
34495,deployment,True
34496,deployment,True
34497,deployment,False
34498,protocol,False
34499,deployment,True
34500,protocol,True
34501,deployment,False
34502,deployment,True
34503,deployment,False
34504,protocol,True
34505,protocol,True
34506,deployment,True
34507,deployment,True
34508,deployment,False
34509,deployment,True
34510,deployment,False
34511,deployment,False
34512,deployment,False
34513,principle,True
34514,principle,True
34515,deployment,False
34516,deployment,False
34517,principle,True
34518,principle,True
34519,principle,True
34520,principle,True
34521,deployment,False
34522,deployment,False
34523,principle,True
34524,principle,True
34525,deployment,False
34526,deployment,False
34527,deployment,False
34528,deployment,False
34529,principle,True
34530,principle,True
